band,time_s,relative_frequency_hz,linear_trend_hz,phase_fit_rms_rad
2 m,1.499998,0.3967207259091232,-1.1101608887537475,0.3368707780890251
2 m,1.749998,0.4409007658397117,-1.108831179239771,0.4877632958835555
2 m,1.9999980000000002,0.5846416997298229,-1.1075014697257943,0.7367088284599063
2 m,2.249998,0.7573971926804814,-1.1061717602118177,0.7808626922795128
2 m,2.4999979999999997,0.8705229103833574,-1.1048420506978411,0.5857588556931113
2 m,2.7499979999999997,0.9025877807829898,-1.1035123411838645,0.4745640040460088
2 m,2.9999979999999997,0.8834066161600038,-1.102182631669888,0.5126590522212136
2 m,3.2499980000000006,0.8375050665555088,-1.1008529221559114,0.5353870756647819
2 m,3.4999979999999993,0.752746004668146,-1.0995232126419348,0.4742788386115969
2 m,3.7499979999999993,0.6526849066618166,-1.0981935031279582,0.3004529773984671
2 m,3.9999979999999993,0.5836558004039807,-1.0968637936139816,0.2310677573190071
2 m,4.249998,0.557562351970641,-1.095534084100005,0.26485977414881046
2 m,4.499998000000001,0.5420447835540587,-1.0942043745860284,0.26140620786824953
2 m,4.749998,0.5113009267342647,-1.0928746650720518,0.19256987122578953
2 m,4.999998,0.5059809845019672,-1.0915449555580752,0.16974844207460948
2 m,5.249998,0.5484623003918259,-1.0902152460440986,0.25257599497532124
2 m,5.499998,0.6231291068710476,-1.088885536530121,0.31925538672521897
2 m,5.749998,0.7233874589881291,-1.0875558270161445,0.39770283081649715
2 m,5.999998,0.8346391755265392,-1.086226117502168,0.4626989662910603
2 m,6.249998,0.9489116638822299,-1.0848964079881913,0.5097585298506325
2 m,6.499998,1.0577597364315912,-1.0835666984742147,0.41948277195201145
2 m,6.749998,1.1460444683188777,-1.0822369889602381,0.3018135381178617
2 m,6.999998,1.20074957855112,-1.0809072794462615,0.17193780715109497
2 m,7.249998,1.204538818647693,-1.079577569932285,0.16106118402263456
2 m,7.499998,1.142885980472725,-1.0782478604183083,0.36163974364919865
2 m,7.749998000000001,1.0780375336840384,-1.0769181509043317,0.3902695922169378
2 m,7.999998000000001,1.0466618708942903,-1.0755884413903551,0.33043719127057286
2 m,8.249998,1.0377324493006759,-1.0742587318763785,0.3106890405008071
2 m,8.499998,1.0532310725394645,-1.072929022362401,0.34859792909872167
2 m,8.749998,1.1003754742512433,-1.0715993128484245,0.3902288595024222
2 m,8.999998,1.1787327739130786,-1.0702696033344479,0.3514237489032704
2 m,9.249998,1.2660300847754735,-1.0689398938204713,0.21572853086814456
2 m,9.499998,1.3312350660297891,-1.0676101843064947,0.24624619068145007
2 m,9.749998,1.3731358580517146,-1.066280474792518,0.26669256528484964
2 m,9.999998,1.4101022493661581,-1.0649507652785415,0.19552757896801265
2 m,10.249998,1.4061272143589898,-1.063621055764565,0.21204912900287592
2 m,10.499998,1.3518583527777048,-1.0622913462505883,0.39451500354487024
2 m,10.749998,1.2454253247865958,-1.0609616367366117,0.5705696180363298
2 m,10.999998,1.1161787417391098,-1.059631927222635,0.6042747697812626
2 m,11.249998,0.9910302221876774,-1.0583022177086585,0.4782850094845128
2 m,11.499998,0.9039661636525675,-1.056972508194682,0.32235640366569124
2 m,11.749998,0.8568940226292154,-1.0556427986807053,0.16439428970345257
2 m,11.999998,0.8611700544680865,-1.0543130891667287,0.1741586812918811
2 m,12.249998,0.9062774901472759,-1.0529833796527521,0.2370506682550866
2 m,12.499998,0.9630899478850479,-1.0516536701387755,0.22746632896348665
2 m,12.749998,0.9980163100045232,-1.050323960624798,0.17530853094185964
2 m,12.999998,1.0023125178780807,-1.0489942511108215,0.16276803252825642
2 m,13.249998,0.979558523432055,-1.0476645415968449,0.23181027790490294
2 m,13.499998,0.9486036386855483,-1.0463348320828683,0.24878464940056977
2 m,13.749998,0.9288793573274967,-1.0450051225688917,0.2072051246466844
2 m,13.999998,0.9247145831837891,-1.043675413054915,0.19387826657469698
2 m,14.249998,0.9327878381197561,-1.0423457035409385,0.2050884904577189
2 m,14.499998,0.9523904858266938,-1.0410159940269619,0.18948067371868124
2 m,14.749998,0.9706584796209095,-1.0396862845129853,0.1388572500853191
2 m,14.999998,0.9698578107550739,-1.0383565749990087,0.1386230715823909
2 m,15.249998,0.9520044121168052,-1.037026865485032,0.13790835262476486
2 m,15.499998,0.9493746967769212,-1.0356971559710555,0.13182208266434162
2 m,15.749998,0.9771595056172409,-1.034367446457078,0.21705040081660065
2 m,15.999998,1.0172666865508244,-1.0330377369431014,0.2475476946593548
2 m,16.249998,1.042224983505383,-1.0317080274291248,0.21401789765567408
2 m,16.499998,1.0415889549524087,-1.0303783179151482,0.217586365948881
2 m,16.749998,1.0223257765503,-1.0290486084011716,0.2647947128801368
2 m,16.999998,0.991678840234492,-1.027718898887195,0.27177984170578284
2 m,17.249998,0.9589190346359757,-1.0263891893732184,0.20009367661087604
2 m,17.499998,0.9351921786944786,-1.0250594798592418,0.13124238917904257
2 m,17.749998,0.9255337586372061,-1.0237297703452652,0.11733806190395778
2 m,17.999998,0.9414352731849762,-1.0224000608312886,0.11568918424157437
2 m,18.249998,0.9942374030158838,-1.021070351317312,0.2270757447882652
2 m,18.499998,1.0572385559504944,-1.0197406418033355,0.32687701834184735
2 m,18.749998,1.0855672701926045,-1.0184109322893589,0.31994081217528164
2 m,18.999998,1.07485929326221,-1.0170812227753823,0.3492674522360933
2 m,19.249997999999998,1.0322235975095886,-1.0157515132614057,0.4735475851372344
2 m,19.499997999999998,0.9342609048398423,-1.014421803747429,0.6749579169540447
2 m,19.749997999999998,0.8134206919267211,-1.0130920942334516,0.682269036904008
2 m,19.999997999999998,0.6902321665302731,-1.011762384719475,0.47993603625833353
2 m,20.249997999999998,0.5748179130880802,-1.0104326752054984,0.29248839653035313
2 m,20.499997999999994,0.5228468135571278,-1.0091029656915218,0.22948340213582055
2 m,20.749997999999994,0.5565224961195634,-1.0077732561775452,0.35071449774173924
2 m,20.999997999999994,0.6372479981202739,-1.0064435466635686,0.5137721515067116
2 m,21.249997999999994,0.724136734871121,-1.005113837149592,0.5317756718838081
2 m,21.499997999999994,0.7875149803129755,-1.0037841276356154,0.5152852850788067
2 m,21.749997999999994,0.9094183701546292,-1.0024544181216388,0.5763443638559436
2 m,21.999998,1.0425219662310585,-1.0011247086076622,0.4381912672803289
2 m,22.249998,1.0846081878859364,-0.9997949990936856,0.33687630866593643
2 m,22.499998,1.0540830114724082,-0.998465289579709,0.3777077375481948
2 m,22.749998,0.9847343476405186,-0.9971355800657324,0.5529411207831983
2 m,22.999998,0.8739662110869872,-0.995805870551755,0.7843917177661521
2 m,23.249998,0.7103825152244747,-0.9944761610377784,0.9019362878401985
2 m,23.499998,0.518143410821291,-0.9931464515238018,0.6680795526304963
2 m,23.749998,0.3994865898232014,-0.9918167420098252,0.3829092407237648
2 m,23.999997999999994,0.3271465892864729,-0.9904870324958486,0.25508566602386823
2 m,24.249997999999994,0.26031811313907127,-0.989157322981872,0.17808662701164815
2 m,24.499997999999994,0.2377242568333049,-0.9878276134678954,0.1758610328212637
2 m,24.749997999999994,0.24512034302720487,-0.9864979039539188,0.18385157586056486
2 m,24.999997999999994,0.2579979475452534,-0.9851681944399422,0.2005888023224343
2 m,25.249997999999994,0.2682053270161324,-0.9838384849259656,0.2188853275015363
2 m,25.499997999999994,0.27329811671829773,-0.982508775411989,0.22012211063339218
2 m,25.749997999999994,0.2982420695991381,-0.9811790658980124,0.17625896651935286
2 m,25.999997999999994,0.3380295703273264,-0.9798493563840358,0.13337310583829629
2 m,26.249997999999994,0.3891852045015991,-0.9785196468700592,0.289980433742817
2 m,26.499997999999994,0.46388762891279267,-0.9771899373560826,0.4606568118213159
2 m,26.749997999999994,0.5637560918991742,-0.975860227842106,0.5422117978213067
2 m,26.999997999999994,0.683068088939919,-0.9745305183281294,0.5489762218922001
2 m,27.249997999999994,0.7552646480921945,-0.9732008088141519,0.38937334225247083
2 m,27.499997999999994,0.6915068569599754,-0.9718710993001753,0.6870240596482956
2 m,27.749997999999994,0.4941901869073684,-0.9705413897861987,1.1746560427049375
2 m,27.999997999999994,0.21976674950494424,-0.9692116802722222,1.4155196237655676
2 m,28.249997999999994,-0.09027796826749146,-0.9678819707582456,1.4249236121828197
2 m,28.499997999999994,-0.41422420442061547,-0.966552261244269,1.2595407938306393
2 m,28.749997999999994,-0.689957141930762,-0.9652225517302924,0.8049940022109559
2 m,28.999997999999994,-0.8561800658312899,-0.9638928422163158,0.4048965654294045
2 m,29.249998,-0.9178402229374214,-0.9625631327023392,0.25810087212996646
2 m,29.499998,-0.9114312763873302,-0.9612334231883626,0.28650837994170353
2 m,29.749998,-0.8717196617280658,-0.959903713674386,0.39016190306671583
2 m,29.999998,-0.8245401504149354,-0.9585740041604094,0.37663834789063244
2 m,30.249998,-0.7960187832061356,-0.9572442946464319,0.28870151093405133
2 m,30.499998,-0.8230522384820826,-0.9559145851324553,0.36788874215203254
2 m,30.749998,-0.8772976319631054,-0.9545848756184787,0.4512124861877508
2 m,30.999998,-0.9513006034713838,-0.9532551661045021,0.44334078825021667
2 m,31.249998,-1.0246038799300647,-0.9519254565905255,0.2768938884727292
2 m,31.499998,-1.0565930491526343,-0.9505957470765489,0.13008031516766563
2 m,31.749998,-1.05036893957874,-0.9492660375625723,0.13423281452762187
2 m,31.999998,-1.0430278689222137,-0.9479363280485957,0.11929925610148326
2 m,32.249998,-1.04839259340676,-0.9466066185346191,0.1368010334275369
2 m,32.499998,-1.0648018001046884,-0.9452769090206425,0.16027038613252004
2 m,32.749998,-1.0957820944580376,-0.943947199506666,0.17920154941794428
2 m,32.999998,-1.121927640668428,-0.9426174899926894,0.1362139836399417
2 m,33.249998,-1.1216330238227075,-0.9412877804787128,0.1368954433887439
2 m,33.499998,-1.1086184705760047,-0.9399580709647362,0.15504241778708241
2 m,33.749998,-1.1084096064824447,-0.9386283614507596,0.16176158274554447
2 m,33.999998,-1.1425054224913485,-0.937298651936783,0.27680960571367874
2 m,34.249998,-1.2061076497746548,-0.9359689424228055,0.39468495827282607
2 m,34.499998,-1.2764536443822054,-0.9346392329088289,0.44399868770278383
2 m,34.749998,-1.3719108471916375,-0.9333095233948523,0.4165086165540077
2 m,34.999998,-1.4690324047278303,-0.9319798138808757,0.2854950336861306
2 m,35.249998,-1.5362507887436907,-0.9306501043668991,0.17955118886478552
2 m,35.499998,-1.5570603390670374,-0.9293203948529225,0.12747184277482324
2 m,35.749998,-1.5295023993324017,-0.9279906853389459,0.22905652417260566
2 m,35.999998,-1.4875489121523593,-0.9266609758249693,0.3029901275131733
2 m,36.249998,-1.461899318624556,-0.9253312663109927,0.3005075208890742
2 m,36.499998,-1.4676709143021203,-0.9240015567970161,0.3286238197936982
2 m,36.749998,-1.505630812267718,-0.9226718472830395,0.4297024672314985
2 m,36.999998,-1.5236657276454606,-0.9213421377690629,0.42955360629969486
2 m,37.249998,-1.5422684538621807,-0.9200124282550854,0.39262408288132594
2 m,37.499998,-1.5769936289367505,-0.9186827187411089,0.3339537627816966
2 m,37.749998,-1.6280362034596179,-0.9173530092271323,0.3966459143947783
2 m,37.999998,-1.7051323587815856,-0.9160232997131557,0.6002643085069052
2 m,38.249998,-1.787984998426186,-0.9146935901991791,0.7304912192184623
2 m,38.499998,-1.840498415066505,-0.9133638806852025,0.6826526126651323
2 m,38.749998,-1.8474247674323703,-0.9120341711712259,0.662829037980058
2 m,38.999998,-1.7714472623744353,-0.9107044616572493,0.8482096903677424
2 m,39.249998,-1.6528625863007562,-0.9093747521432727,0.8743947597839894
2 m,39.499998,-1.5591170938690038,-0.9080450426292961,0.6833350528937587
2 m,39.749998,-1.5552927065139608,-0.9067153331153195,0.6713990692748963
2 m,39.999998,-1.6671074274316968,-0.9053856236013429,0.9236244083129252
2 m,40.249998,-1.8750071661571965,-0.9040559140873663,0.9987557614772493
2 m,40.499998,-2.083813620172304,-0.9027262045733897,0.7989157242320968
2 m,40.749998,-2.260497474671375,-0.9013964950594131,0.5329847636704277
2 m,40.999998,-2.364538635774002,-0.9000667855454365,0.268914516074746
2 m,41.249998,-2.37388709067251,-0.8987370760314599,0.2252385829196883
2 m,41.499998,-2.319916249900264,-0.8974073665174824,0.36837259529275135
2 m,41.749998,-2.2439144826928485,-0.8960776570035058,0.441331140776258
2 m,41.999998,-2.175762697769498,-0.8947479474895292,0.3939999401700185
2 m,42.249998,-2.124965669166473,-0.8934182379755526,0.3188632214330034
2 m,42.499998,-2.0478082017023196,-0.892088528461576,0.23793126840909476
2 m,42.749998,-1.9545815652638483,-0.8907588189475995,0.4109532315732813
2 m,42.999998,-1.867997616504467,-0.8894291094336229,0.5573645337910685
2 m,43.249998000000005,-1.765675306286358,-0.8880993999196463,0.6203147497633861
2 m,43.499998000000005,-1.6605479144676938,-0.8867696904056697,0.5493822842183632
2 m,43.749998000000005,-1.6352642435810445,-0.8854399808916931,0.4799200838988882
2 m,43.999998000000005,-1.7333594511384174,-0.8841102713777165,0.8313241890772838
2 m,44.249998000000005,-1.9268615348968616,-0.8827805618637399,1.0759832367416389
2 m,44.499998000000005,-2.1666101950644583,-0.8814508523497624,1.0951673814903171
2 m,44.749998000000005,-2.3881959741859866,-0.8801211428357858,0.9415673471789892
2 m,44.999998000000005,-2.5397186722515044,-0.8787914333218092,0.5979126797961452
2 m,45.249998000000005,-2.6207077262803993,-0.8774617238078326,0.24719195444477196
2 m,45.499998000000005,-2.625959803390483,-0.876132014293856,0.2169003252628803
2 m,45.749998000000005,-2.624563730117832,-0.8748023047798794,0.21593969661530035
2 m,45.999998000000005,-2.6446363084505418,-0.8734725952659028,0.25708436086598835
2 m,46.249998,-2.6598656494708837,-0.8721428857519262,0.27340889831231013
2 m,46.499998,-2.6533792531606273,-0.8708131762379496,0.2929311534878815
2 m,46.749998,-2.614408028105609,-0.869483466723973,0.4471320714850638
2 m,46.999998,-2.5041889082234983,-0.8681537572099964,0.6718058609846123
2 m,47.249998,-2.3521200299142446,-0.8668240476960198,0.7448975398115624
2 m,47.499998,-2.158796733132717,-0.8654943381820432,0.7601168245140464
2 m,47.749998,-1.9836869228542104,-0.8641646286680666,0.6293599334694674
2 m,47.999998,-1.8963454470691836,-0.86283491915409,0.39585850951915347
2 m,48.249998,-1.904044072083658,-0.8615052096401135,0.41970860588964787
2 m,48.499998,-1.972676057873982,-0.860175500126136,0.5620253667239737
2 m,48.749998,-2.074191462586458,-0.8588457906121594,0.6348121563981515
2 m,48.999998,-2.20057246419659,-0.8575160810981828,0.6270898610197448
2 m,49.249998,-2.3428048774879042,-0.8561863715842062,0.4292927238179037
2 m,49.499998,-2.4403807322671374,-0.8548566620702296,0.21084866575138395
2 m,49.749998,-2.4833192469323357,-0.853526952556253,0.17670820787450642
2 m,49.999998,-2.5136956639082073,-0.8521972430422764,0.15314311766928926
2 m,50.249998,-2.5277737960345785,-0.8508675335282998,0.1105894660720278
2 m,50.499998,-2.4720019215395856,-0.8495378240143232,0.39445476225941695
2 m,50.749998,-2.3092792673014557,-0.8482081145003466,0.8259715922942853
2 m,50.999998,-2.0776889530867706,-0.84687840498637,1.1345299207341721
2 m,51.249998,-1.8632425986773145,-0.8455486954723934,1.107548769071246
2 m,51.499998,-1.707904074233043,-0.8442189859584168,0.8570526348251484
2 m,51.749998,-1.606412749485183,-0.8428892764444393,0.5741656381079602
2 m,51.999998,-1.6027068213029736,-0.8415595669304627,0.5585894492582562
2 m,52.249998,-1.759801228660467,-0.8402298574164861,0.8982137702194424
2 m,52.499998,-2.045306515874734,-0.8389001479025096,1.1612402532508348
2 m,52.749998,-2.3331494309865635,-0.837570438388533,1.1659780145925298
2 m,52.999998,-2.556426914216589,-0.8362407288745564,1.0636900840709311
2 m,53.249998,-2.7293902978651885,-0.8349110193605798,0.8411357842118522
2 m,53.499998,-2.8525701001693027,-0.8335813098466032,0.4711400290082348
2 m,53.749998,-2.8784350725885854,-0.8322516003326266,0.3524066493913773
2 m,53.999998,-2.8059183369550973,-0.83092189081865,0.4024967290407962
2 m,54.249998,-2.7047991436992453,-0.8295921813046734,0.30235825700488494
2 m,54.499998,-2.657428760763067,-0.8282624717906968,0.20545808722773468
2 m,54.749998,-2.659364683580691,-0.8269327622767202,0.21450568684207727
2 m,54.999998,-2.678789596426217,-0.8256030527627436,0.25715449203166857
2 m,55.249998,-2.696076517408787,-0.824273343248767,0.2538508878010399
2 m,55.499998,-2.716619968044712,-0.8229436337347904,0.22393721770445468
2 m,55.749998,-2.7355511439555866,-0.8216139242208129,0.18123835174767364
2 m,55.999998,-2.740422210922002,-0.8202842147068363,0.16938277160220963
2 m,56.249998,-2.7237482221896965,-0.8189545051928597,0.1423138376311225
2 m,56.499998,-2.704628646585419,-0.8176247956788831,0.08411581779954976
2 m,56.749998,-2.6925603730564553,-0.8162950861649065,0.09885634724087392
2 m,56.999998,-2.683355106022922,-0.8149653766509299,0.1275890565890901
2 m,57.249998,-2.638164020223245,-0.8136356671369533,0.2449248062379447
2 m,57.499998,-2.541545400010349,-0.8123059576229767,0.4513512462138868
2 m,57.749998000000005,-2.4164664023078735,-0.8109762481090002,0.5762940182503692
2 m,57.999998000000005,-2.3064598017800724,-0.8096465385950236,0.5262477385117365
2 m,58.249998000000005,-2.246611536374193,-0.808316829081047,0.4015136709502472
2 m,58.499998000000005,-2.2612702230846113,-0.8069871195670704,0.4552391757109591
2 m,58.749998000000005,-2.317068028342658,-0.8056574100530938,0.5784380283732821
2 m,58.999998000000005,-2.4173986617038503,-0.8043277005391163,0.618633983903205
2 m,59.249998000000005,-2.549833642434446,-0.8029979910251397,0.5009034153286396
2 m,59.499998000000005,-2.655508476849737,-0.8016682815111631,0.2867866857858948
2 m,59.749998000000005,-2.7173507995781185,-0.8003385719971865,0.1489162171268448
2 m,59.999998000000005,-2.7379131453215853,-0.7990088624832099,0.09649817128258434
2 m,60.249998000000005,-2.7178579907489446,-0.7976791529692333,0.15123680267661418
2 m,60.499998000000005,-2.6946338973985076,-0.7963494434552567,0.20898912520208218
2 m,60.749998000000005,-2.6809723144236597,-0.7950197339412801,0.2039901118651153
2 m,60.999998000000005,-2.676760533442047,-0.7936900244273035,0.19318045942692225
2 m,61.249998000000005,-2.6753600008690506,-0.7923603149133269,0.19758359610860507
2 m,61.499998000000005,-2.658251192247733,-0.7910306053993503,0.21012105445163323
2 m,61.749998000000005,-2.6463072538971355,-0.7897008958853737,0.22925787740229683
2 m,61.999998000000005,-2.6365290797414316,-0.7883711863713971,0.24738260465735915
2 m,62.249998000000005,-2.6086700607215425,-0.7870414768574205,0.25617483812246816
2 m,62.499998000000005,-2.556103609310245,-0.785711767343444,0.19750721229179613
2 m,62.749998000000005,-2.4823187022591733,-0.7843820578294665,0.2460947961274353
2 m,62.999998000000005,-2.394210347075014,-0.7830523483154899,0.42531755410657823
2 m,63.249998000000005,-2.2994355952530703,-0.7817226388015133,0.5366185908666513
2 m,63.499998000000005,-2.214474259956975,-0.7803929292875367,0.4749634384210787
2 m,63.749998,-2.1486119054459563,-0.7790632197735601,0.345883079651945
2 m,63.999998,-2.109324335562823,-0.7777335102595835,0.2300447090174691
2 m,64.24999799999999,-2.1191091952318217,-0.7764038007456069,0.25165630363792435
2 m,64.49999799999999,-2.1820308617389212,-0.7750740912316303,0.3014233107735897
2 m,64.74999799999999,-2.271774660743713,-0.7737443817176537,0.30998193158188814
2 m,64.99999799999999,-2.3488997060087113,-0.7724146722036771,0.3046294990292086
2 m,65.24999799999999,-2.3912157517035086,-0.7710849626897005,0.27549314072580966
2 m,65.49999799999999,-2.407735419084718,-0.7697552531757239,0.2319302427627637
2 m,65.74999799999999,-2.3904603260443618,-0.7684255436617473,0.28772751484438314
2 m,65.99999799999999,-2.3346340434566866,-0.7670958341477707,0.37421087893259963
2 m,66.24999799999999,-2.2179228075319832,-0.7657661246337941,0.5235231521744909
2 m,66.49999799999999,-2.0694697253480987,-0.7644364151198166,0.5895144390176423
2 m,66.74999799999999,-1.9085877725617602,-0.76310670560584,0.6290677298431807
2 m,66.99999799999999,-1.7603862723672128,-0.7617769960918634,0.6218560836803342
2 m,67.24999799999999,-1.6497707874706498,-0.7604472865778868,0.496507888719447
2 m,67.49999799999999,-1.5826221387712716,-0.7591175770639103,0.31721507626336115
2 m,67.74999799999999,-1.549769768863956,-0.7577878675499337,0.1867782734299295
2 m,67.99999799999999,-1.561456507960827,-0.7564581580359571,0.18661460630856294
2 m,68.24999799999999,-1.5583724538309829,-0.7551284485219805,0.20193143799411573
2 m,68.49999799999999,-1.5247083094270648,-0.7537987390080039,0.32681732210614906
2 m,68.74999799999999,-1.4650555144790518,-0.7524690294940273,0.4176203062052539
2 m,68.99999799999999,-1.403669207417039,-0.7511393199800507,0.35795397831105047
2 m,69.24999799999999,-1.3946608362763744,-0.7498096104660741,0.33736862223343544
2 m,69.49999799999999,-1.467550775165174,-0.7484799009520975,0.5800992984119334
2 m,69.74999799999999,-1.5966514397753828,-0.7471501914381209,0.7875671646958013
2 m,69.99999799999999,-1.7767485750388579,-0.7458204819241443,0.8565831146322767
2 m,70.24999799999999,-1.9801280157511565,-0.7444907724101668,0.7562706209090244
2 m,70.49999799999999,-2.1673275195718595,-0.7431610628961902,0.6083780494842843
2 m,70.74999799999999,-2.307729227243947,-0.7418313533822136,0.4367254706349237
2 m,70.99999799999999,-2.383435205722919,-0.740501643868237,0.28187608745502146
2 m,71.24999799999999,-2.4095990632900244,-0.7391719343542604,0.20775053562902818
2 m,71.49999799999999,-2.4021898893993154,-0.7378422248402838,0.23470523898978124
2 m,71.74999799999999,-2.3510190954532524,-0.7365125153263072,0.3332903412452372
2 m,71.99999799999999,-2.2716127385091975,-0.7351828058123306,0.36563673660014934
2 m,72.24999799999999,-2.184993484093269,-0.733853096298354,0.30479269688278404
2 m,72.49999799999999,-2.1006285592665375,-0.7325233867843775,0.28023645123326907
2 m,72.74999799999999,-2.0165408642459886,-0.7311936772704009,0.32151726320660096
2 m,72.99999799999999,-1.9499303557081076,-0.7298639677564243,0.27571888534623634
2 m,73.24999799999999,-1.925197810393911,-0.7285342582424477,0.21257026813620533
2 m,73.49999799999999,-1.9500638723423105,-0.7272045487284711,0.3067733129399844
2 m,73.74999799999999,-2.013384622577804,-0.7258748392144936,0.4475102240973298
2 m,73.99999799999999,-2.074375396019306,-0.724545129700517,0.4523052683339484
2 m,74.24999799999999,-2.133050811476589,-0.7232154201865404,0.35015512395784587
2 m,74.49999799999999,-2.1569888084243853,-0.7218857106725638,0.2672080810070531
2 m,74.74999799999999,-2.0918157955037646,-0.7205560011585872,0.4881730373868995
2 m,74.99999799999999,-1.9297619106384625,-0.7192262916446106,0.7907500178512884
2 m,75.24999799999999,-1.766159155825302,-0.717896582130634,0.7760061434623127
2 m,75.49999799999999,-1.6818985020190054,-0.7165668726166574,0.585233927101877
2 m,75.74999799999999,-1.6848856691069063,-0.7152371631026808,0.5924319600666461
2 m,75.99999799999999,-1.7210192957903958,-0.7139074535887042,0.6607424586011925
2 m,76.24999799999999,-1.7880730953469888,-0.7125777440747276,0.6771234914536188
2 m,76.49999799999999,-1.904036789029278,-0.711248034560751,0.5596683284581573
2 m,76.74999799999999,-2.035640238883351,-0.7099183250467744,0.3258122671701832
2 m,76.99999799999999,-2.1043723544289055,-0.7085886155327978,0.2844367058435269
2 m,77.24999799999999,-2.12076373342335,-0.7072589060188212,0.299044202567296
2 m,77.49999799999999,-2.1204727930803884,-0.7059291965048438,0.30424057022459
2 m,77.74999799999999,-2.0846578235203923,-0.7045994869908672,0.43704436616946024
2 m,77.99999799999999,-1.9934861390954994,-0.7032697774768906,0.6487604240826034
2 m,78.24999799999999,-1.8488933302436292,-0.701940067962914,0.7243610828423813
2 m,78.49999799999999,-1.6953234204066145,-0.7006103584489374,0.5990668830587732
2 m,78.74999799999999,-1.5806354289042037,-0.6992806489349608,0.3887181432405628
2 m,78.99999799999999,-1.5266961945433675,-0.6979509394209842,0.1915147411738548
2 m,79.24999799999999,-1.5077614705053302,-0.6966212299070076,0.1298628077263372
2 m,79.49999799999999,-1.464958975772368,-0.695291520393031,0.3179214894930784
2 m,79.74999799999999,-1.290432100328121,-0.6939618108790544,0.993263372712115
2 m,79.99999799999999,-0.9979716662761522,-0.6926321013650778,1.5569197546489695
2 m,80.24999799999999,-0.7682643610148929,-0.6913023918511012,1.4950743853266735
2 m,80.49999799999999,-0.6789164376188808,-0.6899726823371246,1.2973336193346428
2 m,80.74999799999999,-0.7391627735048605,-0.6886429728231471,1.4906495448134829
2 m,80.99999799999999,-0.9478722366903991,-0.6873132633091705,1.873110311137759
2 m,81.24999799999999,-1.2403124876251042,-0.6859835537951939,1.8667190497569885
2 m,81.49999799999999,-1.5692877881102039,-0.6846538442812173,1.2915321359590985
2 m,81.74999799999999,-1.8396673818258646,-0.6833241347672407,0.4986180460872674
2 m,81.99999799999999,-1.9775581938788145,-0.6819944252532641,0.4630756142180314
2 m,82.24999799999999,-2.067744978753054,-0.6806647157392876,0.6009314873420575
2 m,82.49999799999999,-2.128242406442846,-0.679335006225311,0.6008803888277457
2 m,82.74999799999999,-2.1634595177139415,-0.6780052967113344,0.5372094826784138
2 m,82.99999799999999,-2.187452328249943,-0.6766755871973578,0.46450401407532377
2 m,83.24999799999999,-2.1668881241982474,-0.6753458776833812,0.4795054577784382
2 m,83.49999799999999,-2.0910976901237293,-0.6740161681694046,0.4135309093596982
2 m,83.74999799999999,-2.0117137120115016,-0.672686458655428,0.23243608205811114
2 m,83.99999799999999,-1.970850342357533,-0.6713567491414514,0.11395386401217504
2 m,84.24999799999999,-1.969262686108145,-0.6700270396274748,0.10756227819141007
2 m,84.49999799999999,-1.9694666043377538,-0.6686973301134982,0.10645228841759516
2 m,84.74999799999999,-1.9530746986047243,-0.6673676205995207,0.09437493082213108
2 m,84.99999799999999,-1.9327100305109255,-0.6660379110855441,0.04392784807277314
2 m,85.24999799999999,-1.8671543257421153,-0.6647082015715675,0.3693205665290355
2 m,85.49999799999999,-1.6962918820796737,-0.6633784920575909,0.891668382465626
2 m,85.74999799999999,-1.459993306810687,-0.6620487825436143,1.21302654759888
2 m,85.99999799999999,-1.2494095643591656,-0.6607190730296377,1.163433577803526
2 m,86.24999799999999,-1.1422639956507998,-0.6593893635156611,0.9376816548397272
2 m,86.49999799999999,-1.1703687653217125,-0.6580596540016845,1.0398357961062759
2 m,86.74999799999999,-1.3284604980896546,-0.6567299444877079,1.4042387015878985
2 m,86.99999799999999,-1.6050524451479626,-0.6554002349737313,1.5246794425406576
2 m,87.24999799999999,-1.9290882017136033,-0.6540705254597547,1.2042896067856226
2 m,87.49999799999999,-2.1819064639143466,-0.6527408159457782,0.6998222201651874
2 m,87.74999799999999,-2.291369007237968,-0.6514111064318016,0.28642888467044075
2 m,87.99999799999999,-2.26405010597281,-0.6500813969178241,0.39396309503720467
2 m,88.24999799999999,-2.1577235108253543,-0.6487516874038475,0.6082472142644658
2 m,88.49999799999999,-2.013530654608397,-0.6474219778898709,0.736661647727808
2 m,88.74999799999999,-1.8493560299274199,-0.6460922683758943,0.7510569582566838
2 m,88.99999799999999,-1.6922951966388835,-0.6447625588619177,0.5859279747006281
2 m,89.24999799999999,-1.5383334430522204,-0.6434328493479411,0.43295722997051234
2 m,89.49999799999999,-1.370430935057847,-0.6421031398339645,0.6172808764682824
2 m,89.74999799999999,-1.1922214472920762,-0.6407734303199879,0.8174266813598432
2 m,89.99999799999999,-1.032035802400932,-0.6394437208060113,0.8020205052587713
2 m,90.24999799999999,-0.9564316865495472,-0.6381140112920347,0.6532833633375362
2 m,90.49999799999999,-0.9873814807697201,-0.6367843017780581,0.7666334268014044
2 m,90.74999799999999,-1.1233536428221118,-0.6354545922640815,1.1219486399480214
2 m,90.99999799999999,-1.3797276344521947,-0.6341248827501049,1.381614035136304
2 m,91.24999799999999,-1.6936398442624396,-0.6327951732361283,1.2720008130464266
2 m,91.49999799999999,-1.9447200782116143,-0.6314654637221517,0.8718404657036555
2 m,91.74999799999999,-2.0626517115881295,-0.6301357542081742,0.45998706751139407
2 m,91.99999799999999,-2.038747802135946,-0.6288060446941977,0.5418768082887456
2 m,92.24999799999999,-1.9279834992602645,-0.6274763351802211,0.7501203128611825
2 m,92.49999799999999,-1.7828228317418962,-0.6261466256662445,0.7778753151217543
2 m,92.74999799999999,-1.6368463879863917,-0.6248169161522679,0.590345084988495
2 m,92.99999799999999,-1.5231640626458347,-0.6234872066382913,0.3139336604024687
2 m,93.24999799999999,-1.4673046785346324,-0.6221574971243147,0.10353415717062961
2 m,93.49999799999999,-1.45374925422185,-0.6208277876103381,0.07056024156789521
2 m,93.74999799999999,-1.4366016497833094,-0.6194980780963615,0.14217875244772724
2 m,93.99999799999999,-1.4029203724077934,-0.6181683685823849,0.21511940933978888
2 m,94.24999799999999,-1.3699538674791594,-0.6168386590684083,0.19642931072817496
2 m,94.49999799999999,-1.3640794475396074,-0.6155089495544317,0.18134436665022002
2 m,94.74999799999999,-1.393121718561357,-0.6141792400404551,0.2670357298931046
2 m,94.99999799999999,-1.4211860826131044,-0.6128495305264785,0.29568224342507166
2 m,95.24999799999999,-1.4539187784627527,-0.611519821012501,0.27993553007439903
2 m,95.49999799999999,-1.521165777563735,-0.6101901114985244,0.24902800043450274
2 m,95.74999799999999,-1.578709100301059,-0.6088604019845478,0.20376946758470219
2 m,95.99999799999999,-1.6022343597947275,-0.6075306924705712,0.18609616022962194
2 m,96.24999799999999,-1.5476546644665934,-0.6062009829565946,0.4073431381965661
2 m,96.49999799999999,-1.3973586195660497,-0.604871273442618,0.8343454696434166
2 m,96.74999799999999,-1.260768023391842,-0.6035415639286414,0.9606260299364008
2 m,96.99999799999999,-1.1823907149048134,-0.6022118544146648,0.8684499818684402
2 m,97.24999799999999,-1.154348088430309,-0.6008821449006883,0.7874645099880996
2 m,97.49999799999999,-1.1895053880436457,-0.5995524353867117,0.8582542852713253
2 m,97.74999799999999,-1.2626566622803992,-0.5982227258727351,0.8816194848214355
2 m,97.99999799999999,-1.369914344087535,-0.5968930163587585,0.6964240109981177
2 m,98.24999799999999,-1.4604397628942394,-0.5955633068447819,0.3646178933447789
2 m,98.49999799999999,-1.4449125983184379,-0.5942335973308053,0.3520117290631067
2 m,98.74999799999999,-1.3735571139863954,-0.5929038878168287,0.2611248423233865
2 m,98.99999799999999,-1.2899997635846434,-0.5915741783028512,0.24252286669536602
2 m,99.24999799999999,-1.2362379641197148,-0.5902444687888746,0.2580924720128665
2 m,99.49999799999999,-1.2117859813772727,-0.588914759274898,0.254874468814278
2 m,99.74999799999999,-1.2111275087545899,-0.5875850497609214,0.25622004486044514
2 m,99.99999799999999,-1.1939172243126244,-0.5862553402469448,0.2513791742245954
2 m,100.24999799999999,-1.1273082153047023,-0.5849256307329682,0.4102796670312513
2 m,100.49999799999999,-1.0432112864572227,-0.5835959212189916,0.5775980549415034
2 m,100.74999799999999,-0.9746192208962459,-0.582266211705015,0.6407004899009613
2 m,100.99999799999999,-0.9240351778545994,-0.5809365021910384,0.5747111984285852
2 m,101.24999799999999,-0.9101743288194353,-0.5796067926770618,0.5356908212972065
2 m,101.49999799999999,-0.9443549116203105,-0.5782770831630852,0.622337416759682
2 m,101.74999799999999,-1.0484955229174,-0.5769473736491086,0.6683395256780036
2 m,101.99999799999999,-1.1712323092660668,-0.575617664135132,0.43757417503180107
2 m,102.24999800000002,-1.2262620575601257,-0.5742879546211546,0.2193029874458886
2 m,102.49999800000002,-1.2074973647122436,-0.572958245107178,0.2827809209076998
2 m,102.74999800000002,-1.129928702249086,-0.5716285355932014,0.3912891100619992
2 m,102.99999800000002,-1.0283270718086452,-0.5702988260792248,0.44832850143769915
2 m,103.24999800000002,-0.9120033370944931,-0.5689691165652482,0.4683572302675693
2 m,103.49999800000002,-0.7973435118313175,-0.5676394070512716,0.4099064748369878
2 m,103.74999800000002,-0.7246893824995366,-0.566309697537295,0.2860320864647598
2 m,103.99999800000002,-0.7080810350261011,-0.5649799880233184,0.22917486417448854
2 m,104.24999800000002,-0.7386742847296093,-0.5636502785093418,0.32696927094728095
2 m,104.49999800000002,-0.8008802348426673,-0.5623205689953652,0.4075149694934565
2 m,104.74999800000002,-0.8776715349562849,-0.5609908594813886,0.39896173276882835
2 m,104.99999800000002,-0.9549114394900426,-0.559661149967412,0.28621710461817945
2 m,105.24999800000002,-1.00821780731245,-0.5583314404534354,0.12068819956834843
2 m,105.49999800000002,-1.0256569857288858,-0.5570017309394579,0.029057111964537335
2 m,105.74999800000002,-1.026015100644904,-0.5556720214254813,0.027432230970037032
2 m,105.99999800000002,-1.0295477412282121,-0.5543423119115047,0.04217879568342598
2 m,106.24999800000002,-1.0353270141816413,-0.5530126023975281,0.046818538895536874
2 m,106.49999800000002,-1.0327617741051887,-0.5516828928835515,0.056076297917845824
2 m,106.74999800000002,-1.0153103383143716,-0.550353183369575,0.11722871943857084
2 m,106.99999800000002,-0.9767370439390488,-0.5490234738555984,0.21922141664451275
2 m,107.24999800000002,-0.9147068046383264,-0.5476937643416218,0.3182018178056737
2 m,107.49999800000002,-0.8287859912972442,-0.5463640548276452,0.38097025326202894
2 m,107.74999800000002,-0.7380270670127613,-0.5450343453136686,0.36345292295527193
2 m,107.99999800000002,-0.6587044573553174,-0.543704635799692,0.29704703332773874
2 m,108.24999800000002,-0.5908728264497967,-0.5423749262857154,0.22260991415596512
2 m,108.49999800000002,-0.5548269391717691,-0.5410452167717388,0.12470285379801149
2 m,108.74999800000002,-0.5676296712211562,-0.5397155072577622,0.1843971097216437
2 m,108.99999800000002,-0.6181259104467038,-0.5383857977437847,0.3088283047429955
2 m,109.24999800000002,-0.6873425897958638,-0.5370560882298081,0.3604933784490202
2 m,109.49999800000002,-0.754489310078057,-0.5357263787158315,0.34128211789517404
2 m,109.74999800000002,-0.7891613714029173,-0.5343966692018549,0.2641508240543025
2 m,109.99999800000002,-0.7700935822381734,-0.5330669596878783,0.3441357345685691
2 m,110.24999800000002,-0.7121676748775387,-0.5317372501739017,0.43370979139149485
2 m,110.49999800000002,-0.6584973931311726,-0.5304075406599251,0.37948604440391914
2 m,110.74999800000002,-0.6398545960963906,-0.5290778311459485,0.32605790021369996
2 m,110.99999800000002,-0.6388764631508597,-0.5277481216319719,0.32272565268495124
2 m,111.24999800000002,-0.6601122985768111,-0.5264184121179953,0.340283822437816
2 m,111.49999800000002,-0.7241062340654567,-0.5250887026040187,0.31992229691085483
2 m,111.74999800000002,-0.7968416921849881,-0.5237589930900421,0.20199117294711005
2 m,111.99999800000002,-0.8380294403454487,-0.5224292835760656,0.1543700377046056
2 m,112.24999800000002,-0.8470490519452758,-0.521099574062089,0.17124123522917495
2 m,112.49999800000002,-0.7987981625594003,-0.5197698645481124,0.32839619772459216
2 m,112.74999800000002,-0.7455184385696745,-0.5184401550341349,0.44651865076746633
2 m,112.99999800000002,-0.6687423096687395,-0.5171104455201583,0.5096966843429434
2 m,113.24999800000002,-0.5690672504570218,-0.5157807360061817,0.46190932810888125
2 m,113.49999799999999,-0.47588158652526236,-0.5144510264922051,0.35491926343755903
2 m,113.74999799999999,-0.3975281518171405,-0.5131213169782285,0.22984980253928902
2 m,113.99999799999999,-0.3626660739936325,-0.5117916074642519,0.125071665420991
2 m,114.24999799999999,-0.38916577232588523,-0.5104618979502753,0.15803052469790868
2 m,114.49999799999999,-0.4182300386254676,-0.5091321884362987,0.24643347420807155
2 m,114.74999799999999,-0.475577041598954,-0.5078024789223221,0.35016368134582815
2 m,114.99999799999999,-0.549057554523789,-0.5064727694083455,0.3719723441204777
2 m,115.24999799999999,-0.5992658484017124,-0.5051430598943689,0.2828838977456629
2 m,115.49999799999999,-0.6045106901216615,-0.5038133503803923,0.25952254795320545
2 m,115.74999799999999,-0.5728958925923804,-0.5024836408664157,0.322710499790386
2 m,115.99999799999999,-0.5352374157155682,-0.5011539313524391,0.30890590469347556
2 m,116.24999799999999,-0.5289434774409596,-0.49982422183846253,0.2982835833517632
2 m,116.49999799999999,-0.55141202200892,-0.49849451232448594,0.3655692244158708
2 m,116.74999799999999,-0.565172784189639,-0.49716480281050845,0.3794984037633834
2 m,116.99999799999999,-0.516997353286146,-0.49583509329653186,0.5668087048455531
2 m,117.24999799999999,-0.38577329884454326,-0.49450538378255526,0.9548346074535754
2 m,117.49999799999999,-0.19735963963762337,-0.49317567426857867,1.147222156480003
2 m,117.74999799999999,-0.0525047120087585,-0.49184596475460207,0.9913566847130908
2 m,117.99999799999999,0.04304240615149979,-0.4905162552406255,0.7320649466831269
2 m,118.24999799999999,0.1169253447400358,-0.4891865457266489,0.5725585701602357
2 m,118.49999799999999,0.1473250926339036,-0.4878568362126723,0.5746902237994062
2 m,118.74999799999999,0.13054737148731377,-0.4865271266986957,0.5414214670135779
2 m,118.99999799999999,0.1088988450285795,-0.4851974171847191,0.5155719246724123
2 m,119.24999799999999,0.0886220661471544,-0.4838677076707425,0.5449733267798227
2 m,119.49999799999999,0.030138067808899827,-0.4825379981567659,0.7658862971522754
2 m,119.74999799999999,-0.1411856049625877,-0.4812082886427893,1.1018211589204636
2 m,119.99999799999999,-0.389626737081854,-0.4798785791288127,1.1043283594880853
2 m,120.24999799999999,-0.5867006508679236,-0.4785488696148361,0.8038594005585429
2 m,120.49999799999999,-0.6765195593542987,-0.47721916010085863,0.5232455132532629
2 m,120.74999799999999,-0.6677195872093211,-0.47588945058688203,0.5471427119794211
2 m,120.99999799999999,-0.5799999166879051,-0.47455974107290544,0.6804330937393644
2 m,121.24999799999999,-0.4470738559791849,-0.47323003155892884,0.6300761845403058
2 m,121.49999799999999,-0.33487590217858365,-0.47190032204495225,0.3917646508694829
2 m,121.74999799999999,-0.2625504669278351,-0.47057061253097565,0.15319752594676694
2 m,121.99999799999999,-0.24397600581731194,-0.46924090301699906,0.07401590397424525
2 m,122.24999799999999,-0.231514086346011,-0.46791119350302246,0.10991007263814187
2 m,122.49999799999999,-0.23001060450233268,-0.46658148398904586,0.12139769688857925
2 m,122.74999799999999,-0.27002216963713277,-0.46525177447506927,0.2686078627464803
2 m,122.99999799999999,-0.3737857371668518,-0.4639220649610927,0.5883590565939486
2 m,123.24999799999999,-0.5363755516301296,-0.4625923554471161,0.8976989981474102
2 m,123.49999799999999,-0.7292001522981613,-0.4612626459331395,0.9738346497390917
2 m,123.74999799999999,-0.8921777840514222,-0.4599329364191629,0.8257053862425209
2 m,123.99999799999999,-1.0061823582753497,-0.4586032269051854,0.5074145929892381
2 m,124.24999799999999,-1.0156666636581573,-0.4572735173912088,0.45906809726641357
2 m,124.49999799999999,-0.9177195685404218,-0.4559438078772322,0.6673506603269788
2 m,124.74999799999999,-0.7504552148373893,-0.4546140983632556,0.7493819511891633
2 m,124.99999799999999,-0.5744723887328611,-0.453284388849279,0.6481092740829061
2 m,125.24999799999999,-0.43994770582807785,-0.4519546793353024,0.47353306438617376
2 m,125.49999799999999,-0.3516768495354592,-0.4506249698213258,0.30114391428065806
2 m,125.74999799999999,-0.2833286529859871,-0.44929526030734923,0.1718414680510073
2 m,125.99999799999999,-0.21696648391947537,-0.44796555079337264,0.23493537484436364
2 m,126.24999799999999,-0.13115541662244112,-0.44663584127939604,0.4286103972125373
2 m,126.49999799999999,0.021571820980388345,-0.44530613176541944,0.768346717075399
2 m,126.74999799999999,0.21669990512803938,-0.44397642225144285,0.937346493964834
2 m,126.99999799999999,0.37677296564040397,-0.44264671273746625,0.7964677594318197
2 m,127.24999799999999,0.43942125681625477,-0.44131700322348966,0.6199731133830789
2 m,127.49999799999999,0.3569317168809194,-0.43998729370951306,0.9224724434562458
2 m,127.74999799999999,0.18281822906965317,-0.4386575841955356,1.2052858219987785
2 m,127.99999800000002,-0.04864521497804741,-0.437327874681559,1.2561360180622765
2 m,128.249998,-0.3255566475391216,-0.4359981651675824,1.0177617184350278
2 m,128.499998,-0.5395546855502271,-0.4346684556536058,0.5968545072152552
2 m,128.749998,-0.6573790900979031,-0.4333387461396292,0.2870256321002874
2 m,128.999998,-0.7192973747539719,-0.4320090366256526,0.18662307874480585
2 m,129.249998,-0.7488979733321139,-0.430679327111676,0.2054280292206867
2 m,129.499998,-0.7802906780896794,-0.4293496175976994,0.1426604803763221
2 m,129.749998,-0.7669825613788239,-0.4280199080837228,0.200396576881243
2 m,129.999998,-0.6792691899893244,-0.4266901985697462,0.43340994130286686
2 m,130.249998,-0.5830548500553068,-0.4253604890557696,0.5692674981814269
2 m,130.499998,-0.5007352116502011,-0.424030779541793,0.5388525732946061
2 m,130.749998,-0.3978265007542152,-0.42270107002781643,0.4377353322307746
2 m,130.999998,-0.2991451412547317,-0.42137136051383894,0.32541792440803147
2 m,131.249998,-0.2439880319651495,-0.42004165099986235,0.21599470248277422
2 m,131.499998,-0.22561841446485253,-0.41871194148588575,0.1975533026790529
2 m,131.749998,-0.1935162292046213,-0.41738223197190916,0.2862342093551359
2 m,131.999998,-0.13434857291130164,-0.41605252245793256,0.3134287928079217
2 m,132.249998,-0.09207804851547952,-0.41472281294395597,0.21129783522422665
2 m,132.499998,-0.10256995077272091,-0.41339310342997937,0.22369108928830747
2 m,132.749998,-0.11569090789031566,-0.4120633939160028,0.2348713012860899
2 m,132.999998,-0.11696441449982498,-0.4107336844020262,0.23878184875977593
2 m,133.249998,-0.11070479530189203,-0.4094039748880496,0.24963658014455498
2 m,133.499998,-0.10675063241649063,-0.408074265374073,0.2640080884285204
2 m,133.749998,-0.05371920524180407,-0.4067445558600964,0.355407793679884
2 m,133.999998,0.026921431429978604,-0.4054148463461198,0.3391320297624481
2 m,134.249998,0.042155192751365256,-0.4040851368321432,0.29857075452132337
2 m,134.499998,-0.007957594922414657,-0.4027554273181657,0.46291514417376367
2 m,134.749998,-0.10032510255759863,-0.4014257178041891,0.6237708255503204
2 m,134.999998,-0.257201189377823,-0.4000960082902125,0.7524382942471743
2 m,135.249998,-0.43023505936901163,-0.39876629877623593,0.7674360388757256
2 m,135.499998,-0.5870455335213105,-0.39743658926225933,0.5611187567496264
2 m,135.749998,-0.6821198976056699,-0.39610687974828274,0.27200585906178726
2 m,135.999998,-0.6916460893992076,-0.39477717023430614,0.23315886097564797
2 m,136.249998,-0.6664001638357924,-0.39344746072032954,0.3038399454845173
2 m,136.499998,-0.6145866825042159,-0.39211775120635295,0.3675562181490898
2 m,136.749998,-0.5161127916790669,-0.39078804169237635,0.3641074932429453
2 m,136.999998,-0.4163461822107122,-0.38945833217839976,0.3338149945625584
2 m,137.249998,-0.3394122909027102,-0.38812862266442316,0.29437001361480175
2 m,137.499998,-0.27723919253709184,-0.38679891315044657,0.2519280951581978
2 m,137.749998,-0.20202860558124236,-0.38546920363646997,0.2791866492040184
2 m,137.999998,-0.1377859660685825,-0.3841394941224934,0.2516395509770736
2 m,138.249998,-0.10019221432309156,-0.3828097846085159,0.1760543697042368
2 m,138.499998,-0.09572988892672374,-0.3814800750945393,0.16343202957827968
2 m,138.749998,-0.10837769301239586,-0.3801503655805627,0.19311052939232518
2 m,138.999998,-0.1345656891905831,-0.3788206560665861,0.24285096536123268
2 m,139.249998,-0.1804584074309341,-0.3774909465526095,0.2647169516140736
2 m,139.499998,-0.23841179417418523,-0.3761612370386329,0.15912508449402632
2 m,139.749998,-0.2744896654412168,-0.3748315275246563,0.09614056772604526
2 m,139.999998,-0.2987753776777735,-0.3735018180106797,0.08569305955833724
2 m,140.249998,-0.32088708977434965,-0.3721721084967031,0.07163270973044965
2 m,140.499998,-0.33666495605290603,-0.37084239898272653,0.059280315681479956
2 m,140.749998,-0.338731631959555,-0.36951268946874993,0.05646282332480959
2 m,140.999998,-0.3199469381755522,-0.36818297995477334,0.13201259097106005
2 m,141.249998,-0.2797316274358481,-0.36685327044079674,0.23530768480144354
2 m,141.499998,-0.2211221393629872,-0.36552356092682015,0.29683699489756615
2 m,141.749998,-0.1460869531119231,-0.36419385141284266,0.32860808422750293
2 m,141.999998,-0.042563274679019436,-0.36286414189886607,0.41005988995855325
2 m,142.249998,0.09468302643194271,-0.36153443238488947,0.5401458626685768
2 m,142.499998,0.23609109580906562,-0.3602047228709129,0.603016997542577
2 m,142.749998,0.3452365626295988,-0.3588750133569363,0.5294480438810415
2 m,142.999998,0.4021326861490362,-0.3575453038429597,0.4004290427169909
2 m,143.249998,0.4041132572703958,-0.3562155943289831,0.39389037517858705
2 m,143.499998,0.34516594412383306,-0.3548858848150065,0.5283172352806944
2 m,143.749998,0.2398371697837529,-0.3535561753010299,0.5634791609035629
2 m,143.999998,0.12121245090623667,-0.3522264657870533,0.42883806147542164
2 m,144.249998,0.032123946662895086,-0.3508967562730767,0.23549758250794278
2 m,144.499998,0.0,-0.3495670467591001,0.10852822572553793
2 m,144.749998,0.01754852346535074,-0.3482373372451235,0.17511978566184438
2 m,144.999998,0.06431036387107003,-0.3469076277311469,0.27105234890647256
2 m,145.249998,0.1486453396785441,-0.34557791821716943,0.3904517397937689
2 m,145.499998,0.22857180210051453,-0.34424820870319284,0.3866896551873469
2 m,145.749998,0.2914838322336495,-0.34291849918921624,0.29303222014318736
2 m,145.999998,0.3074472902719023,-0.34158878967523965,0.2416632210774293
2 m,146.249998,0.2379180077406975,-0.34025908016126305,0.5009176039340367
2 m,146.499998,0.10204087391269567,-0.33892937064728645,0.7402667074874185
2 m,146.749998,-0.0323471665858488,-0.33759966113330986,0.7345838448410625
2 m,146.999998,-0.13410854822019846,-0.33626995161933326,0.5212519123263516
2 m,147.249998,-0.18032775546422553,-0.33494024210535667,0.38935985074368434
2 m,147.499998,-0.20109552898651994,-0.33361053259138007,0.3438459028019956
2 m,147.749998,-0.18152934665068976,-0.3322808230774035,0.3409761101509301
2 m,147.999998,-0.13510079190772473,-0.3309511135634269,0.24809435703334684
2 m,148.249998,-0.12359995474721064,-0.3296214040494503,0.19891810205484997
2 m,148.499998,-0.1693373899734656,-0.3282916945354737,0.2391803117697558
2 m,148.749998,-0.22738659948881867,-0.3269619850214971,0.18904032579132382
2 m,148.999998,-0.2581559550236001,-0.3256322755075196,0.1470892258953194
2 m,149.249998,-0.2550768335046403,-0.324302565993543,0.1603278307054358
2 m,149.499998,-0.22467291220906027,-0.3229728564795664,0.2722354559472807
2 m,149.749998,-0.16011953421974834,-0.3216431469655898,0.4128043659094869
2 m,149.999998,-0.05888097093076272,-0.3203134374516132,0.47308888707512725
2 m,150.249998,0.03727974642784648,-0.31898372793763663,0.4039780430987008
2 m,150.499998,0.10773107502454504,-0.31765401842366003,0.26828839685453937
2 m,150.749998,0.14433983682769203,-0.31632430890968344,0.14343725422705622
2 m,150.999998,0.13506728040286387,-0.31499459939570684,0.1737187402466906
2 m,151.249998,0.09078218974202201,-0.31366488988173025,0.23959409609675103
2 m,151.499998,0.03476108785873144,-0.31233518036775365,0.24549686244806262
2 m,151.749998,-0.009301481180668425,-0.31100547085377706,0.1754642082303443
2 m,151.999998,-0.017431631823572324,-0.30967576133980046,0.14871932386844847
2 m,152.249998,0.017225094253823237,-0.30834605182582386,0.2829560218113563
2 m,152.499998,0.0978023085738613,-0.3070163423118464,0.4598875129955
2 m,152.749998,0.2029279518717848,-0.3056866327978698,0.506448361413718
2 m,152.999998,0.28978166937925653,-0.3043569232838932,0.4115380128412753
2 m,153.249998,0.33816629297664225,-0.3030272137699166,0.2725991258067858
2 m,153.499998,0.3651643215377689,-0.30169750425594,0.204386657024052
2 m,153.749998,0.39954633855843813,-0.3003677947419634,0.2506762107373458
2 m,153.999998,0.4593168646113721,-0.2990380852279868,0.4323428255269386
2 m,154.249998,0.5930856104181608,-0.2977083757140102,0.8118635941661417
2 m,154.499998,0.8296897459380821,-0.2963786662000336,1.1809784841911226
2 m,154.749998,1.1079600528948488,-0.295048956686057,1.2462354173296388
2 m,154.999998,1.3160960125930359,-0.2937192471720804,0.9365652416487985
2 m,155.249998,1.442582798185346,-0.2923895376581038,0.6144103794340464
2 m,155.499998,1.4299896765904627,-0.29105982814412723,0.6721876006394444
2 m,155.749998,1.2476465714391365,-0.28973011863015063,1.1962177993844938
2 m,155.999998,0.8868593879701585,-0.28840040911617404,1.6992721276848073
2 m,156.249998,0.434470155989251,-0.28707069960219656,1.8676643044293584
2 m,156.499998,0.014381851112315935,-0.28574099008821996,1.7399915631912015
2 m,156.749998,-0.31337009785498093,-0.28441128057424336,1.414443035762559
2 m,156.999998,-0.5591110174801823,-0.28308157106026677,0.7875706438821407
2 m,157.249998,-0.6583280163507172,-0.28175186154629017,0.3679465817049472
2 m,157.499998,-0.6400774234436568,-0.2804221520323136,0.3919761826323078
2 m,157.749998,-0.5318196558471255,-0.279092442518337,0.4601731218511253
2 m,157.999998,-0.3836237518118173,-0.2777627330043604,0.5359173460045451
2 m,158.249998,-0.22308183129932146,-0.2764330234903838,0.6481875327883104
2 m,158.499998,-0.0609877776919685,-0.2751033139764072,0.7125201559824694
2 m,158.749998,0.0852173760223609,-0.2737736044624306,0.648191795007759
2 m,158.999998,0.1822854263051843,-0.272443894948454,0.4485787200141403
2 m,159.249998,0.2226898776304269,-0.2711141854344774,0.2898835113998415
2 m,159.499998,0.20531940124318027,-0.2697844759205008,0.31944930815678774
2 m,159.749998,0.1658037354524753,-0.2684547664065233,0.30623091994893037
2 m,159.999998,0.13383776597437347,-0.26712505689254673,0.22759887137610899
2 m,160.249998,0.12739562720866715,-0.26579534737857013,0.20412632728760977
2 m,160.499998,0.14162504314791757,-0.26446563786459354,0.21463125152115894
2 m,160.749998,0.16532294738254016,-0.26313592835061694,0.16076418760868122
2 m,160.999998,0.1696450418832276,-0.26180621883664035,0.14414900786116114
2 m,161.249998,0.15409330385486975,-0.26047650932266375,0.16995536849897827
2 m,161.499998,0.13700867413202378,-0.25914679980868716,0.14946810136947897
2 m,161.749998,0.12977171347097194,-0.25781709029471056,0.12671691559287435
2 m,161.999998,0.14057540042627092,-0.25648738078073396,0.1603621029113009
2 m,162.249998,0.19076028335606665,-0.25515767126675737,0.2589283247255813
2 m,162.499998,0.256609544055034,-0.2538279617527808,0.28772174924769217
2 m,162.749998,0.30732498757666527,-0.2524982522388042,0.226372921155869
2 m,162.999998,0.3202330694743267,-0.2511685427248276,0.18523828034096396
2 m,163.249998,0.29693234568288585,-0.2498388332108501,0.25377784853849317
2 m,163.499998,0.25408363464730144,-0.2485091236968735,0.3203980109969847
2 m,163.749998,0.22170482105951894,-0.2471794141828969,0.29627669348731356
2 m,163.999998,0.20667090664180243,-0.2458497046689203,0.24548526038973795
2 m,164.249998,0.21374537061892607,-0.24451999515494371,0.25856456388662363
2 m,164.499998,0.23732767204652827,-0.24319028564096712,0.2564407336772174
2 m,164.749998,0.2626075400322847,-0.24186057612699052,0.20343867368192967
2 m,164.999998,0.2743738839045946,-0.24053086661301393,0.1686567474172681
2 m,165.249998,0.2740131889839734,-0.23920115709903733,0.16662531548265805
2 m,165.499998,0.2683826988704521,-0.23787144758506074,0.1538448204669394
2 m,165.749998,0.29250771565233613,-0.23654173807108414,0.24488275386327485
2 m,165.999998,0.34710168994299817,-0.23521202855710754,0.3084448116610857
2 m,166.249998,0.39183560721125676,-0.23388231904313095,0.2645631374974517
2 m,166.499998,0.3975497536860262,-0.23255260952915435,0.25129707780141775
2 m,166.749998,0.37380109949933793,-0.23122290001517776,0.3145553162272362
2 m,166.999998,0.3274599432894849,-0.22989319050120027,0.3591297009326321
2 m,167.249998,0.27046094238331797,-0.22856348098722368,0.3200472577798389
2 m,167.499998,0.24123028077153208,-0.22723377147324708,0.2281225220980022
2 m,167.749998,0.2519237171258526,-0.22590406195927049,0.26148437382679657
2 m,167.999998,0.24564622302150596,-0.2245743524452939,0.28322910893984077
2 m,168.249998,0.20008078460733447,-0.2232446429313173,0.4450421037915784
2 m,168.499998,0.13821402245108327,-0.2219149334173407,0.5324173190632636
2 m,168.749998,0.13694662575514638,-0.2205852239033641,0.5391238920039394
2 m,168.999998,0.18501989411879727,-0.2192555143893875,0.6687983973826485
2 m,169.249998,0.2740417238497601,-0.2179258048754109,0.8644378038937884
2 m,169.499998,0.40299704021721006,-0.21659609536143432,0.9384841691931639
2 m,169.749998,0.53026965383504,-0.21526638584745772,0.7010821596907147
2 m,169.999998,0.5688928501360646,-0.21393667633348112,0.547643160431611
2 m,170.249998,0.48188670206710693,-0.21260696681950453,0.7750224794295748
2 m,170.499998,0.3090167143530751,-0.21127725730552704,0.8261942251785712
2 m,170.749998,0.14520209280377205,-0.20994754779155045,0.7112936964928391
2 m,170.999998,0.02006404720889776,-0.20861783827757385,0.44182779923077903
2 m,171.249998,-0.03595770565103251,-0.20728812876359726,0.20807613682046774
2 m,171.499998,-0.013963403418216558,-0.20595841924962066,0.27261366905031104
2 m,171.749998,0.05840744580944435,-0.20462870973564407,0.360532529869741
2 m,171.999998,0.16311890341348878,-0.20329900022166747,0.42031738016693576
2 m,172.249998,0.28127667449135174,-0.20196929070769087,0.47082236920544024
2 m,172.499998,0.37835065177999283,-0.20063958119371428,0.4006433058926184
2 m,172.749998,0.42812481756584386,-0.19930987167973768,0.2848127704273022
2 m,172.999998,0.4207274230781284,-0.1979801621657611,0.3178326328778659
2 m,173.249998,0.37874820486027705,-0.1966504526517845,0.40534449230330877
2 m,173.499998,0.3900608333516278,-0.1953207431378079,0.46144181603153994
2 m,173.749998,0.4953193321548337,-0.1939910336238313,0.8438752124980696
2 m,173.999998,0.6741830461972276,-0.19266132410985382,1.2075563472505182
2 m,174.249998,0.8985958605299,-0.19133161459587722,1.2925460276221883
2 m,174.499998,1.1052856531615562,-0.19000190508190062,1.057021284543108
2 m,174.749998,1.2433270033767663,-0.18867219556792403,0.6596059450717581
2 m,174.999998,1.2531002892721403,-0.18734248605394743,0.6010200283184467
2 m,175.249998,1.0976594803974216,-0.18601277653997084,0.8773461454533299
2 m,175.499998,0.8370511281220665,-0.18468306702599424,1.0456451695602982
2 m,175.749998,0.5564571619128218,-0.18335335751201765,1.1149901926177022
2 m,175.999998,0.30744801628120744,-0.18202364799804105,1.0144884224165345
2 m,176.249998,0.10916190890030286,-0.18069393848406445,0.7888298316068426
2 m,176.499998,-0.029163412731828764,-0.17936422897008786,0.4682237433598487
2 m,176.749998,-0.07632285796021687,-0.17803451945611126,0.26848560607664024
2 m,176.999998,-0.034813015806370196,-0.17670480994213467,0.38853872284565516
2 m,177.249998,0.06991035531761192,-0.17537510042815807,0.47949186825271095
2 m,177.499998,0.17930295189166046,-0.17404539091418147,0.43982947528261246
2 m,177.749998,0.2635294929523786,-0.172715681400204,0.3538266682746737
2 m,177.999998,0.34163261191170324,-0.1713859718862274,0.26040829484471817
2 m,178.249998,0.4145440473337825,-0.1700562623722508,0.1956713004057466
2 m,178.499998,0.4773179118462654,-0.1687265528582742,0.24860034703058537
2 m,178.749998,0.5378214809894901,-0.1673968433442976,0.2979582197886761
2 m,178.999998,0.5955201273605706,-0.166067133830321,0.30633633387708986
2 m,179.249998,0.6480563138301312,-0.16473742431634442,0.22494756096713728
2 m,179.499998,0.6745967493026841,-0.16340771480236782,0.12049322959117735
2 m,179.749998,0.663695560256305,-0.16207800528839122,0.15238591354311237
2 m,179.999998,0.6476640901820154,-0.16074829577441463,0.15108303466941164
2 m,180.249998,0.63926315421054,-0.15941858626043803,0.12945460206648154
2 m,180.499998,0.6386205107458496,-0.15808887674646144,0.12706415703830293
2 m,180.749998,0.6423208123829136,-0.15675916723248484,0.1289617252865379
2 m,180.999998,0.6479060224931299,-0.15542945771850825,0.12123391727693
2 m,181.249998,0.6425793154850776,-0.15409974820453076,0.14105593950800147
2 m,181.499998,0.620626305367403,-0.15277003869055417,0.1880399285797261
2 m,181.749998,0.5814513667295245,-0.15144032917657757,0.17794322181867714
2 m,181.999998,0.5427870713382239,-0.15011061966260097,0.12773570883415405
2 m,182.249998,0.5161904745282113,-0.14878091014862438,0.08393005844222987
2 m,182.499998,0.4893123817010663,-0.14745120063464778,0.08455036113915657
2 m,182.749998,0.4806381123205892,-0.1461214911206712,0.08894806085461458
2 m,182.999998,0.5294346117691475,-0.1447917816066946,0.2968522024778518
2 m,183.249998,0.6349003712796035,-0.143462072092718,0.5689813516743845
2 m,183.499998,0.7588539512630845,-0.1421323625787414,0.6899916996457747
2 m,183.749998,0.90418631387322,-0.1408026530647648,0.714640206417428
2 m,183.999998,1.0344131799374123,-0.1394729435507882,0.5812636351394268
2 m,184.249998,1.143877843152886,-0.1381432340368116,0.3311852213781883
2 m,184.499998,1.1999932288557371,-0.13681352452283502,0.10166745011915299
2 m,184.749998,1.243691775430726,-0.13548381500885842,0.2627887376950379
2 m,184.999998,1.3615268957794342,-0.13415410549488094,0.6594371965390571
2 m,185.249998,1.4723905512443318,-0.13282439598090434,0.6981626280076118
2 m,185.499998,1.4910106362659512,-0.13149468646692775,0.6749915383596815
2 m,185.749998,1.4367887001563409,-0.13016497695295115,0.8371741622455622
2 m,185.999998,1.3193080740468464,-0.12883526743897455,1.0494441170016444
2 m,186.249998,1.1367980297169398,-0.12750555792499796,1.1970963614113077
2 m,186.499998,0.880577667516091,-0.12617584841102136,1.1088235248779115
2 m,186.749998,0.6130428855462018,-0.12484613889704477,0.6711976388013808
2 m,186.999998,0.4309537419349381,-0.12351642938306817,0.5565576245065094
2 m,187.249998,0.2800987886956223,-0.12218671986909158,0.6644393742307414
2 m,187.499998,0.12731618353663432,-0.12085701035511498,0.6623564160848876
2 m,187.749998,-6.972826555884382e-05,-0.11952730084113838,0.46834806688077196
2 m,187.999998,-0.043434776822251386,-0.11819759132716179,0.3217673069661168
2 m,188.249998,0.00220733845628196,-0.11686788181318519,0.4886541572113448
2 m,188.499998,0.12405821179237364,-0.11553817229920771,0.7495323627613282
2 m,188.749998,0.2706016046557771,-0.11420846278523111,0.7679032351919175
2 m,188.999998,0.3800319203082738,-0.11287875327125452,0.5615292132532577
2 m,189.249998,0.4202396349362667,-0.11154904375727792,0.42191809927943585
2 m,189.499998,0.3793738122746282,-0.11021933424330133,0.5374066232614859
2 m,189.749998,0.29169552797329956,-0.10888962472932473,0.5863181759134518
2 m,189.999998,0.22663998523422002,-0.10755991521534813,0.4607164166464625
2 m,190.249998,0.22347219453764122,-0.10623020570137154,0.4528123962524227
2 m,190.499998,0.33553317942592553,-0.10490049618739494,0.7601654012029903
2 m,190.749998,0.5211321703427929,-0.10357078667341835,0.929385953868967
2 m,190.999998,0.7096236578866577,-0.10224107715944175,0.8647274440208929
2 m,191.249998,0.7877592229808874,-0.10091136764546516,0.6492123877419892
2 m,191.499998,0.7074978638004934,-0.09958165813148856,0.9540052867888429
2 m,191.749998,0.5373831467889243,-0.09825194861751196,1.207439523356697
2 m,191.999998,0.3347901506854525,-0.09692223910353448,1.2024605829045392
2 m,192.249998,0.14021411580341425,-0.09559252958955788,0.9121303768669505
2 m,192.499998,0.034824117922577,-0.09426282007558129,0.5687568303643626
2 m,192.749998,0.06677487290908957,-0.09293311056160469,0.6697342042346426
2 m,192.999998,0.28212252192695164,-0.0916034010476281,1.0165456101860189
2 m,193.249998,0.6034995167639625,-0.0902736915336515,1.2888414310416796
2 m,193.499998,0.893996783804484,-0.0889439820196749,1.3327022671910786
2 m,193.749998,1.1162773062755287,-0.08761427250569831,1.0743627426605773
2 m,193.999998,1.216575874399612,-0.08628456299172171,0.7662594933811508
2 m,194.249998,1.1868632974082303,-0.08495485347774512,0.857030280725247
2 m,194.499998,1.0634767301566743,-0.08362514396376852,1.0228906929192443
2 m,194.749998,0.9317927671135653,-0.08229543444979193,0.8549649681906326
2 m,194.999998,0.8271576775039806,-0.08096572493581533,0.5237172798495635
2 m,195.249998,0.8296017668383975,-0.07963601542183874,0.5114402034084681
2 m,195.499998,0.8578009102803987,-0.07830630590786125,0.5032271945142661
2 m,195.749998,0.8850330765336887,-0.07697659639388466,0.42814293703458706
2 m,195.999998,0.8469750389114914,-0.07564688687990806,0.5560145124449808
2 m,196.249998,0.7059169917229244,-0.07431717736593146,0.8380421714321938
2 m,196.499998,0.4776702509055841,-0.07298746785195487,0.9460125222117388
2 m,196.749998,0.2596280281826724,-0.07165775833797827,0.9115613307072622
2 m,196.999998,0.06290754812519062,-0.07032804882400168,0.6767417940312581
2 m,197.249998,-0.06855114650670302,-0.06899833931002508,0.5135932060163205
2 m,197.499998,-0.1714513821239967,-0.06766862979604849,0.28680266961122264
2 m,197.749998,-0.22432267892874602,-0.06633892028207189,0.06871401242811091
2 m,197.999998,-0.23245194000883007,-0.0650092107680953,0.0452458372386701
2 m,198.249998,-0.21220625049497333,-0.0636795012541187,0.1289798545461689
2 m,198.499998,-0.12558772849459832,-0.0623497917401421,0.48800710586855317
2 m,198.749998,0.03196934343788449,-0.061020082226165506,0.8269306987894794
2 m,198.999998,0.19689856709577747,-0.05969037271218891,0.8921210223601637
2 m,199.249998,0.3077829335931703,-0.05836066319821143,0.7385593694420104
2 m,199.499998,0.32125779580155633,-0.05703095368423483,0.7014619001950556
2 m,199.749998,0.24269419065158182,-0.055701244170258235,0.9251950265877685
2 m,199.999998,0.08551334300607039,-0.05437153465628164,1.0805295821366703
2 m,200.249998,-0.11831828407189526,-0.053041825142305044,0.9043198512489001
2 m,200.499998,-0.30163752605022687,-0.05171211562832845,0.5178216826118042
2 m,200.749998,-0.40997205000024106,-0.05038240611435185,0.22509578393976995
2 m,200.999998,-0.44389604308206465,-0.049052696600375256,0.0917314823036579
2 m,201.249998,-0.42475311661142356,-0.04772298708639866,0.13106155749635207
2 m,201.499998,-0.39743312740541015,-0.046393277572422065,0.16739529060358554
2 m,201.749998,-0.3751785607597853,-0.04506356805844547,0.18871792698677017
2 m,201.999998,-0.35661650729586114,-0.04373385854446887,0.18357420059510413
2 m,202.249998,-0.3353876322257108,-0.04240414903049228,0.12749735534401005
2 m,202.499998,-0.3118774850876349,-0.04107443951651568,0.0979390082063311
2 m,202.749998,-0.2640911735482092,-0.0397447300025382,0.2760188860556069
2 m,202.999998,-0.18823939638604248,-0.0384150204885616,0.4584123407690345
2 m,203.249998,-0.10789276390846236,-0.037085310974585006,0.49342835935206725
2 m,203.499998,-0.05907289474687971,-0.03575560146060841,0.4186687132858501
2 m,203.749998,-0.059914831956595194,-0.034425891946631815,0.42269697422837377
2 m,203.999998,-0.07352115654076385,-0.03309618243265522,0.4467181685206766
2 m,204.249998,-0.10149219946038279,-0.03176647291867862,0.42855530504754763
2 m,204.499998,-0.14999366941454717,-0.030436763404702027,0.32716031516183386
2 m,204.749998,-0.181902581633838,-0.02910705389072543,0.2488334079104522
2 m,204.999998,-0.18736750042497352,-0.027777344376748836,0.24720666946741676
2 m,205.249998,-0.19209045532948732,-0.02644763486277224,0.2611761476094729
2 m,205.499998,-0.18536742751867674,-0.025117925348795644,0.2585704670157645
2 m,205.749998,-0.18426152023022535,-0.02378821583481905,0.2588497743969949
2 m,205.999998,-0.1658980153850873,-0.022458506320842453,0.3042155935096205
2 m,206.249998,-0.13368916147991872,-0.021128796806865857,0.3123084401261141
2 m,206.499998,-0.13409289681131042,-0.019799087292888373,0.3185499575847288
2 m,206.749998,-0.15299668721157023,-0.018469377778911777,0.3696594095971064
2 m,206.999998,-0.18965445760859634,-0.01713966826493518,0.421040872266472
2 m,207.249998,-0.25297468878598206,-0.015809958750958586,0.35930660300448086
2 m,207.499998,-0.2925038977024039,-0.01448024923698199,0.23123494850579956
2 m,207.749998,-0.292243784375513,-0.013150539723005394,0.22774428531542873
2 m,207.999998,-0.24953523095940167,-0.011820830209028799,0.2871647742009667
2 m,208.249998,-0.16622800887086076,-0.010491120695052203,0.29272239506133435
2 m,208.499998,-0.08942432464282657,-0.009161411181075607,0.2940118928057093
2 m,208.749998,0.0027582781320587557,-0.007831701667099011,0.3655653823998927
2 m,208.999998,0.1435662654952914,-0.006501992153122416,0.5922551899364518
2 m,209.249998,0.3157501028430518,-0.00517228263914582,0.7799209154670785
2 m,209.499998,0.49871302213325386,-0.003842573125169224,0.8060383650020527
2 m,209.749998,0.6716626070604113,-0.0025128636111926284,0.7229952370075834
2 m,209.999998,0.7699254636024486,-0.0011831540972151444,0.5230026941932172
2 m,210.249998,0.7326540351708681,0.00014655541676145134,0.704456353028423
2 m,210.499998,0.5521359031264943,0.001476264930738047,1.1682703969656585
2 m,210.749998,0.31575522201628203,0.002805974444714643,1.2594302583965986
2 m,210.999998,0.11016380188585728,0.004135683958691239,1.0592809024793448
2 m,211.249998,-0.07400585009122462,0.005465393472667834,0.769125889063041
2 m,211.499998,-0.20565183187417624,0.00679510298664443,0.3962718666848146
2 m,211.749998,-0.2521840133004254,0.008124812500621026,0.28567623138712667
2 m,211.999998,-0.2288713473852404,0.009454522014597622,0.2470477679557057
2 m,212.249998,-0.1829692751073102,0.010784231528574217,0.2467695601193776
2 m,212.499998,-0.15313519564779998,0.012113941042550813,0.3208430063829603
2 m,212.749998,-0.14831216331262365,0.013443650556527409,0.32303642528469706
2 m,212.999998,-0.12514671143993095,0.014773360070504005,0.27381224748725275
2 m,213.249998,-0.1001829335742821,0.0161030695844806,0.2491905028728274
2 m,213.499998,-0.09255572983591165,0.017432779098457196,0.23865229381175132
2 m,213.749998,-0.10743388990317371,0.01876248861243468,0.23605615264171143
2 m,213.999998,-0.11591534658574698,0.020092198126411276,0.22247986868572553
2 m,214.249998,-0.046974023109184415,0.02142190764038787,0.45911904003089676
2 m,214.499998,0.09730448216368526,0.022751617154364467,0.6305790284575371
2 m,214.749998,0.25400503290211596,0.024081326668341063,0.7386464775234115
2 m,214.999998,0.3913788389602404,0.02541103618231766,0.730065989216001
2 m,215.249998,0.5029127486947838,0.026740745696294255,0.5197009209967649
2 m,215.499998,0.5222889329082179,0.02807045521027085,0.44532217193121243
2 m,215.749998,0.43323122727676466,0.029400164724247446,0.7050848641236159
2 m,215.999998,0.2887842503087832,0.030729874238224042,0.7652455916520033
2 m,216.249998,0.14881325071955143,0.03205958375220064,0.6528883728822259
2 m,216.499998,0.07687176512783456,0.033389293266177233,0.4444974469913339
2 m,216.749998,0.06884012263279882,0.03471900278015383,0.4092701030854772
2 m,216.999998,0.09760187978387158,0.03604871229413131,0.4319688422087984
2 m,217.249998,0.1495207538653629,0.03737842180810791,0.35747301587503927
2 m,217.499998,0.13716926735342128,0.038708131322084505,0.42403323498848705
2 m,217.749998,0.0038008467133652246,0.0400378408360611,0.8246511411778906
2 m,217.999998,-0.1922787862758515,0.041367550350037696,1.0598392344582028
2 m,218.249998,-0.3824940762296638,0.04269725986401429,0.900185668067781
2 m,218.499998,-0.5047943395230048,0.04402696937799089,0.6399399799176705
2 m,218.749998,-0.5638635594104624,0.045356678891967483,0.4772408533888767
2 m,218.999998,-0.5746321028301038,0.04668638840594408,0.43943543038565785
2 m,219.249998,-0.5201231799663875,0.048016097919920675,0.4237054667145812
2 m,219.499998,-0.40914274048242305,0.04934580743389727,0.34050103431680206
2 m,219.749998,-0.293307056376241,0.050675516947873867,0.40598228433267036
2 m,219.999998,-0.1862881270885799,0.05200522646185046,0.5920221080594787
2 m,220.249998,-0.046373306320521834,0.05333493597582706,0.7216373183554258
2 m,220.499998,0.08529096347691834,0.054664645489803654,0.6319603382259076
2 m,220.749998,0.16354401819487752,0.05599435500378025,0.41951939939605454
2 m,220.999998,0.2038632725023115,0.057324064517757733,0.28014558206733836
2 m,221.249998,0.17304602602853691,0.05865377403173433,0.3293251090571387
2 m,221.499998,0.11200505849555142,0.059983483545710925,0.3352823269220863
2 m,221.749998,0.0635089292882931,0.06131319305968752,0.25202486025965265
2 m,221.999998,0.04935846483019368,0.06264290257366412,0.19276903239085705
2 m,222.249998,0.08031606383598788,0.06397261208764071,0.23688089788377575
2 m,222.499998,0.10474893240233385,0.06530232160161731,0.19878533001591833
2 m,222.749998,0.08244159132769369,0.0666320311155939,0.2499032111991139
2 m,222.999998,0.056028985522129204,0.0679617406295705,0.3153429045324474
2 m,223.249998,0.013013022868495483,0.0692914501435471,0.35603453737805923
2 m,223.499998,-0.02412155457881049,0.07062115965752369,0.29756010565529123
2 m,223.749998,-0.03004667771514402,0.07195086917150029,0.2770275369233484
2 m,223.999998,0.003891699306141305,0.07328057868547688,0.35580057475492477
2 m,224.249998,0.053762406721824085,0.07461028819945437,0.3321903052061059
2 m,224.499998,0.09284022762590105,0.07593999771343096,0.23627781296790074
2 m,224.749998,0.12205920458421282,0.07726970722740756,0.17427708123166744
2 m,224.999998,0.1474825320915265,0.07859941674138415,0.1699962001765479
2 m,225.249998,0.14301168328253322,0.07992912625536075,0.16636866524047408
2 m,225.499998,0.11041778397457058,0.08125883576933735,0.19589324670786334
2 m,225.749998,0.0691924261180823,0.08258854528331394,0.26999383226856755
2 m,225.999998,0.04396270796079005,0.08391825479729054,0.3004207969886119
2 m,226.249998,0.03151809285561047,0.08524796431126713,0.29406574502500754
2 m,226.499998,0.045783940499708464,0.08657767382524373,0.3457605936161151
2 m,226.749998,0.07853155571321757,0.08790738333922032,0.41550450320322013
2 m,226.999998,0.13426900980994017,0.08923709285319692,0.408774112571784
2 m,227.249998,0.19135916382628793,0.09056680236717352,0.2932324704290232
2 m,227.499998,0.25630587586541775,0.09189651188115011,0.22261796044969057
2 m,227.749998,0.349726161659369,0.09322622139512671,0.4316277096887103
2 m,227.999998,0.45116937504653,0.09455593090910419,0.5987737799741913
2 m,228.249998,0.5515346332670052,0.09588564042308079,0.6765617913210226
2 m,228.499998,0.7070452991895149,0.09721534993705738,0.700566919445436
2 m,228.749998,0.853619779158735,0.09854505945103398,0.5446368951972785
2 m,228.999998,0.9145233468283172,0.09987476896501057,0.3329782900583018
2 m,229.249998,0.8547177914678796,0.10120447847898717,0.543574835504108
2 m,229.499998,0.743815372646929,0.10253418799296377,0.6491776767863346
2 m,229.749998,0.6943907613463081,0.10386389750694036,0.6084933134409098
2 m,229.999998,0.6880514522633021,0.10519360702091696,0.5948946934441185
2 m,230.249998,0.6939826242337119,0.10652331653489355,0.6107713649492736
2 m,230.499998,0.7370356777104048,0.10785302604887015,0.6317261074791812
2 m,230.749998,0.7529098731673223,0.10918273556284674,0.5957480993997589
2 m,230.999998,0.6855235484183195,0.11051244507682334,0.8407868948212248
2 m,231.249998,0.4660063274501667,0.11184215459079994,1.282168285689503
2 m,231.499998,0.13046722654110177,0.11317186410477742,1.4752007922594128
2 m,231.749998,-0.20048339182136043,0.11450157361875402,1.3512863045682482
2 m,231.999998,-0.44263161364870296,0.11583128313273061,0.9579629124090298
2 m,232.249998,-0.5597947970881689,0.11716099264670721,0.5522119013245484
2 m,232.499998,-0.5284113968160424,0.1184907021606838,0.6609066219661964
2 m,232.749998,-0.3872167978501624,0.1198204116746604,0.9459112223111944
2 m,232.999998,-0.1692503714320539,0.121150121188637,0.9899400877283312
2 m,233.249998,0.032657387990001396,0.12247983070261359,0.7557076533363966
2 m,233.499998,0.15898445098659142,0.12380954021659019,0.42720712767082664
2 m,233.749998,0.2061118247363929,0.12513924973056678,0.25863725992920616
2 m,233.999998,0.204291700020252,0.12646895924454338,0.2547173572688637
2 m,234.249998,0.1679750427918778,0.12779866875851997,0.2603478041947442
2 m,234.499998,0.1035723231393435,0.12912837827249657,0.22054906102372396
2 m,234.749998,0.017968675551482072,0.13045808778647316,0.2945838131696894
2 m,234.999998,-0.07032538669790434,0.13178779730044976,0.41352031805757167
2 m,235.249998,-0.16406615229059085,0.13311750681442724,0.4893796926443186
2 m,235.499998,-0.23551343855079487,0.13444721632840384,0.4168614082011909
2 m,235.749998,-0.24993731024922816,0.13577692584238044,0.37334992010647955
2 m,235.999998,-0.21983143824557771,0.13710663535635703,0.4583291731953074
2 m,236.249998,-0.164183067285121,0.13843634487033363,0.4837277398142301
2 m,236.499998,-0.07317955011134636,0.13976605438431022,0.42629877354996826
2 m,236.749998,0.027126630130231533,0.14109576389828682,0.3496718371725661
2 m,236.999998,0.10939939756987638,0.14242547341226341,0.24372961569066706
2 m,237.249998,0.14324169470567583,0.14375518292624,0.2148139223392186
2 m,237.499998,0.14956138070037994,0.1450848924402166,0.2129571874645123
2 m,237.749998,0.17052659773278744,0.1464146019541932,0.18465763856067993
2 m,237.999998,0.1981663154851887,0.1477443114681698,0.12372065068421549
2 m,238.249998,0.19349325701848308,0.1490740209821464,0.11190142063611543
2 m,238.499998,0.18343921265074314,0.150403730496123,0.08165861928486993
2 m,238.749998,0.21292254424347234,0.15173344001010047,0.20307143368156572
2 m,238.999998,0.27137406562835675,0.15306314952407707,0.2744960549171923
2 m,239.249998,0.31156106914718595,0.15439285903805366,0.24333607734498122
2 m,239.499998,0.3207036102439753,0.15572256855203026,0.22733427854096602
2 m,239.749998,0.31404210341520233,0.15705227806600686,0.24094904169881715
2 m,239.999998,0.31217033347392764,0.15838198757998345,0.2436220980042587
2 m,240.249998,0.30460420394222787,0.15971169709396005,0.23745966621868522
2 m,240.499998,0.29776444490107234,0.16104140660793664,0.2229798473784363
2 m,240.749998,0.3303980999890834,0.16237111612191324,0.3046108651904531
2 m,240.999998,0.3867735323637076,0.16370082563588984,0.2928808788164666
2 m,241.249998,0.42621358737842296,0.16503053514986643,0.20719883422484534
2 m,241.499998,0.44060369929496535,0.16636024466384303,0.1606740529020406
2 m,241.749998,0.4723788127069968,0.16768995417781962,0.21225555286473535
2 m,241.999998,0.5104140193559932,0.16901966369179622,0.2703808685196553
2 m,242.249998,0.5087472271316367,0.1703493732057728,0.2807203967752409
2 m,242.499998,0.45307191441437755,0.1716790827197503,0.40665460541063986
2 m,242.749998,0.37426160694243205,0.1730087922337269,0.5937071107484977
2 m,242.999998,0.28028761756260323,0.1743385017477035,0.6949363531938659
2 m,243.249998,0.17012876111096453,0.17566821126168009,0.6669798478976346
2 m,243.499998,0.04373340237845724,0.17699792077565668,0.4186592447926379
2 m,243.749998,-0.04350755003726636,0.17832763028963328,0.1637920306351934
2 m,243.999998,-0.0694402474222251,0.17965733980360987,0.10312593533541846
2 m,244.249998,-0.04796253052859356,0.18098704931758647,0.14864912009723677
2 m,244.499998,0.03508282375746763,0.18231675883156306,0.4390847897197274
2 m,244.749998,0.16192722138997784,0.18364646834553966,0.7194357201958402
2 m,244.999998,0.3144863303871075,0.18497617785951626,0.8386307504848469
2 m,245.249998,0.485003269717283,0.18630588737349285,0.7967047894322791
2 m,245.499998,0.626709703256112,0.18763559688746945,0.5573796965442196
2 m,245.749998,0.6969429439630419,0.18896530640144693,0.30687157186891084
2 m,245.999998,0.6619844228012282,0.19029501591542353,0.4516438853623646
2 m,246.249998,0.5133519753780593,0.19162472542940012,0.7274790585483653
2 m,246.499998,0.3302249356901976,0.19295443494337672,0.8302894309016032
2 m,246.749998,0.17876629747155715,0.1942841444573533,0.7420089770717654
2 m,246.999998,0.07273688552955271,0.1956138539713299,0.5042461263190204
2 m,247.249998,0.04146442326632904,0.1969435634853065,0.39349934036714246
2 m,247.499998,0.1270492929766851,0.1982732729992831,0.6918695082643797
2 m,247.749998,0.3251842472048576,0.1996029825132597,0.9914176256112436
2 m,247.999998,0.5605392717104642,0.2009326920272363,0.9880533038975864
2 m,248.249998,0.7452564682686065,0.2022624015412129,0.7810596145105169
2 m,248.499998,0.8519627081781413,0.20359211105518948,0.5389896196065647
2 m,248.749998,0.8835883468969001,0.20492182056916608,0.4307287925991375
2 m,248.999998,0.8364232781902041,0.20625153008314268,0.5496588944324219
2 m,249.249998,0.7207877191017644,0.20758123959711927,0.5635057630834084
2 m,249.499998,0.5752718233977925,0.20891094911109587,0.48065532349956414
2 m,249.749998,0.4112538208476977,0.21024065862507335,0.5824265149959292
2 m,249.999998,0.2339865420927021,0.21157036813904995,0.7382950141125372
2 m,250.249998,0.06438036618947862,0.21290007765302654,0.7635510492064439
2 m,250.499998,-0.08019111707058979,0.21422978716700314,0.6580569833622218
2 m,250.749998,-0.19109420089353613,0.21555949668097973,0.47700337763284345
2 m,250.999998,-0.2505643818140122,0.21688920619495633,0.2572376191045845
2 m,251.249998,-0.20394983731801997,0.21821891570893293,0.46369675921114123
2 m,251.499998,-0.005230707796652467,0.21954862522290952,0.9400727756650119
2 m,251.749998,0.2192289374061005,0.22087833473688612,1.0771270993315536
2 m,251.999998,0.3558896286133004,0.2222080442508627,0.9200884485061528
2 m,252.249998,0.39158559820045014,0.2235377537648393,0.8254081747313684
2 m,252.499998,0.3430288704998201,0.2248674632788159,0.9564571083618396
2 m,252.749998,0.2228450252554337,0.2261971727927925,1.093982396914854
2 m,252.999998,0.06192474202662268,0.22752688230676998,0.9773335626323615
2 m,253.249998,-0.09215008190379148,0.22885659182074658,0.4946823152789565
2 m,253.499998,-0.12678775129959607,0.23018630133472318,0.3124644327483478
2 m,253.749998,-0.057639184877352534,0.23151601084869977,0.37847188448016433
2 m,253.999998,0.02972253033687533,0.23284572036267637,0.32028990286573844
2 m,254.249998,0.08901272006106176,0.23417542987665296,0.20412007434761942
2 m,254.499998,0.10872713532227696,0.23550513939062956,0.1313933949486088
2 m,254.749998,0.08995020350238647,0.23683484890460615,0.19628133632312617
2 m,254.999998,0.0526258051149604,0.23816455841858275,0.2530864639036939
2 m,255.249998,0.025525960640669254,0.23949426793255935,0.22281627016262812
2 m,255.499998,0.008615938668005363,0.24082397744653594,0.17145148764929535
2 m,255.749998,0.011970981839427353,0.24215368696051254,0.1776921033079059
2 m,255.999998,0.0242584982201004,0.24348339647448913,0.1795370468389216
2 m,256.249998,0.0180914693030223,0.24481310598846573,0.20277596072206291
2 m,256.499998,0.00758486939160985,0.24614281550244232,0.23141778745888422
2 m,256.749998,0.016085231054686844,0.24747252501641892,0.24494822375581551
2 m,256.999998,0.03375077304695928,0.2488022345303964,0.2988524573295761
2 m,257.249998,0.06553167966547946,0.250131944044373,0.34629605023605053
2 m,257.499998,0.09986765765196992,0.2514616535583496,0.34230542347225684
2 m,257.749998,0.15291037739517943,0.2527913630723262,0.29567280528593565
2 m,257.999998,0.22202997069975616,0.2541210725863028,0.20366232132401202
2 m,258.249998,0.25186759864095354,0.2554507821002794,0.1584279171579225
2 m,258.499998,0.2391758249666216,0.256780491614256,0.16127941208566537
2 m,258.749998,0.21939254697698907,0.2581102011282326,0.192300630152766
2 m,258.999998,0.205154880549955,0.25943991064220917,0.21883108960299438
2 m,259.249998,0.22563535157647774,0.26076962015618577,0.2682308459076234
2 m,259.499998,0.2694808634734809,0.26209932967016236,0.39915736449900696
2 m,259.749998,0.30535329372481,0.26342903918413896,0.4439831959111343
2 m,259.999998,0.3416866066832833,0.26475874869811644,0.4058610377631232
2 m,260.249998,0.36744289864596436,0.26608845821209304,0.34644713325791926
2 m,260.499998,0.37925679572416904,0.26741816772606963,0.3201301723826796
2 m,260.749998,0.3849998273748856,0.26874787724004623,0.3191722245657107
2 m,260.999998,0.37173290129627556,0.2700775867540228,0.2817199645656439
2 m,261.249998,0.3653442678478678,0.2714072962679994,0.2586456691854274
2 m,261.499998,0.3679875033596858,0.272737005781976,0.2571425623640979
2 m,261.749998,0.34468890934283447,0.2740667152959526,0.33322619061554054
2 m,261.999998,0.2977436014747461,0.2753964248099292,0.39638920465334876
2 m,262.249998,0.2335163753298799,0.2767261343239058,0.38016935163811605
2 m,262.499998,0.14681441097153058,0.2780558438378824,0.28519077563348993
2 m,262.749998,0.08696355090692709,0.279385553351859,0.16526225119327867
2 m,262.999998,0.07741960189398256,0.2807152628658356,0.1294063737716212
2 m,263.249998,0.10912204095327116,0.2820449723798122,0.199952448100791
2 m,263.499998,0.15272770019043058,0.2833746818937888,0.2544246415365088
2 m,263.749998,0.21266665475747715,0.2847043914077654,0.3517664888403596
2 m,263.999998,0.3235057120440574,0.286034100921742,0.5130086905733011
2 m,264.249998,0.46810233425775927,0.28736381043571946,0.5557674406950843
2 m,264.499998,0.550610324027466,0.28869351994969605,0.43943145937376005
2 m,264.749998,0.5407400891254959,0.29002322946367265,0.48192341302501324
2 m,264.999998,0.4639076099182393,0.29135293897764925,0.694965276983277
2 m,265.249998,0.35942540128002154,0.29268264849162584,0.810657294098092
2 m,265.499998,0.28125803474243405,0.29401235800560244,0.7139205188224387
2 m,265.749998,0.2643910321744025,0.29534206751957903,0.6635121936489103
2 m,265.999998,0.3277768732014801,0.29667177703355563,0.8222669502259903
2 m,266.249998,0.4413918843079667,0.2980014865475322,0.8119009507331304
2 m,266.499998,0.5489572778414136,0.2993311960615088,0.5976378829747825
2 m,266.749998,0.6119480468123291,0.3006609055754854,0.390673005254813
2 m,266.999998,0.5910353919681777,0.301990615089462,0.4365198554393368
2 m,267.249998,0.4774608633110766,0.3033203246034395,0.5249863604320939
2 m,267.499998,0.3251610889768113,0.3046500341174161,0.5353372718037158
2 m,267.749998,0.20086802067345388,0.3059797436313927,0.46728316664363684
2 m,267.999998,0.13992022955526817,0.3073094531453693,0.394598751547204
2 m,268.249998,0.10225729387285654,0.3086391626593459,0.30894633013463835
2 m,268.499998,0.06623493105051814,0.3099688721733225,0.2314488391760559
2 m,268.749998,0.03417647578559091,0.31129858168729907,0.262097491730298
2 m,268.999998,0.023536255219018365,0.31262829120127567,0.282344512370181
2 m,269.249998,0.03969844412070067,0.31395800071525226,0.28941730306994423
2 m,269.499998,0.06133681117351131,0.31528771022922886,0.33500989012788046
2 m,269.749998,0.05337465471167846,0.31661741974320545,0.32836806278367797
2 m,269.999998,0.06370170590768609,0.31794712925718205,0.32672398485384363
2 m,270.249998,0.0917577780510408,0.31927683877115864,0.2827205331345295
2 m,270.499998,0.10311956418718893,0.32060654828513524,0.24782342226576903
2 m,270.749998,0.07291407882988477,0.32193625779911184,0.2693122175400427
2 m,270.999998,0.01704043485397211,0.32326596731308843,0.20062090385047288
2 m,271.249998,-0.019742645788413782,0.3245956768270659,0.1003502114845935
2 m,271.499998,-0.032639754273867894,0.3259253863410425,0.118205929445644
2 m,271.749998,-0.02896866925524222,0.3272550958550191,0.1387054813872348
2 m,271.999998,0.00852475605319647,0.3285848053689957,0.26910969528547474
2 m,272.249998,0.10089262809281596,0.3299145148829723,0.47314877841123154
2 m,272.499998,0.24254672533696375,0.3312442243969489,0.6851519620253774
2 m,272.749998,0.40927777459889647,0.3325739339109255,0.7613339494969972
2 m,272.999998,0.573786635106079,0.3339036434249021,0.7037519788071761
2 m,273.249998,0.7326782237043163,0.3352333529388787,0.517853958414548
2 m,273.499998,0.7932665326392909,0.3365630624528553,0.3423620797073305
2 m,273.749998,0.7406466382806309,0.3378927719668319,0.5752885496449711
2 m,273.999998,0.5870080176538224,0.33922248148080847,0.9029020567236626
2 m,274.249998,0.3884124158680855,0.34055219099478506,1.0059448515167255
2 m,274.499998,0.20447234241048573,0.34188190050876255,0.8964466842356512
2 m,274.749998,0.05641896608720831,0.34321161002273914,0.6295138050908667
2 m,274.999998,-0.03248776187927138,0.34454131953671574,0.2822696506939224
2 m,275.249998,-0.023120411087423243,0.34587102905069234,0.2820693657409276
2 m,275.499998,0.04831351056097777,0.34720073856466893,0.31514064167686817
2 m,275.749998,0.13494718414900841,0.3485304480786455,0.29413775700190925
2 m,275.999998,0.2112301517555366,0.3498601575926221,0.2793117652235942
2 m,276.249998,0.2830222892142249,0.3511898671065987,0.2869494586702932
2 m,276.499998,0.371473375781572,0.3525195766205753,0.3349401128218732
2 m,276.749998,0.47605148447583634,0.3538492861345519,0.41136267017508055
2 m,276.999998,0.5916370763101888,0.3551789956485285,0.48151696532715715
2 m,277.249998,0.7823977498096246,0.3565087051625051,0.8260986802222917
2 m,277.499998,1.0155947393097087,0.3578384146764817,1.0447688720925055
2 m,277.749998,1.159153122521559,0.3591681241904583,0.877696923049161
2 m,277.999998,1.1410191598452082,0.3604978337044349,0.9577355484211098
2 m,278.249998,0.9713507630418015,0.3618275432184115,1.4265052018564268
2 m,278.499998,0.7164239818457272,0.36315725273238897,1.7273924019545244
2 m,278.749998,0.44295201392411077,0.36448696224636556,1.6435704910952122
2 m,278.999998,0.20768570398133956,0.36581667176034216,1.0682614264675168
2 m,279.249998,0.12900165640774564,0.36714638127431876,0.7132945798661778
2 m,279.499998,0.20383712988189107,0.36847609078829535,0.7960535911440564
2 m,279.749998,0.3545947812262602,0.36980580030227195,0.7022999936037807
2 m,279.999998,0.5282882906873114,0.37113550981624854,0.5452472654370865
2 m,280.249998,0.688634219318323,0.37246521933022514,0.5163990447180213
2 m,280.499998,0.8440361561460694,0.37379492884420173,0.6428388253852217
2 m,280.749998,0.9090192433334483,0.37512463835817833,0.6132049936561476
2 m,280.999998,0.8392510334232686,0.3764543478721549,0.8619460816222239
2 m,281.249998,0.6724612070592002,0.3777840573861315,1.3378894324372388
2 m,281.499998,0.38977687323584753,0.3791137669001081,1.7074356823744554
2 m,281.749998,0.036574848190020326,0.3804434764140856,1.706066854848662
2 m,281.999998,-0.30240019388387385,0.3817731859280622,1.3381385941724258
2 m,282.249998,-0.5432403109937853,0.3831028954420388,0.6194612014523381
2 m,282.499998,-0.6263130641123427,0.3844326049560154,0.19927125576238888
2 m,282.749998,-0.5812103149268983,0.385762314469992,0.33756004224199776
2 m,282.999998,-0.4556406835971565,0.3870920239839686,0.6343686598704599
2 m,283.249998,-0.2606073949954357,0.3884217334979452,0.8810157180582194
2 m,283.499998,-0.009445183767502918,0.38975144301192177,1.0887968361363163
2 m,283.749998,0.26480939989117225,0.39108115252589837,1.1481265222508528
2 m,283.999998,0.5051821940777481,0.39241086203987496,1.0314393545238665
2 m,284.249998,0.6149442733881427,0.39374057155385156,0.7200038721997735
2 m,284.499998,0.5397405433023215,0.39507028106782816,1.0153422969567383
2 m,284.749998,0.30544533750794045,0.39639999058180475,1.4882480001480745
2 m,284.999998,0.00629305661884505,0.39772970009578135,1.627235195077179
2 m,285.249998,-0.2817034362078905,0.39905940960975794,1.3382425992583198
2 m,285.499998,-0.4859665586650186,0.40038911912373454,0.8034780039899965
2 m,285.749998,-0.5655085266540052,0.401718828637712,0.4622762925770084
2 m,285.999998,-0.49623305665718753,0.4030485381516886,0.5602405248904185
2 m,286.249998,-0.36627184503080557,0.4043782476656652,0.5458377207405244
2 m,286.499998,-0.25230513704758106,0.4057079571796418,0.3685769650735778
2 m,286.749998,-0.19681804822145388,0.4070376666936184,0.19120408482912024
2 m,286.999998,-0.19398536189614202,0.408367376207595,0.17545304068871345
2 m,287.249998,-0.21481044411476535,0.4096970857215716,0.21231375448294168
2 m,287.499998,-0.22963694002187385,0.4110267952355482,0.20636422736952234
2 m,287.749998,-0.22623912393180845,0.4123565047495248,0.22159651358699023
2 m,287.999998,-0.19267986873059062,0.4136862142635014,0.32457618853516
2 m,288.249998,-0.12289607316892148,0.415015923777478,0.4025509552476061
2 m,288.499998,-0.03914053598878464,0.4163456332914546,0.3717635293345841
2 m,288.749998,0.03141273730312477,0.41767534280543206,0.2556554088525595
2 m,288.999998,0.07236766658121585,0.41900505231940866,0.11764616777045478
2 m,289.249998,0.08272106015630509,0.42033476183338525,0.06966753864376432
2 m,289.499998,0.05492697957426884,0.42166447134736185,0.15845875046258373
2 m,289.749998,-0.003197338762344515,0.42299418086133844,0.26824826081615394
2 m,289.999998,-0.07592435546970133,0.42432389037531504,0.32910179757837016
2 m,290.249998,-0.13843059433210492,0.42565359988929163,0.3065043513667397
2 m,290.499998,-0.15400404778345322,0.42698330940326823,0.267037291930207
2 m,290.749998,-0.1358773232856434,0.4283130189172448,0.3218778189588069
2 m,290.999998,-0.09419655188069509,0.4296427284312214,0.3925251368854596
2 m,291.249998,-0.007841488921412676,0.430972437945198,0.43830829275972566
2 m,291.499998,0.10557684015150048,0.4323021474591746,0.4213684760883273
2 m,291.749998,0.2003985334981424,0.4336318569731512,0.31503275457719654
2 m,291.999998,0.25981715225557434,0.4349615664871278,0.20538745904065261
2 m,292.249998,0.28423553477784935,0.4362912760011044,0.17768176366973504
2 m,292.499998,0.305870821985021,0.437620985515081,0.13007465352220504
2 m,292.749998,0.299863029917228,0.4389506950290576,0.15082909828170166
2 m,292.999998,0.2524228562536788,0.4402804045430351,0.22598907705593377
2 m,293.249998,0.18495789989173694,0.44161011405701167,0.2629158879401422
2 m,293.499998,0.1655661646018256,0.44293982357098827,0.24437603721858286
2 m,293.749998,0.1853650218402656,0.44426953308496486,0.30401533952162435
2 m,293.999998,0.20016186614386378,0.44559924259894146,0.3245753580167044
2 m,294.249998,0.18898304020508672,0.44692895211291805,0.34273565545055157
2 m,294.499998,0.1647889436175456,0.44825866162689465,0.4024587552221342
2 m,294.749998,0.14541995660441032,0.44958837114087125,0.42877415081888237
2 m,294.999998,0.14889152932547844,0.45091808065484784,0.43745392037695524
2 m,295.249998,0.1644550272180174,0.45224779016882444,0.48769843065447127
2 m,295.499998,0.20573547246172375,0.45357749968280103,0.5590094823579643
2 m,295.749998,0.27543193821570444,0.45490720919677763,0.515586139771359
2 m,295.999998,0.37755967510276545,0.4562369187107551,0.3882246711962888
2 m,296.249998,0.5042274634202624,0.4575666282247317,0.42062013491383565
2 m,296.499998,0.6510386624566173,0.4588963377387083,0.6917032250673413
2 m,296.749998,0.8343085779955164,0.4602260472526849,0.9960863248151567
2 m,296.999998,0.9709898647927959,0.4615557567666615,0.9508149063268747
2 m,297.249998,1.0204870462643303,0.4628854662806381,0.8175152447962504
2 m,297.499998,0.9938207441895006,0.4642151757946147,0.8921119667437761
2 m,297.749998,0.9074698315786236,0.4655448853085913,0.957814583198582
2 m,297.999998,0.7856442007752014,0.4668745948225679,0.8601603401592903
2 m,298.249998,0.6249493812155116,0.4682043043365445,0.6470617831043538
2 m,298.499998,0.46514459273275843,0.46953401385052107,0.4746264758908837
30 m,1.499998,0.1668957738648304,0.21024362187676288,0.10832497781581511
30 m,1.749998,0.16528832326398496,0.20993471602164765,0.10806488350515239
30 m,1.9999980000000002,0.1706331100015291,0.20962581016653253,0.1163702312180602
30 m,2.249998,0.18157798652094376,0.2093169043114173,0.11985265012916972
30 m,2.4999979999999997,0.188395539086251,0.20900799845630208,0.126087950754226
30 m,2.7499979999999997,0.19969868230045867,0.20869909260118696,0.12899708487111305
30 m,2.9999979999999997,0.20947444226329853,0.20839018674607174,0.12580027283152317
30 m,3.2499980000000006,0.21982803956255587,0.2080812808909565,0.12029887512688174
30 m,3.4999979999999993,0.22654138680314756,0.2077723750358414,0.11163104448754078
30 m,3.7499979999999993,0.22754128600709606,0.20746346918072617,0.11209777517931996
30 m,3.9999979999999993,0.2297001721870155,0.20715456332561094,0.10894021340731808
30 m,4.249998,0.23019987648883727,0.20684565747049583,0.11184322387498895
30 m,4.499998000000001,0.22642765120627512,0.2065367516153806,0.11609545677267924
30 m,4.749998,0.22445611570183682,0.20622784576026537,0.11296702146531136
30 m,4.999998,0.2199680921440939,0.20591893990515026,0.1180534762525353
30 m,5.249998,0.21626666804098932,0.20561003405003503,0.11847940745360669
30 m,5.499998,0.21380306916781316,0.2053011281949198,0.12001550133763131
30 m,5.749998,0.21601016396646583,0.20499222233980469,0.12130479276912222
30 m,5.999998,0.21875038926535523,0.20468331648468946,0.11967246279849114
30 m,6.249998,0.22560985368309222,0.20437441062957423,0.12567261034538177
30 m,6.499998,0.2337385946354799,0.20406550477445912,0.12188090431250055
30 m,6.749998,0.24336431131913544,0.2037565989193439,0.11858171154803407
30 m,6.999998,0.25086064885266873,0.20344769306422866,0.11314273201692858
30 m,7.249998,0.2493455261093122,0.20313878720911355,0.11308149224803853
30 m,7.499998,0.2436501298479961,0.20282988135399832,0.12080451282165103
30 m,7.749998000000001,0.23647345443534667,0.2025209754988831,0.12560206790892833
30 m,7.999998000000001,0.2305800854517917,0.20221206964376798,0.12381210596635356
30 m,8.249998,0.22941377700148718,0.20190316378865275,0.11732184642122662
30 m,8.499998,0.23165298880725899,0.20159425793353752,0.12102657740466709
30 m,8.749998,0.2379975139959683,0.2012853520784224,0.12430587947037766
30 m,8.999998,0.2529262264519552,0.20097644622330718,0.1235717937081477
30 m,9.249998,0.25809207513834315,0.20066754036819195,0.12115996691459455
30 m,9.499998,0.2633559988717065,0.20035863451307684,0.1167366633301004
30 m,9.749998,0.26313310926288863,0.2000497286579616,0.11381362594682352
30 m,9.999998,0.2584513557892499,0.1997408228028465,0.11598395165858887
30 m,10.249998,0.24709756930291443,0.19943191694773127,0.13115444363073808
30 m,10.499998,0.22988544898688207,0.19912301109261604,0.14052930004141043
30 m,10.749998,0.20775289501211008,0.19881410523750093,0.14218001680063216
30 m,10.999998,0.19659638901794912,0.1985051993823857,0.1394875578426852
30 m,11.249998,0.18149084733902293,0.19819629352727047,0.12309974738403436
30 m,11.499998,0.17703744791504922,0.19788738767215536,0.12111586230650842
30 m,11.749998,0.17991116914819988,0.19757848181704013,0.1237301791017564
30 m,11.999998,0.1872231907660304,0.1972695759619249,0.12461365872673544
30 m,12.249998,0.19984476265141032,0.1969606701068098,0.12896448765412394
30 m,12.499998,0.21125687833218648,0.19665176425169456,0.1267981705019307
30 m,12.749998,0.22111617588435067,0.19634285839657944,0.13275163738021575
30 m,12.999998,0.2317937467703875,0.19603395254146422,0.1201114735103538
30 m,13.249998,0.23653653846861472,0.195725046686349,0.11852941115570027
30 m,13.499998,0.237872080056789,0.19541614083123388,0.11291354372303244
30 m,13.749998,0.23239417048402938,0.19510723497611865,0.11744469050031056
30 m,13.999998,0.22840747225711439,0.19479832912100342,0.11792135617058704
30 m,14.249998,0.22685135108838,0.1944894232658883,0.11672086518461137
30 m,14.499998,0.2226244034465526,0.19418051741077308,0.1140599680613412
30 m,14.749998,0.2192938163992167,0.19387161155565785,0.10886531950868548
30 m,14.999998,0.21279003986561768,0.19356270570054274,0.11345594622742339
30 m,15.249998,0.20613292268497735,0.1932537998454275,0.11984099375568681
30 m,15.499998,0.19625043169822726,0.19294489399031228,0.12772179470642905
30 m,15.749998,0.18659979331022253,0.19263598813519717,0.12015493396013263
30 m,15.999998,0.1844073458542715,0.19232708228008194,0.11477730545458956
30 m,16.249998,0.18539971183908005,0.1920181764249667,0.11277100461684328
30 m,16.499998,0.19660742385180502,0.1917092705698516,0.12445442797532334
30 m,16.749998,0.2105852587976183,0.19140036471473637,0.12927425769417233
30 m,16.999998,0.22092421583812033,0.19109145885962114,0.1241195117980937
30 m,17.249998,0.22821089767512442,0.19078255300450603,0.11248933559226769
30 m,17.499998,0.22289602906096123,0.1904736471493908,0.11882365285071506
30 m,17.749998,0.21756310388314365,0.19016474129427557,0.12086228655338
30 m,17.999998,0.21159554437725653,0.18985583543916046,0.12103015602582574
30 m,18.249998,0.2135590346665645,0.18954692958404523,0.12443399187578076
30 m,18.499998,0.2229411036614692,0.18923802372893,0.1327348149164519
30 m,18.749998,0.23407998682267656,0.1889291178738149,0.13118771527013245
30 m,18.999998,0.24469942695151564,0.18862021201869966,0.12774001405785967
30 m,19.249997999999998,0.2496710215537677,0.18831130616358444,0.12120223337092252
30 m,19.499997999999998,0.24272569080509693,0.18800240030846932,0.1281611209865334
30 m,19.749997999999998,0.2313070578808037,0.1876934944533541,0.13164194323542644
30 m,19.999997999999998,0.21316760583073263,0.18738458859823887,0.11844719004040842
30 m,20.249997999999998,0.19973474065640368,0.18707568274312375,0.11797341665358499
30 m,20.499997999999994,0.19134415683142086,0.18676677688800852,0.11599387889298858
30 m,20.749997999999994,0.19104577795634686,0.1864578710328933,0.11768382943725335
30 m,20.999997999999994,0.19802022277098258,0.18614896517777818,0.11601780169062165
30 m,21.249997999999994,0.20863941247425494,0.18584005932266295,0.12286996026124482
30 m,21.499997999999994,0.217122402584281,0.18553115346754773,0.12419987861606495
30 m,21.749997999999994,0.2258816113431325,0.1852222476124326,0.12044064792434735
30 m,21.999998,0.2368360587533262,0.18491334175731738,0.11882214408500562
30 m,22.249998,0.24251897319204646,0.18460443590220216,0.11650332282450677
30 m,22.499998,0.24896551468197664,0.18429553004708704,0.11941451073542352
30 m,22.749998,0.2565380946707612,0.18398662419197181,0.11789465922786596
30 m,22.999998,0.2556827295112684,0.1836777183368566,0.12175248544228676
30 m,23.249998,0.25334618115922375,0.18336881248174147,0.12308326785150144
30 m,23.499998,0.24606034128203863,0.18305990662662625,0.12375803722979162
30 m,23.749998,0.23236091133993192,0.18275100077151102,0.1213907971461816
30 m,23.999997999999994,0.22101949190082876,0.1824420949163959,0.10982411232884667
30 m,24.249997999999994,0.21301781878496212,0.18213318906128068,0.09925715106084161
30 m,24.499997999999994,0.2171649812655138,0.18182428320616556,0.10677066584424488
30 m,24.749997999999994,0.22577533672537403,0.18151537735105033,0.10478158095997364
30 m,24.999997999999994,0.23265577386493802,0.1812064714959351,0.10762621373119133
30 m,25.249997999999994,0.23911630412242796,0.18089756564082,0.10970992169062772
30 m,25.499997999999994,0.2454972375284798,0.18058865978570476,0.108025034839665
30 m,25.749997999999994,0.2459841195275096,0.18027975393058954,0.10910791028162362
30 m,25.999997999999994,0.243345161829648,0.17997084807547442,0.10841291995843667
30 m,26.249997999999994,0.23669924924695546,0.1796619422203592,0.10721587681129599
30 m,26.499997999999994,0.22426137310209354,0.17935303636524408,0.12181158060027232
30 m,26.749997999999994,0.2052809826984518,0.17904413051012885,0.13815265917125485
30 m,26.999997999999994,0.18252290973439406,0.17873522465501362,0.14658867561243158
30 m,27.249997999999994,0.1623929818514585,0.1784263187998985,0.13540445936159146
30 m,27.499997999999994,0.14913150485298493,0.17811741294478328,0.1155156406380779
30 m,27.749997999999994,0.14255554579463786,0.17780850708966806,0.10419834902721954
30 m,27.999997999999994,0.15189996442752302,0.17749960123455294,0.12298086481098605
30 m,28.249997999999994,0.16672437313026361,0.1771906953794377,0.12520133746785847
30 m,28.499997999999994,0.1792264615135643,0.17688178952432249,0.11805028985159767
30 m,28.749997999999994,0.18857343771419138,0.17657288366920737,0.10956390642276237
30 m,28.999997999999994,0.1926422387085776,0.17626397781409214,0.1092095985840807
30 m,29.249998,0.20113150529205287,0.17595507195897692,0.11757453429079927
30 m,29.499998,0.21595218607651995,0.1756461661038617,0.1378487408666872
30 m,29.749998,0.2244096095884694,0.17533726024874657,0.14484378916614257
30 m,29.999998,0.23038343019200896,0.17502835439363135,0.13779618185477518
30 m,30.249998,0.23210947800437304,0.17471944853851612,0.13484068384657752
30 m,30.499998,0.23094753576786925,0.174410542683401,0.13264205760308592
30 m,30.749998,0.2245734936372185,0.17410163682828578,0.1281447535206961
30 m,30.999998,0.21206834595230178,0.17379273097317066,0.1157889683644298
30 m,31.249998,0.20434773431193592,0.17348382511805543,0.10819984717210192
30 m,31.499998,0.20236575037429122,0.1731749192629402,0.11057190527737888
30 m,31.749998,0.1984181837666696,0.1728660134078251,0.11536969145948123
30 m,31.999998,0.18790420200634422,0.17255710755270987,0.11867210457543298
30 m,32.249998,0.17649239449534432,0.17224820169759464,0.11536878558042876
30 m,32.499998,0.16382042949717207,0.17193929584247952,0.11724800480526854
30 m,32.749998,0.15886349145358863,0.1716303899873643,0.11633463360109308
30 m,32.999998,0.15834171823980486,0.17132148413224907,0.11561040367227057
30 m,33.249998,0.16644901616122637,0.17101257827713395,0.12159096960708772
30 m,33.499998,0.17591283819562836,0.17070367242201873,0.12474410494001603
30 m,33.749998,0.1811439889696566,0.1703947665669035,0.1214319757688565
30 m,33.999998,0.1894069621841153,0.17008586071178838,0.12013634073507438
30 m,34.249998,0.1885958696304027,0.16977695485667316,0.12192237308806912
30 m,34.499998,0.18353402596791074,0.16946804900155793,0.12300553265309068
30 m,34.749998,0.17784945014375303,0.16915914314644281,0.1192903020432735
30 m,34.999998,0.1712434073657862,0.1688502372913276,0.11785210767138316
30 m,35.249998,0.1696009471404218,0.16854133143621236,0.11669027910580564
30 m,35.499998,0.1745554205773278,0.16823242558109724,0.11869721598790335
30 m,35.749998,0.18848600721757452,0.16792351972598202,0.14518204043526936
30 m,35.999998,0.20849223249951238,0.1676146138708668,0.14325285390135634
30 m,36.249998,0.21969332844939599,0.16730570801575168,0.14063181884882128
30 m,36.499998,0.2303133873079129,0.16699680216063645,0.12679455754520863
30 m,36.749998,0.23701196365582305,0.16668789630552122,0.12120489252001021
30 m,36.999998,0.23982915488116102,0.1663789904504061,0.11699818546286608
30 m,37.249998,0.2291333329436704,0.16607008459529088,0.12144531721330135
30 m,37.499998,0.2124343542360097,0.16576117874017565,0.11948108607301335
30 m,37.749998,0.2085053619096005,0.16545227288506054,0.11831426810754787
30 m,37.999998,0.2045766717911423,0.1651433670299453,0.1224943318405463
30 m,38.249998,0.1969582911263444,0.16483446117483008,0.12209203363481608
30 m,38.499998,0.18719517866793628,0.16452555531971497,0.12232995388345731
30 m,38.749998,0.17936327695832038,0.16421664946459974,0.12055866375937592
30 m,38.999998,0.17491593042499648,0.1639077436094845,0.12701635425111849
30 m,39.249998,0.16517044511924467,0.1635988377543694,0.12920727653749398
30 m,39.499998,0.15088372144851142,0.16328993189925417,0.11761164670943693
30 m,39.749998,0.1461271348362448,0.16298102604413894,0.1106329318384887
30 m,39.999998,0.14694415930527643,0.16267212018902383,0.10773358675114322
30 m,40.249998,0.1530189130732304,0.1623632143339086,0.11570186567144677
30 m,40.499998,0.15689640413282907,0.16205430847879337,0.11491231184349754
30 m,40.749998,0.16703001937224088,0.16174540262367826,0.12038675052070434
30 m,40.999998,0.17931298171549953,0.16143649676856303,0.12106518003592281
30 m,41.249998,0.1890707983262065,0.1611275909134478,0.11806122747709434
30 m,41.499998,0.19039313399266938,0.1608186850583327,0.11664373685454602
30 m,41.749998,0.18589307500512114,0.16050977920321746,0.12258870896240284
30 m,41.999998,0.18237391234575767,0.16020087334810224,0.12371193503276132
30 m,42.249998,0.183897003484562,0.15989196749298712,0.12100211730123239
30 m,42.499998,0.18433635486359806,0.1595830616378719,0.12305654483988215
30 m,42.749998,0.18992009148832362,0.15927415578275667,0.1250836307732278
30 m,42.999998,0.20357708447977757,0.15896524992764155,0.1292558886994406
30 m,43.249998000000005,0.21725184886174326,0.15865634407252632,0.11920768616463957
30 m,43.499998000000005,0.22648829775691343,0.1583474382174111,0.10831844162475812
30 m,43.749998000000005,0.23131783461849859,0.15803853236229598,0.10837178854487871
30 m,43.999998000000005,0.24447779202702274,0.15772962650718075,0.11811652641312935
30 m,44.249998000000005,0.2584520273112449,0.15742072065206553,0.1316755817299906
30 m,44.499998000000005,0.26994714138244197,0.1571118147969504,0.12821510713997
30 m,44.749998000000005,0.2679250520079877,0.15680290894183518,0.1349294269533405
30 m,44.999998000000005,0.2582960709952898,0.15649400308671996,0.1584613241194021
30 m,45.249998000000005,0.24243960416750748,0.15618509723160484,0.17526381219750098
30 m,45.499998000000005,0.22449062449426221,0.15587619137648961,0.1676872389694892
30 m,45.749998000000005,0.2093681292773239,0.1555672855213744,0.13513546360595236
30 m,45.999998000000005,0.20541627745926644,0.15525837966625927,0.1293477065751381
30 m,46.249998,0.20838811641037408,0.15494947381114405,0.1275824387016458
30 m,46.499998,0.21620798266554458,0.15464056795602882,0.11822167944852204
30 m,46.749998,0.2119261197230184,0.1543316621009137,0.12419625860744443
30 m,46.999998,0.19753808199669248,0.15402275624579848,0.13589914823727045
30 m,47.249998,0.1773441166119903,0.15371385039068336,0.1379387830494005
30 m,47.499998,0.15943982900384795,0.15340494453556813,0.12498855560241331
30 m,47.749998,0.14537009601073408,0.1530960386804529,0.11647774185798312
30 m,47.999998,0.13769906620111222,0.1527871328253378,0.11352789974674515
30 m,48.249998,0.1323050488017971,0.15247822697022256,0.11077404642809162
30 m,48.499998,0.12961402689800533,0.15216932111510734,0.11237207559619512
30 m,48.749998,0.12753396376580234,0.15186041525999222,0.11499806747946602
30 m,48.999998,0.12696710189030053,0.151551509404877,0.11348628468190369
30 m,49.249998,0.12432734649090499,0.15124260354976177,0.11510304582145728
30 m,49.499998,0.12779188889337018,0.15093369769464665,0.11775777116142572
30 m,49.749998,0.13397540088462007,0.15062479183953142,0.12316203700079612
30 m,49.999998,0.14630524244822135,0.1503158859844162,0.12470985652619247
30 m,50.249998,0.15563203443609913,0.15000698012930108,0.12247649921723945
30 m,50.499998,0.16064148440821718,0.14969807427418585,0.12081786595750807
30 m,50.749998,0.164900780816234,0.14938916841907063,0.1189630916592525
30 m,50.999998,0.16671813660870444,0.1490802625639555,0.11634789184736752
30 m,51.249998,0.16558510801417742,0.14877135670884029,0.11254187673279174
30 m,51.499998,0.16362870100243304,0.14846245085372517,0.11630797983394998
30 m,51.749998,0.16756445534030723,0.14815354499860994,0.1192503224845692
30 m,51.999998,0.17537513922926024,0.14784463914349472,0.11292123443583504
30 m,52.249998,0.1809102229312523,0.1475357332883796,0.10866549112591821
30 m,52.499998,0.1880391741853748,0.14722682743326437,0.108845211140882
30 m,52.749998,0.19407222010738684,0.14691792157814915,0.10325941438133818
30 m,52.999998,0.20102297963696975,0.14660901572303403,0.10656543475528871
30 m,53.249998,0.21198761766997426,0.1463001098679188,0.11708320212714471
30 m,53.499998,0.2136182428289934,0.14599120401280358,0.115816646416319
30 m,53.749998,0.21349705311811434,0.14568229815768846,0.11710513124197003
30 m,53.999998,0.2081051181517592,0.14537339230257323,0.12554633566750117
30 m,54.249998,0.19549918838976682,0.145064486447458,0.13516594369021662
30 m,54.499998,0.1818323171177228,0.1447555805923429,0.13395137799375711
30 m,54.749998,0.17121682506647512,0.14444667473722766,0.1200272675402267
30 m,54.999998,0.17366148860962932,0.14413776888211244,0.12984139334235067
30 m,55.249998,0.19259355855146493,0.14382886302699732,0.1512581689323822
30 m,55.499998,0.21300147398501107,0.1435199571718821,0.15545065080330925
30 m,55.749998,0.22422351005993307,0.14321105131676687,0.13611710648720426
30 m,55.999998,0.22802986034916822,0.14290214546165175,0.13467582682125717
30 m,56.249998,0.2206324210147143,0.14259323960653653,0.14741046910998562
30 m,56.499998,0.20281631985127252,0.1422843337514213,0.15827908921825162
30 m,56.749998,0.18482928262571924,0.14197542789630618,0.14362153739050237
30 m,56.999998,0.1760406600204612,0.14166652204119096,0.12199317923690264
30 m,57.249998,0.17668731496722961,0.14135761618607573,0.12001499240205703
30 m,57.499998,0.17812109296462425,0.1410487103309606,0.12089342853026096
30 m,57.749998000000005,0.17608068913700753,0.1407398044758454,0.1224433561530611
30 m,57.999998000000005,0.17795589761244873,0.14043089862073016,0.1229673081499429
30 m,58.249998000000005,0.17901737955889724,0.14012199276561504,0.12453649549308657
30 m,58.499998000000005,0.17891224445989068,0.13981308691049982,0.12285665929480248
30 m,58.749998000000005,0.1788662921458804,0.1395041810553846,0.12133476231947375
30 m,58.999998000000005,0.19026760962042216,0.13919527520026947,0.12902915693184078
30 m,59.249998000000005,0.20055739871384054,0.13888636934515425,0.1206921961743611
30 m,59.499998000000005,0.19845258313001762,0.13857746349003902,0.119413378127983
30 m,59.749998000000005,0.18642516813527138,0.1382685576349239,0.13428450949699
30 m,59.999998000000005,0.1736493588625903,0.13795965177980868,0.1364080929715107
30 m,60.249998000000005,0.16213681720550482,0.13765074592469345,0.13217240926089108
30 m,60.499998000000005,0.1530161103260182,0.13734184006957834,0.12492184263513806
30 m,60.749998000000005,0.1441511904315423,0.1370329342144631,0.11514828741219747
30 m,60.999998000000005,0.1356505601107338,0.13672402835934788,0.12279313146322558
30 m,61.249998000000005,0.12630725497888512,0.13641512250423277,0.1313793144529819
30 m,61.499998000000005,0.11560565042350651,0.13610621664911754,0.1395115530632213
30 m,61.749998000000005,0.10545653316378306,0.1357973107940023,0.13220612792259515
30 m,61.999998000000005,0.09916065672958602,0.1354884049388872,0.12462971929263282
30 m,62.249998000000005,0.10396362298713074,0.13517949908377197,0.1306964160737283
30 m,62.499998000000005,0.11192770978164296,0.13487059322865674,0.13455262637744686
30 m,62.749998000000005,0.12664276565923477,0.13456168737354163,0.12142167358468586
30 m,62.999998000000005,0.13323491023978812,0.1342527815184264,0.11289344696891944
30 m,63.249998000000005,0.1309335983926429,0.13394387566331117,0.11631366099770112
30 m,63.499998000000005,0.12124073130106144,0.13363496980819606,0.1207445498933985
30 m,63.749998,0.11083346181263082,0.13332606395308083,0.11890718182932834
30 m,63.999998,0.10206148139791132,0.13301715809796572,0.10993351987212216
30 m,64.24999799999999,0.09854821969095978,0.1327082522428505,0.10868417957647708
30 m,64.49999799999999,0.09850010240737023,0.13239934638773526,0.1081678158151983
30 m,64.74999799999999,0.09967264435727924,0.13209044053262015,0.1058341373705098
30 m,64.99999799999999,0.10452197749083852,0.13178153467750492,0.10094294894440344
30 m,65.24999799999999,0.10477944685228052,0.1314726288223898,0.10639901291757688
30 m,65.49999799999999,0.10621378975769552,0.13116372296727458,0.11290160046328741
30 m,65.74999799999999,0.10514119103460723,0.13085481711215935,0.11402095196106854
30 m,65.99999799999999,0.10656365780952021,0.13054591125704423,0.11185499892086069
30 m,66.24999799999999,0.10686965493832151,0.130237005401929,0.11091578790753116
30 m,66.49999799999999,0.10825141686987078,0.12992809954681378,0.11140985216751818
30 m,66.74999799999999,0.10776564143657158,0.12961919369169866,0.10997558565200645
30 m,66.99999799999999,0.10963020221623482,0.12931028783658344,0.10988141427732183
30 m,67.24999799999999,0.11059094361709892,0.1290013819814682,0.10775019124065162
30 m,67.49999799999999,0.11585087391911991,0.1286924761263531,0.10448296725940338
30 m,67.74999799999999,0.11707775175567453,0.12838357027123787,0.10846535195504046
30 m,67.99999799999999,0.11178677663526199,0.12807466441612264,0.11549607025153871
30 m,68.24999799999999,0.10343100255446575,0.12776575856100753,0.12832300028052337
30 m,68.49999799999999,0.0897119074758913,0.1274568527058923,0.1372530085764396
30 m,68.74999799999999,0.07661659839262847,0.12714794685077707,0.13533694337230473
30 m,68.99999799999999,0.06620553329643081,0.12683904099566196,0.1216003984654053
30 m,69.24999799999999,0.06638679651311596,0.12653013514054673,0.11952066647569563
30 m,69.49999799999999,0.07929411996676461,0.1262212292854315,0.1356940026261996
30 m,69.74999799999999,0.09799069336115412,0.1259123234303164,0.14008552318363224
30 m,69.99999799999999,0.11650680375141936,0.12560341757520116,0.13797260753258064
30 m,70.24999799999999,0.13388234444026442,0.12529451172008593,0.12197674423404797
30 m,70.49999799999999,0.14406988152507477,0.12498560586497082,0.10984232011449271
30 m,70.74999799999999,0.15208792418834677,0.12467670000985559,0.10886336829589842
30 m,70.99999799999999,0.1516303093979871,0.12436779415474036,0.11075263701288827
30 m,71.24999799999999,0.14427154204900866,0.12405888829962525,0.11932427231310046
30 m,71.49999799999999,0.1340219773336942,0.12374998244451002,0.1259201813892217
30 m,71.74999799999999,0.12111827306375106,0.1234410765893948,0.13049884477606427
30 m,71.99999799999999,0.10806515597428762,0.12313217073427968,0.1292687142565131
30 m,72.24999799999999,0.09206149154981896,0.12282326487916445,0.12708902175248668
30 m,72.49999799999999,0.07842535747299301,0.12251435902404922,0.1180005387854927
30 m,72.74999799999999,0.07246118115991568,0.12220545316893411,0.11214433263893368
30 m,72.99999799999999,0.06961121835153478,0.12189654731381888,0.11206183172877238
30 m,73.24999799999999,0.06838750472791366,0.12158764145870365,0.10923400490609386
30 m,73.49999799999999,0.07055512730497226,0.12127873560358854,0.11217386316163752
30 m,73.74999799999999,0.07627839403589654,0.12096982974847331,0.11627006749294548
30 m,73.99999799999999,0.08408542205395292,0.12066092389335809,0.10878494746521969
30 m,74.24999799999999,0.08604233845976028,0.12035201803824297,0.11242150632427385
30 m,74.49999799999999,0.08991417506184401,0.12004311218312774,0.1114547037096978
30 m,74.74999799999999,0.09007145571877156,0.11973420632801252,0.11149059087176122
30 m,74.99999799999999,0.08496276889549331,0.1194253004728974,0.1139809996980239
30 m,75.24999799999999,0.0788346920018888,0.11911639461778217,0.11614401591505072
30 m,75.49999799999999,0.07902403027619337,0.11880748876266695,0.11394729275099463
30 m,75.74999799999999,0.08318135079689026,0.11849858290755183,0.1136191796472615
30 m,75.99999799999999,0.093092793803973,0.1181896770524366,0.1248520036612517
30 m,76.24999799999999,0.10217937550441919,0.11788077119732138,0.12604079810034982
30 m,76.49999799999999,0.11568681688035615,0.11757186534220626,0.11935521807029298
30 m,76.74999799999999,0.12523883374907469,0.11726295948709103,0.10866359464519756
30 m,76.99999799999999,0.13142196443624538,0.11695405363197581,0.109546988454319
30 m,77.24999799999999,0.1356848418961511,0.11664514777686069,0.11230948941090585
30 m,77.49999799999999,0.14382149422582818,0.11633624192174546,0.1144585056644572
30 m,77.74999799999999,0.14737535290291798,0.11602733606663024,0.11929045043315212
30 m,77.99999799999999,0.149879444765542,0.11571843021151512,0.11643183154823879
30 m,78.24999799999999,0.14824720726686386,0.1154095243563999,0.11938447518209035
30 m,78.49999799999999,0.13879930131485246,0.11510061850128478,0.13233315351529573
30 m,78.74999799999999,0.12348312064363148,0.11479171264616955,0.13666772615248113
30 m,78.99999799999999,0.11119374314740377,0.11448280679105433,0.12484249753963063
30 m,79.24999799999999,0.10702521273523252,0.11417390093593921,0.11819702572852432
30 m,79.49999799999999,0.10775870553551697,0.11386499508082398,0.11831132192536047
30 m,79.74999799999999,0.10788425718218048,0.11355608922570876,0.11527431308231498
30 m,79.99999799999999,0.11192539006983221,0.11324718337059364,0.11138000057573452
30 m,80.24999799999999,0.11398997058644939,0.11293827751547841,0.1084096387516854
30 m,80.49999799999999,0.11002011224673264,0.11262937166036319,0.10911193391783909
30 m,80.74999799999999,0.10147605237207685,0.11232046580524807,0.10639617494167594
30 m,80.99999799999999,0.09217194823049596,0.11201155995013284,0.10237599064960766
30 m,81.24999799999999,0.08836725695999431,0.11170265409501762,0.10382881992626491
30 m,81.49999799999999,0.08719452382800252,0.1113937482399025,0.10470749529540878
30 m,81.74999799999999,0.08105544985720131,0.11108484238478727,0.10205776166802967
30 m,81.99999799999999,0.08037051463534584,0.11077593652967205,0.10477372374898195
30 m,82.24999799999999,0.07900117793811784,0.11046703067455693,0.10826784211262017
30 m,82.49999799999999,0.0816676652849147,0.1101581248194417,0.10864248348535696
30 m,82.74999799999999,0.08775042796734811,0.10984921896432648,0.11246855345146169
30 m,82.99999799999999,0.09401637101406574,0.10954031310921136,0.11557295151098268
30 m,83.24999799999999,0.10260005194932681,0.10923140725409614,0.1133185949808364
30 m,83.49999799999999,0.11256839401368529,0.10892250139898091,0.10644017332269676
30 m,83.74999799999999,0.11612221909699877,0.10861359554386579,0.10382303166195368
30 m,83.99999799999999,0.1162117167823355,0.10830468968875057,0.10395757942943992
30 m,84.24999799999999,0.11013238789743524,0.10799578383363545,0.10127212559126007
30 m,84.49999799999999,0.1064406377031531,0.10768687797852022,0.10162116884290824
30 m,84.74999799999999,0.10786065261899042,0.107377972123405,0.1017851280369619
30 m,84.99999799999999,0.1098650270172637,0.10706906626828988,0.09990428791820452
30 m,85.24999799999999,0.11391420749224984,0.10676016041317465,0.10434953443128932
30 m,85.49999799999999,0.11642608319103437,0.10645125455805943,0.10470989245659626
30 m,85.74999799999999,0.11806992359418073,0.10614234870294431,0.11223773488794805
30 m,85.99999799999999,0.11296615674973048,0.10583344284782908,0.11546659323292274
30 m,86.24999799999999,0.10491883412232456,0.10552453699271386,0.1156887910474215
30 m,86.49999799999999,0.100355372871692,0.10521563113759874,0.11185167514248517
30 m,86.74999799999999,0.10967583238561734,0.10490672528248352,0.1287699374220594
30 m,86.99999799999999,0.12948608040685322,0.10459781942736829,0.16308870494421726
30 m,87.24999799999999,0.1487248433933816,0.10428891357225317,0.15818456113575055
30 m,87.49999799999999,0.16226827076497535,0.10398000771713795,0.1463956401749054
30 m,87.74999799999999,0.1714706593371907,0.10367110186202272,0.12283165861109768
30 m,87.99999799999999,0.1734900623740117,0.1033621960069076,0.12418684371459686
30 m,88.24999799999999,0.1755501095210072,0.10305329015179238,0.12418536513460025
30 m,88.49999799999999,0.17698375163444485,0.10274438429667715,0.12854780495077295
30 m,88.74999799999999,0.17558806088212237,0.10243547844156203,0.13001512926246492
30 m,88.99999799999999,0.17625086080696922,0.1021265725864468,0.12815307113667343
30 m,89.24999799999999,0.1690225899037177,0.10181766673133158,0.14216118831937927
30 m,89.49999799999999,0.16415529817301405,0.10150876087621646,0.140615927474074
30 m,89.74999799999999,0.1507876509182587,0.10119985502110124,0.1318860672126323
30 m,89.99999799999999,0.13456498645956932,0.10089094916598601,0.12005317758097414
30 m,90.24999799999999,0.11942725386272596,0.1005820433108709,0.11604576719654103
30 m,90.49999799999999,0.1152913182598358,0.10027313745575567,0.11896648878896747
30 m,90.74999799999999,0.10982375695393559,0.09996423160064044,0.12095355009696496
30 m,90.99999799999999,0.10483302439516856,0.09965532574552532,0.1177656776406891
30 m,91.24999799999999,0.09390681291052455,0.0993464198904101,0.11137944336968013
30 m,91.49999799999999,0.08596010177373814,0.09903751403529487,0.116198632045289
30 m,91.74999799999999,0.07960385297760925,0.09872860818017976,0.1245399970653245
30 m,91.99999799999999,0.07154735738897211,0.09841970232506453,0.1286315813774426
30 m,92.24999799999999,0.06384417817822763,0.0981107964699493,0.12352929653399108
30 m,92.49999799999999,0.057709456735011044,0.09780189061483419,0.1201244146394651
30 m,92.74999799999999,0.05560755845969856,0.09749298475971896,0.1204956722311374
30 m,92.99999799999999,0.060207941292052314,0.09718407890460373,0.12206202928521964
30 m,93.24999799999999,0.06954149391944486,0.09687517304948862,0.11778011761778379
30 m,93.49999799999999,0.07223620329371755,0.09656626719437339,0.11850327788183315
30 m,93.74999799999999,0.07756047601062194,0.09625736133925816,0.11320070134342383
30 m,93.99999799999999,0.07923196369037483,0.09594845548414305,0.11213617674026452
30 m,94.24999799999999,0.08211741682630203,0.09563954962902782,0.11112910960640855
30 m,94.49999799999999,0.08067630227045736,0.0953306437739126,0.11033337515830358
30 m,94.74999799999999,0.08384945478667871,0.09502173791879748,0.10802849464572938
30 m,94.99999799999999,0.08615423249513182,0.09471283206368225,0.11254538602560533
30 m,95.24999799999999,0.08987891797791359,0.09440392620856702,0.11009154335609189
30 m,95.49999799999999,0.08828056846326127,0.09409502035345191,0.10999191161049315
30 m,95.74999799999999,0.09205314153263083,0.09378611449833668,0.10909882961070291
30 m,95.99999799999999,0.09369767982996563,0.09347720864322145,0.10712888912893309
30 m,96.24999799999999,0.09657814719074581,0.09316830278810634,0.10794510726521903
30 m,96.49999799999999,0.09914878080915684,0.09285939693299111,0.10879027257500248
30 m,96.74999799999999,0.10632069990349485,0.092550491077876,0.11216872954179881
30 m,96.99999799999999,0.10959975734163424,0.09224158522276077,0.10842433598677713
30 m,97.24999799999999,0.1104686490583568,0.09193267936764554,0.11301874347475517
30 m,97.49999799999999,0.10775893369142925,0.09162377351253043,0.11055547329635819
30 m,97.74999799999999,0.10907816043711699,0.0913148676574152,0.11039383754121822
30 m,97.99999799999999,0.10537404760925245,0.09100596180229997,0.10680068812117273
30 m,98.24999799999999,0.10251532230413868,0.09069705594718486,0.10553992828017227
30 m,98.49999799999999,0.10192234729336919,0.09038815009206963,0.10512727512636769
30 m,98.74999799999999,0.10530456997523857,0.0900792442369544,0.10312873827030475
30 m,98.99999799999999,0.10640423500690305,0.08977033838183923,0.10267081697572074
30 m,99.24999799999999,0.10727668961007314,0.08946143252672406,0.09687580145601599
30 m,99.49999799999999,0.11234385094260274,0.08915252667160889,0.10138471078287165
30 m,99.74999799999999,0.12332302949554513,0.08884362081649366,0.1051120431082301
30 m,99.99999799999999,0.1305314649445472,0.08853471496137849,0.10761693624488038
30 m,100.24999799999999,0.1351807603424931,0.08822580910626332,0.10820165029975712
30 m,100.49999799999999,0.1353765293193004,0.08791690325114809,0.10760623683555019
30 m,100.74999799999999,0.1332703012345326,0.08760799739603292,0.10868490707152786
30 m,100.99999799999999,0.12337936572159086,0.08729909154091775,0.11623897879112718
30 m,101.24999799999999,0.11589739991206799,0.08699018568580258,0.11597397293450606
30 m,101.49999799999999,0.11444591504669216,0.08668127983068735,0.11820689670321909
30 m,101.74999799999999,0.11497110781074976,0.08637237397557218,0.12261654906008815
30 m,101.99999799999999,0.11693966824258067,0.08606346812045701,0.11934185009105892
30 m,102.24999800000002,0.12381553237626636,0.08575456226534178,0.11662350789109041
30 m,102.49999800000002,0.12786928404783976,0.08544565641022656,0.11516562434842952
30 m,102.74999800000002,0.129798277241795,0.08513675055511138,0.1133925391785881
30 m,102.99999800000002,0.12932732090794002,0.08482784469999621,0.11380605410229802
30 m,103.24999800000002,0.12970816800621005,0.08451893884488099,0.11413452312896846
30 m,103.49999800000002,0.13179952604585016,0.08421003298976582,0.10710871987318535
30 m,103.74999800000002,0.12283287658672287,0.08390112713465064,0.11132063786041481
30 m,103.99999800000002,0.11463651906423161,0.08359222127953542,0.11484826053641825
30 m,104.24999800000002,0.10199029984954638,0.08328331542442025,0.12695571195515218
30 m,104.49999800000002,0.08447245353833527,0.08297440956930507,0.13605128577873626
30 m,104.74999800000002,0.06217051789689976,0.08266550371418985,0.12682141089473578
30 m,104.99999800000002,0.054956371817797556,0.08235659785907468,0.11135190650212003
30 m,105.24999800000002,0.053396847813355464,0.0820476920039595,0.10918856520250786
30 m,105.49999800000002,0.05648386083030371,0.08173878614884428,0.11499351613939529
30 m,105.74999800000002,0.057858854019268935,0.0814298802937291,0.1161603014581892
30 m,105.99999800000002,0.07309239795642519,0.08112097443861394,0.12257046909325116
30 m,106.24999800000002,0.08488665811855906,0.08081206858349871,0.11554796312792673
30 m,106.49999800000002,0.0890656367804532,0.08050316272838354,0.1140998860299204
30 m,106.74999800000002,0.09296603892965721,0.08019425687326837,0.1177729564943193
30 m,106.99999800000002,0.10606558698552199,0.0798853510181532,0.1210474973891943
30 m,107.24999800000002,0.11981072987773406,0.07957644516303797,0.12002509724252955
30 m,107.49999800000002,0.12358220601223929,0.0792675393079228,0.11392774646819412
30 m,107.74999800000002,0.11687513145957601,0.07895863345280763,0.11977351374098484
30 m,107.99999800000002,0.1083510874805324,0.0786497275976924,0.13244630894622506
30 m,108.24999800000002,0.09502384249969226,0.07834082174257723,0.14831445491765585
30 m,108.49999800000002,0.0700882514185715,0.07803191588746206,0.14389586099594834
30 m,108.74999800000002,0.0444291991838775,0.07772301003234683,0.13331359206051646
30 m,108.99999800000002,0.027151818933501992,0.07741410417723166,0.11441618162133622
30 m,109.24999800000002,0.021229007418919477,0.07710519832211649,0.11002462343768679
30 m,109.49999800000002,0.032182201991732495,0.07679629246700126,0.13618128120616152
30 m,109.74999800000002,0.05066812688940625,0.07648738661188609,0.1579137544609942
30 m,109.99999800000002,0.06559905995679138,0.07617848075677092,0.15976940229985367
30 m,110.24999800000002,0.07935780839063822,0.07586957490165575,0.14215774000763595
30 m,110.49999800000002,0.08657890430448606,0.07556066904654052,0.13377079851858767
30 m,110.74999800000002,0.08395467963358066,0.07525176319142535,0.13734734605348495
30 m,110.99999800000002,0.07785477696121673,0.07494285733631018,0.1360701932245838
30 m,111.24999800000002,0.06473785289916933,0.07463395148119495,0.12030571373295777
30 m,111.49999800000002,0.061348959843276984,0.07432504562607978,0.11623280686753185
30 m,111.74999800000002,0.06180985644435549,0.0740161397709646,0.11112793325113308
30 m,111.99999800000002,0.055765539485043425,0.07370723391584938,0.11610191740307392
30 m,112.24999800000002,0.04767638147742759,0.07339832806073421,0.12289948714038874
30 m,112.49999800000002,0.03129154494997355,0.07308942220561904,0.1358626356663512
30 m,112.74999800000002,0.016614539072928758,0.07278051635050381,0.12994794515598276
30 m,112.99999800000002,0.0073890339401089244,0.07247161049538864,0.12225151273415531
30 m,113.24999800000002,0.0058300597746829275,0.07216270464027347,0.1208580849916528
30 m,113.49999799999999,0.01044550001503125,0.0718537987851583,0.1259733512326522
30 m,113.74999799999999,0.022881223669888928,0.07154489293004312,0.12603928872014672
30 m,113.99999799999999,0.031477716251650245,0.0712359870749279,0.12445854841717414
30 m,114.24999799999999,0.042850274913920794,0.07092708121981273,0.11270332615752347
30 m,114.49999799999999,0.042338134159430885,0.07061817536469756,0.11316368373806691
30 m,114.74999799999999,0.040234419293524504,0.07030926950958233,0.1143075420931939
30 m,114.99999799999999,0.042698717420101784,0.07000036365446716,0.11665760285462261
30 m,115.24999799999999,0.042761183878400444,0.06969145779935199,0.11430995722966937
30 m,115.49999799999999,0.03766220083215588,0.06938255194423676,0.11359698605616647
30 m,115.74999799999999,0.031779539831056414,0.06907364608912159,0.12032718459729357
30 m,115.99999799999999,0.020692225270327158,0.06876474023400642,0.12228929644042076
30 m,116.24999799999999,0.015811644298498906,0.06845583437889119,0.12401412514176698
30 m,116.49999799999999,0.007774290711768328,0.06814692852377602,0.12059251084958728
30 m,116.74999799999999,-0.002569900304003614,0.06783802266866085,0.10954068626605619
30 m,116.99999799999999,-0.006477036012978832,0.06752911681354568,0.1126830047415397
30 m,117.24999799999999,-0.01140698097542514,0.06722021095843045,0.11543186037746475
30 m,117.49999799999999,-0.017673123519601097,0.06691130510331528,0.11928845304206755
30 m,117.74999799999999,-0.01872165213615401,0.0666023992482001,0.11773807608233028
30 m,117.99999799999999,-0.015655559770468508,0.06629349339308488,0.1251475722908268
30 m,118.24999799999999,-0.0015706599093559537,0.06598458753796971,0.13988763651239064
30 m,118.49999799999999,0.014726171798518484,0.06567568168285454,0.1386827295364439
30 m,118.74999799999999,0.030119644194458006,0.06536677582773931,0.12802312758484594
30 m,118.99999799999999,0.04805280871197892,0.06505786997262414,0.11732713847749635
30 m,119.24999799999999,0.05953361437292998,0.06474896411750897,0.10393666971095201
30 m,119.49999799999999,0.05619400592305207,0.06444005826239374,0.10927374198672217
30 m,119.74999799999999,0.04168401529182875,0.06413115240727857,0.12760423355643094
30 m,119.99999799999999,0.028611987903567393,0.0638222465521634,0.13137114381468845
30 m,120.24999799999999,0.014921574099689916,0.06351334069704823,0.13700583063384955
30 m,120.49999799999999,0.0004316240307286612,0.063204434841933,0.13034166861930815
30 m,120.74999799999999,-0.011446960345373403,0.06289552898681783,0.11028343594173394
30 m,120.99999799999999,-0.00746660449463632,0.06258662313170266,0.11735685556525328
30 m,121.24999799999999,0.005508212253482192,0.06227771727658743,0.12661226052493751
30 m,121.49999799999999,0.01693168194005118,0.06196881142147226,0.12163694975493862
30 m,121.74999799999999,0.019866390631888164,0.06165990556635709,0.12142660379384829
30 m,121.99999799999999,0.020173227587513665,0.06135099971124186,0.12191992875205838
30 m,122.24999799999999,0.011679900934506604,0.06104209385612669,0.12875757239764732
30 m,122.49999799999999,0.0006262579516819189,0.06073318800101152,0.12879976141193364
30 m,122.74999799999999,-0.009956958037099617,0.06042428214589629,0.121220651381171
30 m,122.99999799999999,-0.015431965747836784,0.06011537629078112,0.11653346190887343
30 m,123.24999799999999,-0.010949954449626986,0.05980647043566595,0.12040164677155303
30 m,123.49999799999999,-0.004792232581840916,0.05949756458055072,0.11810139432691531
30 m,123.74999799999999,0.006616111701242378,0.05918865872543555,0.1142917798575822
30 m,123.99999799999999,0.018805407700511034,0.05887975287032038,0.1087700842387713
30 m,124.24999799999999,0.03180546168110138,0.05857084701520515,0.12062917027267772
30 m,124.49999799999999,0.041131653117805256,0.05826194116008998,0.11629616869850408
30 m,124.74999799999999,0.04805733582576477,0.05795303530497481,0.11608087736319253
30 m,124.99999799999999,0.0504117068296322,0.05764412944985958,0.11070372507810965
30 m,125.24999799999999,0.05408695008124109,0.05733522359474441,0.11323043648510706
30 m,125.49999799999999,0.05152614362826802,0.05702631773962924,0.11551221046542152
30 m,125.74999799999999,0.04887109939388434,0.05671741188451407,0.11986758557309993
30 m,125.99999799999999,0.04387593869866668,0.05640850602939884,0.1241597540276426
30 m,126.24999799999999,0.04181820491801991,0.05609960017428367,0.11810051018097636
30 m,126.49999799999999,0.038655516512592025,0.0557906943191685,0.11861201863775099
30 m,126.74999799999999,0.03324090062025131,0.05548178846405327,0.11816988155107898
30 m,126.99999799999999,0.03156907012719923,0.0551728826089381,0.11926758088781475
30 m,127.24999799999999,0.034083072752600974,0.05486397675382293,0.11414144650944563
30 m,127.49999799999999,0.038079610545646514,0.0545550708987077,0.11511126509301153
30 m,127.74999799999999,0.04437802495546617,0.05424616504359253,0.1111338432081529
30 m,127.99999800000002,0.04777678652825784,0.053937259188477304,0.10663488323382796
30 m,128.249998,0.04791609225869781,0.05362835333336213,0.1104307869290911
30 m,128.499998,0.048740307044986164,0.05331944747824696,0.11335450875823189
30 m,128.749998,0.04604414900594134,0.053010541623131735,0.11181169833325019
30 m,128.999998,0.05164869738790634,0.052701635768016564,0.11837895465772234
30 m,129.249998,0.05966269640554922,0.05239272991290139,0.12589851219163523
30 m,129.499998,0.06613983228723519,0.052083824057786166,0.12316310296120736
30 m,129.749998,0.07297665684961935,0.051774918202670994,0.11873974887465186
30 m,129.999998,0.07809759659870447,0.05146601234755582,0.11356710993476003
30 m,130.249998,0.08149342759719658,0.05115710649244065,0.10749342413254927
30 m,130.499998,0.08564416213013676,0.050848200637325425,0.11205484554577776
30 m,130.749998,0.09037813870860306,0.05053929478221025,0.11590777332439994
30 m,130.999998,0.10406840923047717,0.05023038892709508,0.12420541604261377
30 m,131.249998,0.11304324734654309,0.049921483071979855,0.11579884298403327
30 m,131.499998,0.11271357326500947,0.049612577216864684,0.11943685533726472
30 m,131.749998,0.10368235637106332,0.04930367136174951,0.13251484214643
30 m,131.999998,0.0935493122514302,0.048994765506634286,0.13833431339577074
30 m,132.249998,0.08341224567922262,0.048685859651519114,0.13266630000446283
30 m,132.499998,0.07462242245324746,0.04837695379640394,0.12068350820839131
30 m,132.749998,0.07133351974641144,0.048068047941288716,0.11708708451712035
30 m,132.999998,0.07399007996711737,0.047759142086173545,0.11841888360668021
30 m,133.249998,0.07566977023729138,0.047450236231058374,0.12068426306359646
30 m,133.499998,0.07779487180093342,0.04714133037594315,0.12076755313551524
30 m,133.749998,0.07823485927025631,0.046832424520827975,0.12151866878973466
30 m,133.999998,0.08104444262234556,0.046523518665712804,0.11908704411070772
30 m,134.249998,0.08787907934362738,0.04621461281059763,0.12101254996992532
30 m,134.499998,0.08573311706866471,0.045905706955482406,0.1254587399105015
30 m,134.749998,0.08314221236089009,0.045596801100367235,0.1302255240091494
30 m,134.999998,0.0754057610888243,0.04528789524525206,0.1356158515046542
30 m,135.249998,0.059193780887347724,0.044978989390136837,0.1421463231925288
30 m,135.499998,0.0423791526651221,0.044670083535021665,0.13844627411727226
30 m,135.749998,0.029627848636744447,0.044361177679906494,0.12789997905473868
30 m,135.999998,0.025394592424354212,0.04405227182479127,0.12224906317579211
30 m,136.249998,0.0252754338453004,0.043743365969676096,0.12154961248359641
30 m,136.499998,0.017831490313012288,0.043434460114560924,0.12016743303597727
30 m,136.749998,0.011534870113878992,0.0431255542594457,0.1223915636076123
30 m,136.999998,0.008082143025680832,0.042816648404330526,0.12276717685260845
30 m,137.249998,0.008399292948232051,0.042507742549215355,0.12211240955574394
30 m,137.499998,0.017513555860731778,0.04219883669410013,0.13840407879664668
30 m,137.749998,0.03292881378030238,0.04188993083898496,0.16080570765562296
30 m,137.999998,0.05829767819303994,0.041581024983869785,0.16099435827678962
30 m,138.249998,0.07493423995535464,0.04127211912875456,0.13975188950243086
30 m,138.499998,0.08039237859908527,0.04096321327363939,0.12849718257822193
30 m,138.749998,0.06709735831077246,0.040654307418524216,0.1576213961881551
30 m,138.999998,0.04517983727390201,0.04034540156340899,0.16847112983900925
30 m,139.249998,0.019177843639818948,0.04003649570829382,0.1570194277994831
30 m,139.499998,-0.0014740760319591484,0.039727589853178646,0.13582722012699078
30 m,139.749998,-0.017730127910691007,0.039418683998063475,0.11589472604369754
30 m,139.999998,-0.0213070857717626,0.03910977814294825,0.11579975140510325
30 m,140.249998,-0.018832250887051483,0.03880087228783308,0.1131922005840825
30 m,140.499998,-0.006147794029428777,0.038491966432717906,0.12118653818355965
30 m,140.749998,0.00030829977363089345,0.03818306057760268,0.1197301952082624
30 m,140.999998,0.004957135258729151,0.03787415472248751,0.11843468983250355
30 m,141.249998,0.003935157781766174,0.037565248867372336,0.12100415517084603
30 m,141.499998,-0.0030109328147339687,0.03725634301225711,0.13068003518979823
30 m,141.749998,-0.018645265126692734,0.03694743715714194,0.1385027067059036
30 m,141.999998,-0.033224368889956224,0.03663853130202677,0.12869668483873536
30 m,142.249998,-0.047647563265915294,0.03632962544691154,0.1141665859163395
30 m,142.499998,-0.05355885720478143,0.03602071959179637,0.1116626432884197
30 m,142.749998,-0.0538154606386379,0.0357118137366812,0.10490108589080445
30 m,142.999998,-0.04965137561219768,0.03540290788156597,0.10589533067511787
30 m,143.249998,-0.0356945821163967,0.0350940020264508,0.1137325382513138
30 m,143.499998,-0.02133887054486655,0.03478509617133563,0.12459831919376796
30 m,143.749998,-0.012024516075469727,0.034476190316220456,0.12441906537656722
30 m,143.999998,-0.00415035745621567,0.03416728446110523,0.11632288563324723
30 m,144.249998,0.0,0.03385837860599006,0.11310062067228017
30 m,144.499998,0.00036677144209917856,0.03354947275087489,0.11000204934701623
30 m,144.749998,-0.0008293308212865003,0.03324056689575966,0.11243990312620794
30 m,144.999998,-0.003270997703680223,0.03293166104064449,0.11061074444329885
30 m,145.249998,-0.0021376555394257424,0.03262275518552932,0.1116763171558361
30 m,145.499998,-0.004228642906248026,0.03231384933041409,0.10602764914547512
30 m,145.749998,-0.007531496845184671,0.03200494347529892,0.10585691400353864
30 m,145.999998,-0.015043763574019098,0.03169603762018375,0.10743520586965177
30 m,146.249998,-0.021105930924077365,0.03138713176506852,0.10893431125957152
30 m,146.499998,-0.026087102035098952,0.03107822590995335,0.10461030700149389
30 m,146.749998,-0.02761434624294229,0.03076932005483818,0.1073772690061182
30 m,146.999998,-0.028072027218920048,0.03046041419972295,0.10743634199656373
30 m,147.249998,-0.022662340635629608,0.03015150834460778,0.1082409908479962
30 m,147.499998,-0.015550257483185281,0.02984260248949261,0.11459542580078709
30 m,147.749998,-0.0058299572360294705,0.029533696634377382,0.12127335296621006
30 m,147.999998,0.00040146835058130215,0.02922479077926221,0.11821929542441872
30 m,148.249998,0.0042816054941386406,0.02891588492414704,0.11441164791169492
30 m,148.499998,0.004919560968976333,0.028606979069031868,0.11550881369334956
30 m,148.749998,0.004134401510803853,0.02829807321391664,0.11742979686825913
30 m,148.999998,-0.0030741040395045327,0.02798916735880147,0.11418142297847458
30 m,149.249998,-0.011103596607211497,0.0276802615036863,0.1120819217474697
30 m,149.499998,-0.01677708242530518,0.027371355648571072,0.11334829149734471
30 m,149.749998,-0.01593834918961029,0.0270624497934559,0.11244658964512988
30 m,149.999998,-0.014747325615235563,0.02675354393834073,0.11639089226924008
30 m,150.249998,-0.010500041125833581,0.026444638083225502,0.11817226845499963
30 m,150.499998,-0.005634844171881204,0.02613573222811033,0.12111177067541641
30 m,150.749998,-0.006343888121486452,0.02582682637299516,0.12012860927277752
30 m,150.999998,-0.001768974825182179,0.025517920517879933,0.1217551177923204
30 m,151.249998,0.009755675778753692,0.02520901466276476,0.12867375042048862
30 m,151.499998,0.026721094527060063,0.02490010880764959,0.14997154703949026
30 m,151.749998,0.051975882265948126,0.024591202952534363,0.16992150441866105
30 m,151.999998,0.07844832958251052,0.024282297097419192,0.17649268606723714
30 m,152.249998,0.10145598610027778,0.02397339124230402,0.15533610171262957
30 m,152.499998,0.11939636589380592,0.023664485387188794,0.11653406668504457
30 m,152.749998,0.12205356007501095,0.023355579532073623,0.11079009886432598
30 m,152.999998,0.10383427127648787,0.02304667367695845,0.14076723080323553
30 m,153.249998,0.07411775678392751,0.02273776782184328,0.17290663078318827
30 m,153.499998,0.040833346988474906,0.022428861966728053,0.18415023768142458
30 m,153.749998,0.004987150400921014,0.022119956111612882,0.1832574441157364
30 m,153.999998,-0.027259457649578656,0.02181105025649771,0.1729533665179525
30 m,154.249998,-0.05689939372045949,0.021502144401382484,0.14422903580949106
30 m,154.499998,-0.07878653786686257,0.021193238546267312,0.12305200309653883
30 m,154.749998,-0.08062754869160044,0.02088433269115214,0.1191136197260033
30 m,154.999998,-0.07104733923317114,0.020575426836036914,0.13541312102688613
30 m,155.249998,-0.05991075853565836,0.020266520980921743,0.1452678791566504
30 m,155.499998,-0.04167165197800993,0.01995761512580657,0.14360963732335424
30 m,155.749998,-0.023527381095191036,0.019648709270691345,0.13952649918990903
30 m,155.999998,-0.008166709203201561,0.019339803415576173,0.12532700992538984
30 m,156.249998,0.0053971046007589285,0.019030897560461002,0.11480991135772689
30 m,156.499998,0.014090104356509148,0.018721991705345775,0.1192378251632791
30 m,156.749998,0.017786046158815683,0.018413085850230604,0.12104089328663949
30 m,156.999998,0.02282713422172261,0.018104179995115433,0.11453069932870671
30 m,157.249998,0.01970947163007003,0.017795274140000206,0.11544344769702154
30 m,157.499998,0.016652085996210764,0.017486368284885034,0.11454083481188544
30 m,157.749998,0.01415104758788266,0.017177462429769863,0.11635523726863824
30 m,157.999998,0.01157044331822571,0.01686855657465469,0.11152219616528168
30 m,158.249998,0.007867289607733696,0.016559650719539465,0.11366283523946649
30 m,158.499998,0.008548213277863259,0.016250744864424294,0.11288415253285435
30 m,158.749998,0.005771168237674595,0.015941839009309122,0.11404558786797932
30 m,158.999998,-0.0007032021736174676,0.015632933154193895,0.12083450889227128
30 m,159.249998,-0.01146572711176419,0.015324027299078724,0.12169144592795704
30 m,159.499998,-0.0238676477249401,0.015015121443963553,0.12396150120421884
30 m,159.749998,-0.03756721247770378,0.014706215588848326,0.11593909353321034
30 m,159.999998,-0.04486172130449029,0.014397309733733155,0.11446028247892008
30 m,160.249998,-0.0538836192732407,0.014088403878617983,0.11231189467705979
30 m,160.499998,-0.057742803599368175,0.013779498023502756,0.11357879339147314
30 m,160.749998,-0.05704642538169069,0.013470592168387585,0.11313655373202552
30 m,160.999998,-0.0535833021893759,0.013161686313272414,0.11298202277691528
30 m,161.249998,-0.04620026082376022,0.012852780458157187,0.1153397489104731
30 m,161.499998,-0.03686271927415563,0.012543874603042016,0.11600542570700947
30 m,161.749998,-0.028621161239332227,0.012234968747926844,0.11815602938137647
30 m,161.999998,-0.019832503918056743,0.011926062892811673,0.1189510914997584
30 m,162.249998,-0.013552407319324222,0.011617157037696446,0.1179512281660467
30 m,162.499998,-0.0041681513969765716,0.011308251182581275,0.1167566696728229
30 m,162.749998,0.0011764099816634621,0.010999345327466103,0.11986452240118572
30 m,162.999998,0.0024275092416030652,0.010690439472350877,0.12123367300220138
30 m,163.249998,0.001562788794858827,0.010381533617235705,0.1208445652244205
30 m,163.499998,0.0007813377742256211,0.010072627762120534,0.11733561432001308
30 m,163.749998,-0.0027211293799834224,0.009763721907005307,0.1177503448473117
30 m,163.999998,-0.00662896865174134,0.009454816051890136,0.11398097711649742
30 m,164.249998,-0.009768200716599729,0.009145910196774965,0.11022485420098806
30 m,164.499998,-0.00707172776815812,0.008837004341659738,0.10770422996336439
30 m,164.749998,0.003316512759868384,0.008528098486544566,0.11587869284117264
30 m,164.999998,0.009264337890449725,0.008219192631429395,0.11605927959261474
30 m,165.249998,0.015017254388657753,0.007910286776314168,0.11616194233050316
30 m,165.499998,0.021171644634689624,0.007601380921198997,0.11411802835729679
30 m,165.749998,0.024111413394657277,0.0072924750660838256,0.11342411004151287
30 m,165.999998,0.023321862561023754,0.006983569210968599,0.11394197705747908
30 m,166.249998,0.01754658540355908,0.006674663355853427,0.11786909761374252
30 m,166.499998,0.005882136480456657,0.006365757500738256,0.11632750567752737
30 m,166.749998,-0.004817161237200274,0.006056851645623029,0.12272565886800389
30 m,166.999998,-0.015475873867658807,0.005747945790507858,0.1208978700595937
30 m,167.249998,-0.02808535069247381,0.005439039935392687,0.12086757138979906
30 m,167.499998,-0.037227452922933946,0.005130134080277515,0.11498562199709768
30 m,167.749998,-0.04564183443266512,0.0048212282251622884,0.11691427980961899
30 m,167.999998,-0.053053251726198236,0.004512322370047117,0.11306159167158317
30 m,168.249998,-0.05416682202733264,0.004203416514931946,0.11349319311233366
30 m,168.499998,-0.05447243898828247,0.003894510659816719,0.11693466932781474
30 m,168.749998,-0.06026941521856477,0.0035856048047015476,0.11964228631058803
30 m,168.999998,-0.0565010438797256,0.0032766989495863763,0.12214433595475893
30 m,169.249998,-0.05472860064901386,0.0029677930944711495,0.11871606875926881
30 m,169.499998,-0.04880468642368663,0.002658887239355978,0.11738396437263368
30 m,169.749998,-0.046723298636738964,0.002349981384240807,0.1154105936892756
30 m,169.999998,-0.04274712267992431,0.00204107552912558,0.11753086132068653
30 m,170.249998,-0.03789470918248261,0.0017321696740104087,0.11397301264754546
30 m,170.499998,-0.03262785302930998,0.0014232638188952373,0.11098533920509467
30 m,170.749998,-0.03310926959750998,0.0011143579637800105,0.10712949675390959
30 m,170.999998,-0.02698952936537008,0.0008054521086648392,0.10856145925216858
30 m,171.249998,-0.024151754970140937,0.0004965462535496679,0.10805738496000332
30 m,171.499998,-0.023407874579744303,0.00018764039843449654,0.10481741150518142
30 m,171.749998,-0.024847197505635243,-0.0001212654566807303,0.10505323951930283
30 m,171.999998,-0.022669970043801557,-0.0004301713117959016,0.10184581422302941
30 m,172.249998,-0.024385544304764306,-0.000739077166911073,0.09988565574089744
30 m,172.499998,-0.023567868886282872,-0.0010479830220262998,0.09793483547363281
30 m,172.749998,-0.020117609713996565,-0.001356888877141471,0.09941535092355154
30 m,172.999998,-0.012666622755303003,-0.0016657947322566424,0.09870801864787417
30 m,173.249998,-0.009399270048930985,-0.0019747005873718693,0.1017237679133165
30 m,173.499998,-0.00954920974640494,-0.0022836064424870406,0.10384570170725388
30 m,173.749998,-0.014140286094343923,-0.002592512297602212,0.1099946343494023
30 m,173.999998,-0.02176917014366342,-0.0029014181527174387,0.12014944629793169
30 m,174.249998,-0.03604892347754829,-0.00321032400783261,0.12439854108318871
30 m,174.499998,-0.04602850363494776,-0.0035192298629477814,0.11886098831475722
30 m,174.749998,-0.05184849458837493,-0.0038281357180630082,0.11695040872886579
30 m,174.999998,-0.05727777909387666,-0.0041370415731781796,0.11488836137767248
30 m,175.249998,-0.062612737047124,-0.004445947428293351,0.1125193878398407
30 m,175.499998,-0.06445685015540281,-0.004754853283408578,0.1109384422652087
30 m,175.749998,-0.06751063528646545,-0.005063759138523749,0.10762351659997789
30 m,175.999998,-0.07023918393652318,-0.00537266499363892,0.1060640476920637
30 m,176.249998,-0.07175045812113229,-0.005681570848754147,0.10329019368358724
30 m,176.499998,-0.06948393143118481,-0.0059904767038693185,0.10412684685737832
30 m,176.749998,-0.06465066269114028,-0.00629938255898449,0.1020951501877166
30 m,176.999998,-0.060166728139144976,-0.006608288414099661,0.1007411500654743
30 m,177.249998,-0.05797593171614773,-0.006917194269214888,0.10419749894959913
30 m,177.499998,-0.056599882506265464,-0.007226100124330059,0.10607697940520316
30 m,177.749998,-0.05644220809438849,-0.007535005979445231,0.10816738455380365
30 m,177.999998,-0.05782677352417481,-0.007843911834560457,0.11356088518165129
30 m,178.249998,-0.054461852527114274,-0.008152817689675629,0.11590896029346019
30 m,178.499998,-0.04860993871053626,-0.0084617235447908,0.11845926549347018
30 m,178.749998,-0.04748811767369571,-0.008770629399906027,0.11978621766273463
30 m,178.999998,-0.04447478851743675,-0.009079535255021198,0.12272924961842088
30 m,179.249998,-0.04300677860276364,-0.00938844111013637,0.11721678293490453
30 m,179.499998,-0.039653712267071595,-0.009697346965251596,0.12217033646821988
30 m,179.749998,-0.03595033182786728,-0.010006252820366768,0.1192655013931673
30 m,179.999998,-0.02971242895736842,-0.010315158675481939,0.11968075226178813
30 m,180.249998,-0.01832523454592011,-0.01062406453059711,0.12702835897057238
30 m,180.499998,-0.005956882212148351,-0.010932970385712337,0.11967613255902876
30 m,180.749998,0.004194720875998259,-0.011241876240827509,0.1165784963915959
30 m,180.999998,0.012026700096301468,-0.01155078209594268,0.10651130054507744
30 m,181.249998,0.018104296269064513,-0.011859687951057907,0.1154152582912448
30 m,181.499998,0.029174322170536837,-0.012168593806173078,0.12072139582816792
30 m,181.749998,0.02855676299793053,-0.01247749966128825,0.12426442996357435
30 m,181.999998,0.018990784045464837,-0.012786405516403476,0.13856124273805143
30 m,182.249998,0.005781869919902871,-0.013095311371518648,0.1546460691077525
30 m,182.499998,-0.01357519778292865,-0.013404217226633819,0.1635371502145613
30 m,182.749998,-0.0272046983455958,-0.013713123081749046,0.1572855375364042
30 m,182.999998,-0.036867534149843284,-0.014022028936864217,0.14042845566297874
30 m,183.249998,-0.04480180191911848,-0.014330934791979388,0.11896351177427601
30 m,183.499998,-0.03815606261985305,-0.014639840647094615,0.11726686232601131
30 m,183.749998,-0.023926613900786764,-0.014948746502209787,0.11677985041568573
30 m,183.999998,-0.01600363605300531,-0.015257652357324958,0.11166394245949231
30 m,184.249998,-0.00970357200612637,-0.015566558212440185,0.11179055432808846
30 m,184.499998,-0.014862241437357537,-0.015875464067555356,0.11651789600689913
30 m,184.749998,-0.019516795750390004,-0.016184369922670527,0.11835998440241935
30 m,184.999998,-0.025009123063921945,-0.016493275777785754,0.12591269195073276
30 m,185.249998,-0.033846572173746536,-0.016802181632900925,0.12513388584040283
30 m,185.499998,-0.04880013443064074,-0.017111087488016097,0.11294514582634246
30 m,185.749998,-0.05424591577852844,-0.017419993343131324,0.10811210365978914
30 m,185.999998,-0.05472022243606561,-0.017728899198246495,0.10614774119495618
30 m,186.249998,-0.050321915728453015,-0.018037805053361666,0.1034171772827324
30 m,186.499998,-0.04238245173560007,-0.018346710908476838,0.11018438205984674
30 m,186.749998,-0.030937848616633512,-0.018655616763592064,0.11498234292935175
30 m,186.999998,-0.026602546909725355,-0.018964522618707236,0.10980829255540353
30 m,187.249998,-0.025048627359307907,-0.019273428473822407,0.11157220470400839
30 m,187.499998,-0.033405456820384316,-0.019582334328937634,0.11983764898131502
30 m,187.749998,-0.04497696067495244,-0.019891240184052805,0.12575536209130855
30 m,187.999998,-0.05372734353682329,-0.020200146039167977,0.12917093766250226
30 m,188.249998,-0.0618270167801222,-0.020509051894283203,0.1200252971828118
30 m,188.499998,-0.05799094199709587,-0.020817957749398375,0.12460996935639046
30 m,188.749998,-0.04449009346412269,-0.021126863604513546,0.13050981217075286
30 m,188.999998,-0.03143022955368341,-0.021435769459628773,0.13312732928555843
30 m,189.249998,-0.023015831420201804,-0.021744675314743944,0.12022801725081862
30 m,189.499998,-0.023149667413175645,-0.022053581169859116,0.12150560130057736
30 m,189.749998,-0.034497115676529244,-0.022362487024974287,0.14241244827833519
30 m,189.999998,-0.051592007912338755,-0.022671392880089514,0.15163813393278205
30 m,190.249998,-0.07522374082769523,-0.022980298735204685,0.15019622574216865
30 m,190.499998,-0.09578182970390076,-0.023289204590319856,0.13463566519068998
30 m,190.749998,-0.10919035449662756,-0.023598110445435083,0.12296796187676773
30 m,190.999998,-0.1176840347734841,-0.023907016300550255,0.11582747136358967
30 m,191.249998,-0.12232098983033057,-0.024215922155665426,0.11379065041020796
30 m,191.499998,-0.12067115226969582,-0.024524828010780653,0.11604795810268477
30 m,191.749998,-0.12282799446530168,-0.024833733865895824,0.11299721242690305
30 m,191.999998,-0.11634335475208857,-0.025142639721010995,0.11672479549021968
30 m,192.249998,-0.10970532534103555,-0.025451545576126222,0.11634456919798145
30 m,192.499998,-0.10199235866837991,-0.025760451431241393,0.11890952028292597
30 m,192.749998,-0.09518860212520774,-0.026069357286356565,0.11260938638423401
30 m,192.999998,-0.08802811191331472,-0.02637826314147179,0.11709303443967975
30 m,193.249998,-0.08125901355930765,-0.026687168996586963,0.11663580554101767
30 m,193.499998,-0.0787768440644388,-0.026996074851702134,0.11185299738166245
30 m,193.749998,-0.08483741949584533,-0.02730498070681736,0.11331798840328522
30 m,193.999998,-0.09242274935186484,-0.027613886561932532,0.1185980524587313
30 m,194.249998,-0.10310041421186772,-0.027922792417047704,0.12840242768736937
30 m,194.499998,-0.11724877337174816,-0.02823169827216293,0.13280687491279208
30 m,194.749998,-0.13438579167054893,-0.028540604127278102,0.12317854909198424
30 m,194.999998,-0.14765441667628199,-0.028849509982393273,0.1126380830125702
30 m,195.249998,-0.15160666066874307,-0.0291584158375085,0.11304372328983421
30 m,195.499998,-0.1568852685521887,-0.02946732169262367,0.10929050602521705
30 m,195.749998,-0.1539457445110714,-0.029776227547738843,0.10691686722288704
30 m,195.999998,-0.1474871179600054,-0.030085133402854014,0.10685654556080407
30 m,196.249998,-0.13300459693446753,-0.03039403925796924,0.1210508538423317
30 m,196.499998,-0.11359678005358992,-0.030702945113084412,0.13822745318003535
30 m,196.749998,-0.09306242919727509,-0.031011850968199584,0.14436085723799516
30 m,196.999998,-0.0709950654492244,-0.03132075682331481,0.14631561334882368
30 m,197.249998,-0.04965035311581367,-0.03162966267842998,0.12906889348021347
30 m,197.499998,-0.03796098511800705,-0.03193856853354515,0.11638677587997362
30 m,197.749998,-0.030964442006820136,-0.03224747438866038,0.1129260682394655
30 m,197.999998,-0.03361517927533275,-0.03255638024377555,0.11688076069387278
30 m,198.249998,-0.0397891445194159,-0.03286528609889072,0.11623173776963978
30 m,198.499998,-0.046347686305496905,-0.033174191954005894,0.11781571335105487
30 m,198.749998,-0.05402459511582125,-0.03348309780912112,0.11430811094006543
30 m,198.999998,-0.05949465975388851,-0.03379200366423629,0.11287338440696403
30 m,199.249998,-0.060016688656851225,-0.03410090951935146,0.10899054503133018
30 m,199.499998,-0.05949312196493728,-0.03440981537446669,0.11019344604803104
30 m,199.749998,-0.05524135672597014,-0.03471872122958186,0.1148889329871669
30 m,199.999998,-0.04097193066179633,-0.03502762708469703,0.13191640987639658
30 m,200.249998,-0.022908505504095122,-0.03533653293981226,0.1438503578767045
30 m,200.499998,-0.01526231032247255,-0.03564543879492743,0.13378847525380427
30 m,200.749998,-0.017686050756037575,-0.0359543446500426,0.14020432182717918
30 m,200.999998,-0.03673471455544908,-0.03626325050515783,0.17816188439927777
30 m,201.249998,-0.06273014036004337,-0.036572156360273,0.20833904241977158
30 m,201.499998,-0.09458667024905126,-0.03688106221538817,0.20794713903105833
30 m,201.749998,-0.1268602377791772,-0.0371899680705034,0.15097865056322174
30 m,201.999998,-0.1373772271386235,-0.03749887392561857,0.12313831188831764
30 m,202.249998,-0.12331547253656877,-0.03780777978073374,0.15174532542137192
30 m,202.499998,-0.10026319498607184,-0.03811668563584897,0.17532162588557057
30 m,202.749998,-0.07148089275655223,-0.03842559149096414,0.16735438195054392
30 m,202.999998,-0.05645661311772843,-0.03873449734607931,0.14377129106975636
30 m,203.249998,-0.05173966295229793,-0.03904340320119454,0.13159152271276447
30 m,203.499998,-0.060373263562424506,-0.03935230905630971,0.14557701330971784
30 m,203.749998,-0.07729971627854809,-0.03966121491142488,0.14890575304783896
30 m,203.999998,-0.09484429567459024,-0.03997012076654011,0.13279180524718048
30 m,204.249998,-0.11195346637578546,-0.04027902662165528,0.12397736763480698
30 m,204.499998,-0.12169910270906181,-0.04058793247677045,0.10930382523004083
30 m,204.749998,-0.12288453881211203,-0.040896838331885677,0.10969053646778855
30 m,204.999998,-0.11895525284410213,-0.04120574418700085,0.11075340402881659
30 m,205.249998,-0.10251758895226853,-0.04151465004211602,0.13924882314638629
30 m,205.499998,-0.08053187244114196,-0.041823555897231246,0.16603121706257615
30 m,205.749998,-0.05773437600529491,-0.04213246175234642,0.16267672926457036
30 m,205.999998,-0.04175563822254652,-0.04244136760746159,0.13326711376761038
30 m,206.249998,-0.045211499653162845,-0.04275027346257676,0.14012634611798072
30 m,206.499998,-0.05499195651399674,-0.04305917931769199,0.1579811081385746
30 m,206.749998,-0.07148802339553756,-0.04336808517280716,0.1539571588049025
30 m,206.999998,-0.093401067170723,-0.04367699102792233,0.1303173391851929
30 m,207.249998,-0.10826848726209537,-0.0439858968830375,0.1097304677043089
30 m,207.499998,-0.11721698517200085,-0.04429480273815273,0.10780597206334
30 m,207.749998,-0.1198373641168824,-0.0446037085932679,0.11112336888407719
30 m,207.999998,-0.12226445029905336,-0.04491261444838307,0.1131076384941937
30 m,208.249998,-0.12896106298865356,-0.0452215203034983,0.11047148145819105
30 m,208.499998,-0.13228649582474333,-0.04553042615861347,0.10943180478971136
30 m,208.749998,-0.12658522441488995,-0.04583933201372864,0.1124758128893019
30 m,208.999998,-0.11960458998188894,-0.04614823786884387,0.11496305089359583
30 m,209.249998,-0.11144792329371916,-0.04645714372395904,0.10708731069955336
30 m,209.499998,-0.10728273557706663,-0.04676604957907421,0.10386741749501606
30 m,209.749998,-0.1012501672729561,-0.047074955434189436,0.10632005559789491
30 m,209.999998,-0.10167049990704552,-0.04738386128930461,0.10702499894879643
30 m,210.249998,-0.10639344487164348,-0.04769276714441978,0.10860373480474479
30 m,210.499998,-0.11364576275936689,-0.048001672999535006,0.1072303480816199
30 m,210.749998,-0.11699000878994831,-0.04831057885465018,0.1081154988556659
30 m,210.999998,-0.11943492792644883,-0.04861948470976535,0.10575516223073218
30 m,211.249998,-0.1116883887335332,-0.048928390564880575,0.12130284694875365
30 m,211.499998,-0.10235927889071056,-0.049237296419995746,0.12806074828391253
30 m,211.749998,-0.08822157533825398,-0.04954620227511092,0.12470251462028772
30 m,211.999998,-0.06975738989171731,-0.049855108130226145,0.1261421755549804
30 m,212.249998,-0.054190795315383455,-0.050164013985341316,0.11698562984322032
30 m,212.499998,-0.04076674859220197,-0.05047291984045649,0.1104887877365249
30 m,212.749998,-0.03558963271263127,-0.050781825695571714,0.11004753230177773
30 m,212.999998,-0.041258944041920875,-0.051090731550686885,0.11609696034324987
30 m,213.249998,-0.046624400630757123,-0.05139963740580206,0.12054310322532959
30 m,213.499998,-0.05250326174357611,-0.051708543260917283,0.1239915140975014
30 m,213.749998,-0.06300766192078083,-0.052017449116032455,0.11475265164248716
30 m,213.999998,-0.06552817182570303,-0.052326354971147626,0.11046554181794506
30 m,214.249998,-0.06337009975395202,-0.05263526082626285,0.1106336885513857
30 m,214.499998,-0.056231817404066076,-0.052944166681378024,0.1115788148050171
30 m,214.749998,-0.05305240507798731,-0.053253072536493196,0.10628544482183591
30 m,214.999998,-0.054369549905666004,-0.05356197839160842,0.10726188924312718
30 m,215.249998,-0.05241517055017786,-0.053870884246723594,0.110309256839059
30 m,215.499998,-0.04457152322930469,-0.054179790101838765,0.11560734752953736
30 m,215.749998,-0.04265155886815247,-0.054488695956953936,0.11683734592352477
30 m,215.999998,-0.04937794777819693,-0.05479760181206916,0.12355813022322375
30 m,216.249998,-0.06051173806575161,-0.055106507667184335,0.14419996652953113
30 m,216.499998,-0.07024926288468242,-0.055415413522299506,0.15309326813875815
30 m,216.749998,-0.08994657863619698,-0.05572431937741468,0.16033015227703368
30 m,216.999998,-0.10844211473343773,-0.056033225232529904,0.13672668525380224
30 m,217.249998,-0.11981542830586883,-0.056342131087645075,0.1167813350937883
30 m,217.499998,-0.11611854830903218,-0.05665103694276025,0.11917466595094406
30 m,217.749998,-0.10348365827340439,-0.056959942797875474,0.12331568573922956
30 m,217.999998,-0.09565087065112177,-0.057268848652990645,0.12210670520772171
30 m,218.249998,-0.09476127566767012,-0.057577754508105816,0.12281054769301636
30 m,218.499998,-0.09169599881924284,-0.05788666036322104,0.11693982461301047
30 m,218.749998,-0.09332974525338322,-0.058195566218336214,0.11318855163777425
30 m,218.999998,-0.0911219901199199,-0.058504472073451386,0.11129876096768916
30 m,219.249998,-0.09189406468989458,-0.05881337792856661,0.11201205382240889
30 m,219.499998,-0.09338038866088605,-0.059122283783681784,0.11548263583012182
30 m,219.749998,-0.08943539994480137,-0.059431189638796955,0.1107243513643509
30 m,219.999998,-0.08812481686453283,-0.05974009549391218,0.11230862467279593
30 m,220.249998,-0.0773481428180895,-0.06004900134902735,0.12676671942062426
30 m,220.499998,-0.06533470296726868,-0.060357907204142525,0.13867428473112292
30 m,220.749998,-0.05599918760623818,-0.06066681305925775,0.14144203319155535
30 m,220.999998,-0.04339073345707073,-0.06097571891437292,0.13599970709363152
30 m,221.249998,-0.03522146792417913,-0.061284624769488094,0.1262010658382811
30 m,221.499998,-0.03765520445885917,-0.06159353062460332,0.13031496962394937
30 m,221.749998,-0.0421127807449051,-0.06190243647971849,0.136893658793713
30 m,221.999998,-0.0527000847250807,-0.062211342334833664,0.1254607124605473
30 m,222.249998,-0.049566029648767995,-0.06252024818994889,0.12955595612082887
30 m,222.499998,-0.04453752367797137,-0.06282915404506406,0.12941668347622254
30 m,222.749998,-0.04809510777546444,-0.06313805990017923,0.12970272583422468
30 m,222.999998,-0.05246354361931688,-0.06344696575529446,0.1290077056983336
30 m,223.249998,-0.06130123732407822,-0.06375587161040963,0.13867023998889128
30 m,223.499998,-0.07496761714145916,-0.0640647774655248,0.14188888076433145
30 m,223.749998,-0.09221933240395586,-0.06437368332064003,0.13406899902980685
30 m,223.999998,-0.1070775830115831,-0.0646825891757552,0.11285733211556068
30 m,224.249998,-0.11159509532167883,-0.06499149503087037,0.10400089019269966
30 m,224.499998,-0.1054720978114434,-0.06530040088598554,0.11036996165267163
30 m,224.749998,-0.1007689546800305,-0.06560930674110077,0.11314380281660341
30 m,224.999998,-0.09140305563267553,-0.06591821259621594,0.11922472971681136
30 m,225.249998,-0.08646646428328536,-0.06622711845133111,0.11623306194709314
30 m,225.499998,-0.08073708831448367,-0.06653602430644634,0.1056503140243983
30 m,225.749998,-0.08036413676150783,-0.06684493016156151,0.10640567437699631
30 m,225.999998,-0.07956237484224138,-0.06715383601667668,0.10812118973709854
30 m,226.249998,-0.0802146791322289,-0.06746274187179185,0.10999412491177525
30 m,226.499998,-0.07569356708341662,-0.06777164772690708,0.10862896413320267
30 m,226.749998,-0.07456560386384814,-0.06808055358202225,0.11047204593635025
30 m,226.999998,-0.0746276416844805,-0.06838945943713742,0.11240739603443894
30 m,227.249998,-0.07833387006019848,-0.06869836529225265,0.11727352098560001
30 m,227.499998,-0.08025065959266325,-0.06900727114736782,0.11788238023553442
30 m,227.749998,-0.07854315886109042,-0.06931617700248299,0.12126588541842688
30 m,227.999998,-0.06838082022475434,-0.06962508285759822,0.13620926898343147
30 m,228.249998,-0.05573920520436415,-0.06993398871271339,0.14095119692697705
30 m,228.499998,-0.04213868691261785,-0.07024289456782856,0.13593472072605267
30 m,228.749998,-0.03023373177667349,-0.07055180042294379,0.12182252108378508
30 m,228.999998,-0.031307558995739226,-0.07086070627805896,0.11792422174698965
30 m,229.249998,-0.04584802526443499,-0.07116961213317413,0.13841317927416855
30 m,229.499998,-0.06947352544116642,-0.07147851798828936,0.15493687670438866
30 m,229.749998,-0.09319431843495879,-0.07178742384340453,0.14925415393308294
30 m,229.999998,-0.11392189495212346,-0.0720963296985197,0.14158608606181863
30 m,230.249998,-0.13172504329141577,-0.07240523555363493,0.12560495333535895
30 m,230.499998,-0.1424750138690798,-0.0727141414087501,0.11383467725767227
30 m,230.749998,-0.14452598338186934,-0.07302304726386527,0.11105270888636065
30 m,230.999998,-0.14164398707678194,-0.0733319531189805,0.11172597073287477
30 m,231.249998,-0.13495336980559297,-0.07364085897409567,0.11084647496700983
30 m,231.499998,-0.12907667949179613,-0.07394976482921084,0.11246563893949407
30 m,231.749998,-0.12311061375415139,-0.07425867068432607,0.10951836798114287
30 m,231.999998,-0.11849327558004419,-0.07456757653944124,0.10646942326271241
30 m,232.249998,-0.11175716269050229,-0.07487648239455641,0.10802332878310406
30 m,232.499998,-0.10804927243789053,-0.07518538824967164,0.10475473438811579
30 m,232.749998,-0.10820097631452802,-0.07549429410478681,0.10898440120971191
30 m,232.999998,-0.11196890069379517,-0.07580319995990198,0.10977990312930411
30 m,233.249998,-0.11987746832453605,-0.0761121058150172,0.12081583065115511
30 m,233.499998,-0.12380749457409518,-0.07642101167013238,0.12312810371856818
30 m,233.749998,-0.1258546865217957,-0.07672991752524755,0.12426573517067613
30 m,233.999998,-0.1231863784520123,-0.07703882338036272,0.12718655579743673
30 m,234.249998,-0.11273487310474839,-0.07734772923547795,0.13186539077568854
30 m,234.499998,-0.09970212119581884,-0.07765663509059312,0.13601116975700353
30 m,234.749998,-0.08555920384746579,-0.07796554094570829,0.12537295145846952
30 m,234.999998,-0.06783563811325005,-0.07827444680082346,0.12184808602017302
30 m,235.249998,-0.056292136868843545,-0.07858335265593869,0.12362384452566723
30 m,235.499998,-0.04228095330257797,-0.07889225851105386,0.12980316621798274
30 m,235.749998,-0.03773073116158482,-0.07920116436616903,0.11858141705762196
30 m,235.999998,-0.03966614898453552,-0.07951007022128426,0.12098829770277496
30 m,236.249998,-0.04231465232787113,-0.07981897607639943,0.12265055576346039
30 m,236.499998,-0.052995378216918465,-0.0801278819315146,0.12931786911636484
30 m,236.749998,-0.06669123080400269,-0.08043678778662983,0.12394639470053848
30 m,236.999998,-0.07389462705173738,-0.080745693641745,0.11579229736185732
30 m,237.249998,-0.07498055813901555,-0.08105459949686017,0.1126202087572044
30 m,237.499998,-0.0685511324995422,-0.0813635053519754,0.1114003177883143
30 m,237.749998,-0.06837419723719457,-0.08167241120709057,0.11172542152136862
30 m,237.999998,-0.07498633288158402,-0.08198131706220574,0.12035418284560093
30 m,238.249998,-0.0793811448050154,-0.08229022291732097,0.1252822185311663
30 m,238.499998,-0.09251351751901421,-0.08259912877243614,0.1290297768918292
30 m,238.749998,-0.10373625470160935,-0.08290803462755131,0.11882608966261472
30 m,238.999998,-0.10421333716810471,-0.08321694048266653,0.11789119740435469
30 m,239.249998,-0.10028830513042014,-0.0835258463377817,0.11672558317757828
30 m,239.499998,-0.09227390126527246,-0.08383475219289688,0.11503705975591261
30 m,239.749998,-0.08562718900500227,-0.0841436580480121,0.11194838237761202
30 m,239.999998,-0.08719633503971042,-0.08445256390312728,0.11017092495354264
30 m,240.249998,-0.09649819772685653,-0.08476146975824245,0.12662808809883416
30 m,240.499998,-0.11659958807498044,-0.08507037561335767,0.14388688292353052
30 m,240.749998,-0.1347770578691193,-0.08537928146847285,0.13420507462631517
30 m,240.999998,-0.14394783970083486,-0.08568818732358802,0.12638006282227762
30 m,241.249998,-0.14794723324112452,-0.08599709317870324,0.12214668756900474
30 m,241.499998,-0.14372921101542174,-0.08630599903381841,0.12475903223544724
30 m,241.749998,-0.13474537493434657,-0.08661490488893359,0.12623959823271513
30 m,241.999998,-0.1266922772916685,-0.08692381074404881,0.11993080199324861
30 m,242.249998,-0.1229051262203979,-0.08723271659916398,0.11566923811418156
30 m,242.499998,-0.12378144568466115,-0.08754162245427916,0.10752214491245658
30 m,242.749998,-0.12267808039072664,-0.08785052830939438,0.10193370970177476
30 m,242.999998,-0.12465860281628893,-0.08815943416450955,0.104241979675099
30 m,243.249998,-0.11771435891643123,-0.08846834001962472,0.11540555902797066
30 m,243.499998,-0.11037319336581114,-0.0887772458747399,0.12025810097238974
30 m,243.749998,-0.1036250456988887,-0.08908615172985512,0.1139286049752353
30 m,243.999998,-0.09612233643087448,-0.0893950575849703,0.11639418185038661
30 m,244.249998,-0.08161581508192345,-0.08970396344008547,0.13037418340608328
30 m,244.499998,-0.07054910456963931,-0.09001286929520064,0.1382544328823273
30 m,244.749998,-0.062410541357200366,-0.09032177515031586,0.13431708364720538
30 m,244.999998,-0.06804325651284865,-0.09063068100543104,0.13946050875002766
30 m,245.249998,-0.07284722325461829,-0.0909395868605462,0.13905733792975825
30 m,245.499998,-0.08313777058459232,-0.09124849271566143,0.14362943488721946
30 m,245.749998,-0.09700145551939127,-0.0915573985707766,0.13882253595209915
30 m,245.999998,-0.11009737473463488,-0.09186630442589178,0.11845237224169917
30 m,246.249998,-0.1068779146164005,-0.092175210281007,0.1219485281252941
30 m,246.499998,-0.1034085280796927,-0.09248411613612217,0.11968385217139348
30 m,246.749998,-0.09708162889415184,-0.09279302199123735,0.1152552233197388
30 m,246.999998,-0.09821535601201803,-0.09310192784635257,0.11532482846639053
30 m,247.249998,-0.10122743548358237,-0.09341083370146774,0.11923146049426464
30 m,247.499998,-0.1043264484559579,-0.09371973955658291,0.11651484899972969
30 m,247.749998,-0.10879129720883274,-0.09402864541169814,0.11182045410326028
30 m,247.999998,-0.12009575685085372,-0.09433755126681331,0.11333887975461258
30 m,248.249998,-0.1267884225309942,-0.09464645712192848,0.1150349048749898
30 m,248.499998,-0.1380970516625864,-0.09495536297704371,0.11771975503184096
30 m,248.749998,-0.1430578868988563,-0.09526426883215888,0.11636985541721574
30 m,248.999998,-0.14807580766434386,-0.09557317468727405,0.11368206477236874
30 m,249.249998,-0.1499713654183466,-0.09588208054238928,0.11342862721429194
30 m,249.499998,-0.14521648121866604,-0.09619098639750445,0.12005565636450163
30 m,249.749998,-0.12711538996862853,-0.09649989225261962,0.13156245458576546
30 m,249.999998,-0.10903935972439555,-0.09680879810773485,0.1393954696818675
30 m,250.249998,-0.09647267766195994,-0.09711770396285002,0.13098826249280426
30 m,250.499998,-0.08977901197016264,-0.09742660981796519,0.1298495234095665
30 m,250.749998,-0.08922090604156041,-0.09773551567308042,0.12681076138637892
30 m,250.999998,-0.09734043037313261,-0.09804442152819559,0.13787994655278196
30 m,251.249998,-0.1121006765227146,-0.09835332738331076,0.14607337695879735
30 m,251.499998,-0.13305414162427925,-0.09866223323842599,0.13053351547528488
30 m,251.749998,-0.15106768202653292,-0.0989711390935411,0.1273608246029601
30 m,251.999998,-0.16348016090703213,-0.09928004494865633,0.12055342311009451
30 m,252.249998,-0.165793121199683,-0.09958895080377156,0.11702956647288763
30 m,252.499998,-0.15733347997536978,-0.09989785665888667,0.12438755667047201
30 m,252.749998,-0.14784198068949067,-0.1002067625140019,0.1306107700569293
30 m,252.999998,-0.13877682157010923,-0.10051566836911713,0.12792799397804414
30 m,253.249998,-0.13296613760380765,-0.10082457422423224,0.12357139341798504
30 m,253.499998,-0.1315885446054061,-0.10113348007934747,0.12551127466666476
30 m,253.749998,-0.13688721770876638,-0.1014423859344627,0.12871027285064823
30 m,253.999998,-0.14203618964730175,-0.10175129178957781,0.12262884421613836
30 m,254.249998,-0.14433526904683397,-0.10206019764469304,0.12227688385495307
30 m,254.499998,-0.136864305188324,-0.10236910349980821,0.12623851504843292
30 m,254.749998,-0.1273173779875239,-0.10267800935492338,0.1267719346951274
30 m,254.999998,-0.11560605438256127,-0.10298691521003861,0.12195189573659915
30 m,255.249998,-0.10452279870782066,-0.10329582106515378,0.11477911172461053
30 m,255.499998,-0.09691051655153526,-0.10360472692026895,0.11487698956363354
30 m,255.749998,-0.09053169781952758,-0.10391363277538418,0.11827091920401732
30 m,255.999998,-0.07953161440666029,-0.10422253863049935,0.11555957362446956
30 m,256.249998,-0.07795797135962718,-0.10453144448561452,0.1148029280176563
30 m,256.499998,-0.08188328221401248,-0.10484035034072975,0.1221565004429949
30 m,256.749998,-0.09465301333728715,-0.10514925619584492,0.13954506821791982
30 m,256.999998,-0.11360550209973541,-0.10545816205096009,0.154124615359192
30 m,257.249998,-0.13142274845333107,-0.10576706790607532,0.14910879779177455
30 m,257.499998,-0.14779105116489027,-0.10607597376119049,0.12972282960889736
30 m,257.749998,-0.1597509658662946,-0.10638487961630566,0.11050479322280747
30 m,257.999998,-0.1634655423775336,-0.10669378547142089,0.10535964294354822
30 m,258.249998,-0.1596601535333316,-0.10700269132653606,0.10706187004756569
30 m,258.499998,-0.1517439098774876,-0.10731159718165123,0.1077628106717169
30 m,258.749998,-0.14186864700966867,-0.10762050303676646,0.10938892758038914
30 m,258.999998,-0.13726323527210377,-0.10792940889188163,0.11428219804404278
30 m,259.249998,-0.1365496959249789,-0.1082383147469968,0.11416535856948483
30 m,259.499998,-0.13025363996155526,-0.10854722060211203,0.10981394194698918
30 m,259.749998,-0.12920130042202355,-0.1088561264572272,0.11094826419659448
30 m,259.999998,-0.1288995071019869,-0.10916503231234237,0.11357291061071091
30 m,260.249998,-0.13018835565001108,-0.1094739381674576,0.11065856121745662
30 m,260.499998,-0.1250156607142941,-0.10978284402257277,0.11569916068593178
30 m,260.749998,-0.11801159513917742,-0.11009174987768794,0.11490929028356313
30 m,260.999998,-0.11416975863069284,-0.11040065573280317,0.10922182641263267
30 m,261.249998,-0.12018081592757096,-0.11070956158791828,0.11108833515818603
30 m,261.499998,-0.1270651389304453,-0.11101846744303351,0.12184095912594184
30 m,261.749998,-0.1373260667904419,-0.11132737329814874,0.1207847199355527
30 m,261.999998,-0.1481103096370856,-0.11163627915326385,0.12087367335691876
30 m,262.249998,-0.16027418238058871,-0.11194518500837908,0.10974007336801782
30 m,262.499998,-0.1640563804699471,-0.1122540908634943,0.10805507788206338
30 m,262.749998,-0.15847786649913437,-0.11256299671860942,0.11332980098527448
30 m,262.999998,-0.14992806946129056,-0.11287190257372465,0.1218184561065943
30 m,263.249998,-0.14037376062615375,-0.11318080842883987,0.12312946186144853
30 m,263.499998,-0.1295838069795452,-0.11348971428395499,0.12288966422325251
30 m,263.749998,-0.12047707257722773,-0.11379862013907022,0.11596511947658743
30 m,263.999998,-0.11526641950311545,-0.11410752599418539,0.11087933014735564
30 m,264.249998,-0.11261017172678295,-0.11441643184930056,0.11377589519591684
30 m,264.499998,-0.11455592694372718,-0.11472533770441579,0.11323727336764029
30 m,264.749998,-0.10804341862258271,-0.11503424355953096,0.11742846217311452
30 m,264.999998,-0.09998974771337849,-0.11534314941464613,0.12145742004702742
30 m,265.249998,-0.09251528744882032,-0.11565205526976136,0.12258331848505181
30 m,265.499998,-0.08322445615927748,-0.11596096112487653,0.11576861163084935
30 m,265.749998,-0.0804706039817305,-0.1162698669799917,0.11300492930356965
30 m,265.999998,-0.08259660729307378,-0.11657877283510693,0.11588249149083292
30 m,266.249998,-0.08681237000344322,-0.1168876786902221,0.11815479510983663
30 m,266.499998,-0.09399870860122006,-0.11719658454533727,0.1137347418901822
30 m,266.749998,-0.09735464220857276,-0.1175054904004525,0.1104106533307516
30 m,266.999998,-0.0980645460220827,-0.11781439625556767,0.10706747318927813
30 m,267.249998,-0.09518872052949728,-0.11812330211068284,0.11435921644280722
30 m,267.499998,-0.09060559536943613,-0.11843220796579806,0.11516867342967502
30 m,267.749998,-0.08496293654094789,-0.11874111382091324,0.12052012962165652
30 m,267.999998,-0.08197401123680276,-0.1190500196760284,0.1191487377778399
30 m,268.249998,-0.08680501859580203,-0.11935892553114363,0.12070244853616179
30 m,268.499998,-0.09222104380053697,-0.1196678313862588,0.12094405470860191
30 m,268.749998,-0.09866538833201449,-0.11997673724137398,0.12388490044765944
30 m,268.999998,-0.10640246247961105,-0.1202856430964892,0.11991576042230956
30 m,269.249998,-0.11244300705829913,-0.12059454895160437,0.11384265382664585
30 m,269.499998,-0.11839254555400114,-0.12090345480671955,0.10892161349374083
30 m,269.749998,-0.12067229736584129,-0.12121236066183477,0.10179016460689432
30 m,269.999998,-0.12088310693766618,-0.12152126651694994,0.1013895492132892
30 m,270.249998,-0.12823583122639332,-0.12183017237206512,0.10496741294132605
30 m,270.499998,-0.13882677770074614,-0.12213907822718034,0.1106457002573774
30 m,270.749998,-0.14438885918546057,-0.12244798408229546,0.10893193565050503
30 m,270.999998,-0.14766021060029244,-0.12275688993741068,0.11085746621929184
30 m,271.249998,-0.14688574529899884,-0.12306579579252591,0.1097097677892492
30 m,271.499998,-0.14185890873271745,-0.12337470164764103,0.11616914686021768
30 m,271.749998,-0.13101146208192443,-0.12368360750275625,0.12588042665185964
30 m,271.999998,-0.11254531439677667,-0.12399251335787148,0.13268613275006372
30 m,272.249998,-0.09678035525793816,-0.1243014192129866,0.13286998473932338
30 m,272.499998,-0.0852321858011495,-0.12461032506810182,0.13471013724901512
30 m,272.749998,-0.07400320906748553,-0.124919230923217,0.12699308561657138
30 m,272.999998,-0.0663390959695756,-0.12522813677833217,0.11567067632904134
30 m,273.249998,-0.06104921906458466,-0.1255370426334474,0.11313432927968499
30 m,273.499998,-0.06418614522529914,-0.12584594848856256,0.11155327999218843
30 m,273.749998,-0.07372993300723923,-0.12615485434367774,0.11507129457538585
30 m,273.999998,-0.08238244198851047,-0.12646376019879296,0.11780798685463754
30 m,274.249998,-0.09547501326371788,-0.12677266605390813,0.12565899976437053
30 m,274.499998,-0.10534625408622472,-0.1270815719090233,0.12161148274584756
30 m,274.749998,-0.11359987811125555,-0.12739047776413853,0.11270579651964639
30 m,274.999998,-0.11966250552069435,-0.1276993836192537,0.10877968795105455
30 m,275.249998,-0.11878081248335381,-0.12800828947436887,0.10945434006915339
30 m,275.499998,-0.1161690052919025,-0.1283171953294841,0.10481203033673533
30 m,275.749998,-0.11444297924636676,-0.12862610118459927,0.10193736858558769
30 m,275.999998,-0.10939320549565168,-0.12893500703971444,0.10556278019503842
30 m,276.249998,-0.10894928292441075,-0.12924391289482967,0.10770669986455723
30 m,276.499998,-0.10576635928048145,-0.12955281874994484,0.10881658673796504
30 m,276.749998,-0.10344738545247845,-0.12986172460506,0.10679347796608649
30 m,276.999998,-0.1004055363373012,-0.13017063046017524,0.10669896772026154
30 m,277.249998,-0.09754985935099492,-0.1304795363152904,0.10406227982246594
30 m,277.499998,-0.09608832068097417,-0.13078844217040558,0.106601530383867
30 m,277.749998,-0.0964051484626009,-0.1310973480255208,0.1047976286949511
30 m,277.999998,-0.09452009994056737,-0.13140625388063598,0.10500120876797156
30 m,278.249998,-0.0952510349114209,-0.13171515973575115,0.1008681834236312
30 m,278.499998,-0.09440082288068419,-0.13202406559086638,0.09741286730636801
30 m,278.749998,-0.0966720504550247,-0.13233297144598155,0.09988349632220743
30 m,278.999998,-0.09587653109043315,-0.13264187730109672,0.10058593875863645
30 m,279.249998,-0.09243876137200585,-0.13295078315621195,0.10836437624624608
30 m,279.499998,-0.08669062812296674,-0.13325968901132712,0.11724076228218282
30 m,279.749998,-0.07873015855199167,-0.1335685948664423,0.12299799989686422
30 m,279.999998,-0.0654002113826318,-0.13387750072155752,0.1252670360541124
30 m,280.249998,-0.059570518065023614,-0.13418640657667263,0.12122770689758657
30 m,280.499998,-0.055624157442133115,-0.13449531243178786,0.11516692670319256
30 m,280.749998,-0.06037103933778215,-0.1348042182869031,0.12444625974334372
30 m,280.999998,-0.06849523132462071,-0.1351131241420182,0.12854667671136033
30 m,281.249998,-0.07712123514198982,-0.13542202999713343,0.12573663805448512
30 m,281.499998,-0.08680585274237929,-0.13573093585224866,0.11514506117590861
30 m,281.749998,-0.09390264908878171,-0.13603984170736377,0.10755214596578742
30 m,281.999998,-0.088637035790394,-0.136348747562479,0.11417809283875849
30 m,282.249998,-0.07832473163794534,-0.13665765341759417,0.1258740264946097
30 m,282.499998,-0.06393168766374652,-0.13696655927270934,0.13523721862114785
30 m,282.749998,-0.05140799244396377,-0.13727546512782457,0.1298881172781864
30 m,282.999998,-0.04051366696805564,-0.13758437098293974,0.1280670027454048
30 m,283.249998,-0.03401452304668601,-0.1378932768380549,0.12089917762448442
30 m,283.499998,-0.03135958599222405,-0.13820218269317014,0.1216314808451638
30 m,283.749998,-0.03476828208492938,-0.1385110885482853,0.11952609610663488
30 m,283.999998,-0.03883680637528608,-0.13881999440340048,0.11675203956630983
30 m,284.249998,-0.041802418861369595,-0.1391289002585157,0.1158878961717477
30 m,284.499998,-0.04772718911946022,-0.13943780611363088,0.11240612756449768
30 m,284.749998,-0.05424693639478656,-0.13974671196874605,0.11224031878859152
30 m,284.999998,-0.06255261613085417,-0.14005561782386128,0.1173327361690515
30 m,285.249998,-0.0718415074778741,-0.14036452367897645,0.11814936535492854
30 m,285.499998,-0.07608831683749284,-0.14067342953409162,0.11121484727852028
30 m,285.749998,-0.07537498067810267,-0.14098233538920685,0.11535635977095678
30 m,285.999998,-0.06768859686864814,-0.14129124124432202,0.11859422815707778
30 m,286.249998,-0.055388695183059,-0.1416001470994372,0.12093184720797014
30 m,286.499998,-0.045338386949122234,-0.14190905295455242,0.12622738568992423
30 m,286.749998,-0.03662730610023085,-0.1422179588096676,0.11549690224148283
30 m,286.999998,-0.0330106475399819,-0.14252686466478276,0.11551952654668872
30 m,287.249998,-0.034906196028741954,-0.142835770519898,0.1120710393547369
30 m,287.499998,-0.035701830691375,-0.14314467637501316,0.11229359573178865
30 m,287.749998,-0.03671951662434336,-0.14345358223012833,0.1113224720858141
30 m,287.999998,-0.03287049955843224,-0.14376248808524356,0.11483979860836269
30 m,288.249998,-0.029845087526590153,-0.14407139394035873,0.11357853679587204
30 m,288.499998,-0.028727810251585884,-0.1443802997954739,0.10926375878630283
30 m,288.749998,-0.027335142801390155,-0.14468920565058913,0.11171741979978211
30 m,288.999998,-0.02538077510655179,-0.14499811150570424,0.10796233921885004
30 m,289.249998,-0.023781395836483366,-0.14530701736081947,0.10738455900510799
30 m,289.499998,-0.018369637749308054,-0.1456159232159347,0.11185599994111478
30 m,289.749998,-0.011978044291404033,-0.1459248290710498,0.11716806289072355
30 m,289.999998,0.003368391504227075,-0.14623373492616504,0.1200300164853382
30 m,290.249998,0.00949386285173004,-0.14654264078128026,0.11395001397185243
30 m,290.499998,0.014260102086902537,-0.14685154663639538,0.10945161529049015
30 m,290.749998,0.017257799799195894,-0.1471604524915106,0.10916470129308284
30 m,290.999998,0.01500685937623375,-0.14746935834662583,0.10898800010086822
30 m,291.249998,0.008601043916067863,-0.14777826420174095,0.11186485519645328
30 m,291.499998,-0.003002382356372013,-0.14808717005685618,0.1178189372727322
30 m,291.749998,-0.020635370169592326,-0.14839607591197135,0.12524666073960738
30 m,291.999998,-0.032345898757219715,-0.14870498176708652,0.13319211965871985
30 m,292.249998,-0.04657780634394554,-0.14901388762220175,0.1248635014170831
30 m,292.499998,-0.05752867863778949,-0.14932279347731692,0.117708893037191
30 m,292.749998,-0.059721940204455704,-0.1496316993324321,0.11307248359236184
30 m,292.999998,-0.05409254029884891,-0.14994060518754732,0.12115264157859287
30 m,293.249998,-0.04448803367654758,-0.1502495110426625,0.1205111617006983
30 m,293.499998,-0.03537977171240858,-0.15055841689777766,0.11563441573938964
30 m,293.749998,-0.033351937282650235,-0.15086732275289289,0.11529127540708001
30 m,293.999998,-0.03295164200051287,-0.15117622860800806,0.11351252726348611
30 m,294.249998,-0.0298764341773457,-0.15148513446312323,0.10893989855774247
30 m,294.499998,-0.032079667740886775,-0.15179404031823845,0.1074726342205067
30 m,294.749998,-0.028500330037707466,-0.15210294617335363,0.11004612504407758
30 m,294.999998,-0.020705640600756026,-0.1524118520284688,0.1163788596198383
30 m,295.249998,-0.01383248608396409,-0.15272075788358402,0.11516285250959311
30 m,295.499998,-0.01047230993543613,-0.1530296637386992,0.10931816281443955
30 m,295.749998,-0.012303594986574018,-0.15333856959381437,0.11239813305097286
30 m,295.999998,-0.0205699078006662,-0.1536474754489296,0.11859777161338597
30 m,296.249998,-0.029499439465544175,-0.15395638130404476,0.12653128075169318
30 m,296.499998,-0.043511490143803344,-0.15426528715915994,0.11848473512604188
30 m,296.749998,-0.05014242916396938,-0.15457419301427516,0.11674318631899028
30 m,296.999998,-0.050151175866458286,-0.15488309886939033,0.11387063999193883
30 m,297.249998,-0.04725049304956769,-0.1551920047245055,0.1161279842544441
30 m,297.499998,-0.038270894202932504,-0.15550091057962073,0.12361676504316887
30 m,297.749998,-0.029983438877557778,-0.1558098164347359,0.11818315809983304
30 m,297.999998,-0.024295645834059354,-0.15611872228985108,0.12107518503909502
30 m,298.249998,-0.02230147484670486,-0.1564276281449663,0.1184599225648806
30 m,298.499998,-0.020983360079581292,-0.15673653400008142,0.11743173904994678
