band,time_s,relative_frequency_hz,linear_trend_hz,phase_fit_rms_rad
6 m,0.9999979999999999,0.06506476551294327,0.33898698538541794,0.18601562249041936
6 m,1.249998,0.023667901754379272,0.3384898230433464,0.20250411898870624
6 m,1.499998,0.0072732046246528625,0.33799266070127487,0.17958115590125137
6 m,1.749998,0.04669772833585739,0.33749549835920334,0.3365632156553117
6 m,1.9999980000000002,0.09394939988851547,0.3369983285665512,0.39119316778299285
6 m,2.249998,0.1269594207406044,0.3365011662244797,0.3594290311721845
6 m,2.4999979999999997,0.13457325845956802,0.33600400388240814,0.3419548996024473
6 m,2.7499979999999997,0.1373613327741623,0.3355068415403366,0.3360805125298113
6 m,2.9999979999999997,0.12623894214630127,0.3350096791982651,0.33736227679337866
6 m,3.2499980000000006,0.10623060166835785,0.33451250940561295,0.29356852562022845
6 m,3.4999979999999993,0.09699041396379471,0.3340153470635414,0.25574289534127076
6 m,3.7499979999999993,0.13595369458198547,0.3335181847214699,0.2702762852630222
6 m,3.9999979999999993,0.18694701045751572,0.33302102237939835,0.20163952942572697
6 m,4.249998,0.2387348785996437,0.3325238600373268,0.12809170758388916
6 m,4.499998000000001,0.285715214908123,0.3320266902446747,0.18094166522594338
6 m,4.749998,0.30932074785232544,0.33152952790260315,0.17640912510274748
6 m,4.999998,0.30019693076610565,0.3310323655605316,0.1992513641003798
6 m,5.249998,0.2779540792107582,0.3305352032184601,0.2513310104781155
6 m,5.499998,0.24263011664152145,0.33003804087638855,0.3021735585310678
6 m,5.749998,0.20075185596942902,0.3295408710837364,0.3025291650563535
6 m,5.999998,0.15031009912490845,0.3290437087416649,0.22382595390834853
6 m,6.249998,0.09620705991983414,0.32854654639959335,0.12220627389820007
6 m,6.499998,0.061635784804821014,0.3280493840575218,0.15323072394527246
6 m,6.749998,0.03283603489398956,0.3275522217154503,0.19992078831842147
6 m,6.999998,-0.010437577962875366,0.32705505192279816,0.21784348191755004
6 m,7.249998,-0.04247000068426132,0.3265578895807266,0.1797006694923285
6 m,7.499998,-0.04444722831249237,0.3260607272386551,0.17322014874583527
6 m,7.749998000000001,-0.02671603113412857,0.32556356489658356,0.2128367961735162
6 m,7.999998000000001,0.021074339747428894,0.325066402554512,0.2545944634614175
6 m,8.249998,0.07502387464046478,0.3245692402124405,0.24404690210811525
6 m,8.499998,0.12654119729995728,0.32407207041978836,0.20730920938070582
6 m,8.749998,0.16024984419345856,0.3235749080777168,0.11438276529355954
6 m,8.999998,0.15629085898399353,0.3230777457356453,0.12339047008567725
6 m,9.249998,0.12240087240934372,0.32258058339357376,0.18863455803706294
6 m,9.499998,0.08933249115943909,0.32208342105150223,0.22898864069072003
6 m,9.749998,0.054555363953113556,0.3215862512588501,0.1947441452678932
6 m,9.999998,0.037503406405448914,0.32108908891677856,0.14642122500668817
6 m,10.249998,0.06383645534515381,0.32059192657470703,0.2602262138655195
6 m,10.499998,0.11319731920957565,0.3200947642326355,0.32045826325683446
6 m,10.749998,0.17368357628583908,0.31959760189056396,0.30662020667996803
6 m,10.999998,0.23619668930768967,0.31910043209791183,0.24312294708110446
6 m,11.249998,0.2676922306418419,0.3186032697558403,0.15768965712878566
6 m,11.499998,0.2589080482721329,0.31810610741376877,0.1896257351553999
6 m,11.749998,0.21245943009853363,0.31760894507169724,0.2912301998950388
6 m,11.999998,0.14083681255578995,0.3171117827296257,0.30760553060218054
6 m,12.249998,0.07326911389827728,0.31661461293697357,0.32337921119332075
6 m,12.499998,0.004116065800189972,0.31611745059490204,0.28429388396526845
6 m,12.749998,-0.046957142651081085,0.3156202882528305,0.1435633848432572
6 m,12.999998,-0.04847904294729233,0.31512312591075897,0.13832122583094358
6 m,13.249998,-0.009422115981578827,0.31462596356868744,0.2568854014713649
6 m,13.499998,0.050890758633613586,0.3141287937760353,0.3278251885563704
6 m,13.749998,0.10716325044631958,0.3136316314339638,0.3100772453360968
6 m,13.999998,0.1468120664358139,0.31313446909189224,0.2223226405214295
6 m,14.249998,0.15377994626760483,0.3126373067498207,0.194223047481615
6 m,14.499998,0.11788302659988403,0.3121401444077492,0.2862008761874481
6 m,14.749998,0.0497407540678978,0.31164298206567764,0.33885789203469185
6 m,14.999998,-0.014573514461517334,0.3111458122730255,0.2689984836505794
6 m,15.249998,-0.0560738742351532,0.310648649930954,0.1599339079338452
6 m,15.499998,-0.07561773806810379,0.31015148758888245,0.09894834128799575
6 m,15.749998,-0.08056434988975525,0.3096543252468109,0.08879858068167658
6 m,15.999998,-0.07603652775287628,0.3091571629047394,0.08610037172462148
6 m,16.249998,-0.06221067160367966,0.30865999311208725,0.07085387836268876
6 m,16.499998,-0.04783538728952408,0.3081628307700157,0.05951362702553233
6 m,16.749998,-0.04135318100452423,0.3076656684279442,0.07456409717591321
6 m,16.999998,-0.02710234373807907,0.30716850608587265,0.10132941416983038
6 m,17.249998,0.0031616613268852234,0.3066713437438011,0.1313910260724686
6 m,17.499998,0.050191573798656464,0.306174173951149,0.1882801890558873
6 m,17.749998,0.09974481165409088,0.30567701160907745,0.20938198297481075
6 m,17.999998,0.13423678278923035,0.3051798492670059,0.18311858633993575
6 m,18.249998,0.15244541317224503,0.3046826869249344,0.1414711432510732
6 m,18.499998,0.15361856669187546,0.30418552458286285,0.13707989482705474
6 m,18.749998,0.1399877592921257,0.3036883547902107,0.16139114909079352
6 m,18.999998,0.12205846607685089,0.3031911924481392,0.14799944111902855
6 m,19.249997999999998,0.10857418924570084,0.30269403010606766,0.10170986392736647
6 m,19.499997999999998,0.11283600330352783,0.3021968677639961,0.11249440355466661
6 m,19.749997999999998,0.1450929418206215,0.3016997054219246,0.1687821474933636
6 m,19.999997999999998,0.19430000334978104,0.30120253562927246,0.2098563697347691
6 m,20.249997999999998,0.24350760877132416,0.3007053732872009,0.1979749181363003
6 m,20.499997999999994,0.2942020893096924,0.3002082109451294,0.1894583722953665
6 m,20.749997999999994,0.3406198099255562,0.29971104860305786,0.184601604790533
6 m,20.999997999999994,0.36667440831661224,0.29921388626098633,0.13329644599333831
6 m,21.249997999999994,0.3679663687944412,0.2987167239189148,0.1277723220318206
6 m,21.499997999999994,0.3469673618674278,0.29821955412626266,0.16723839446436023
6 m,21.749997999999994,0.31636374443769455,0.29772239178419113,0.18757306894081632
6 m,21.999998,0.2843313589692116,0.2972252294421196,0.1851606399064654
6 m,22.249998,0.25575079023838043,0.29672806710004807,0.12047904818884415
6 m,22.499998,0.2508109509944916,0.29623090475797653,0.09959356328906234
6 m,22.749998,0.2835801914334297,0.2957337349653244,0.18023801388234484
6 m,22.999998,0.33002032339572906,0.29523657262325287,0.2212463642750773
6 m,23.249998,0.382776141166687,0.29473941028118134,0.2460074445046799
6 m,23.499998,0.428477019071579,0.2942422479391098,0.20395157097631705
6 m,23.749998,0.458791583776474,0.29374508559703827,0.12110880108710897
6 m,23.999997999999994,0.47084101289510727,0.29324791580438614,0.07856052052241841
6 m,24.249997999999994,0.46817149221897125,0.2927507534623146,0.07962995905861506
6 m,24.499997999999994,0.45090392231941223,0.2922535911202431,0.0834470962687869
6 m,24.749997999999994,0.43225716799497604,0.29175642877817154,0.0833461699518161
6 m,24.999997999999994,0.4048585891723633,0.2912592664361,0.08809934232303943
6 m,25.249997999999994,0.3774574398994446,0.2907620966434479,0.13211665895814986
6 m,25.499997999999994,0.351457417011261,0.29026493430137634,0.14265679254646038
6 m,25.749997999999994,0.3277669623494148,0.2897677719593048,0.1124853671341143
6 m,25.999997999999994,0.3138231411576271,0.2892706096172333,0.07444901156255389
6 m,26.249997999999994,0.32030589133501053,0.28877344727516174,0.09834309964415308
6 m,26.499997999999994,0.34844307601451874,0.2882762774825096,0.1754736260892591
6 m,26.749997999999994,0.4011622369289398,0.2877791151404381,0.2405908694719483
6 m,26.999997999999994,0.45465440303087234,0.28728195279836655,0.23017291432546264
6 m,27.249997999999994,0.4937184527516365,0.286784790456295,0.1845914783414406
6 m,27.499997999999994,0.5155240297317505,0.2862876281142235,0.12765922503774524
6 m,27.749997999999994,0.5347985252737999,0.28579046577215195,0.08845694395681464
6 m,27.999997999999994,0.5532532259821892,0.2852932959794998,0.11321127670387757
6 m,28.249997999999994,0.5576276183128357,0.2847961336374283,0.12079235500085146
6 m,28.499997999999994,0.5382037609815598,0.28429897129535675,0.15299878516468904
6 m,28.749997999999994,0.5097431316971779,0.2838018089532852,0.22436908710287554
6 m,28.999997999999994,0.48138828575611115,0.2833046466112137,0.25734521104739516
6 m,29.249998,0.4691254198551178,0.28280747681856155,0.24668748403348145
6 m,29.499998,0.4607718288898468,0.28231031447649,0.2236721767331218
6 m,29.749998,0.45708067715168,0.2818131521344185,0.21556176743093
6 m,29.999998,0.4623308554291725,0.28131598979234695,0.20864411279181821
6 m,30.249998,0.46043750643730164,0.2808188274502754,0.21509458910690554
6 m,30.499998,0.4514724835753441,0.2803216576576233,0.22875973210274878
6 m,30.749998,0.4254614934325218,0.27982449531555176,0.21941299663486954
6 m,30.999998,0.38749978691339493,0.2793273329734802,0.14475881882461386
6 m,31.249998,0.3676527887582779,0.2788301706314087,0.08325791821530196
6 m,31.499998,0.37294600158929825,0.27833300828933716,0.08690779299914098
6 m,31.749998,0.387787900865078,0.27783583849668503,0.07687295063901467
6 m,31.999998,0.3981499746441841,0.2773386761546135,0.0490518861694968
6 m,32.249998,0.3881360813975334,0.27684151381254196,0.054761926696759444
6 m,32.499998,0.37680794298648834,0.27634435147047043,0.07708261097910303
6 m,32.749998,0.36389368027448654,0.2758471891283989,0.10190997472123457
6 m,32.999998,0.3469228297472,0.27535001933574677,0.09628219542173483
6 m,33.249998,0.3332057520747185,0.27485285699367523,0.06312520160906554
6 m,33.499998,0.3354521319270134,0.2743556946516037,0.07629486513396436
6 m,33.749998,0.3639782890677452,0.27385853230953217,0.1715501686790845
6 m,33.999998,0.41484805941581726,0.27336136996746063,0.24703393877613442
6 m,34.249998,0.46436767280101776,0.2728642076253891,0.2427959159145202
6 m,34.499998,0.49474523961544037,0.27236703783273697,0.1853535883793923
6 m,34.749998,0.5004979819059372,0.27186987549066544,0.1665952140066727
6 m,34.999998,0.48896730691194534,0.2713727131485939,0.1930672136405098
6 m,35.249998,0.4636845737695694,0.27087555080652237,0.20189785152680967
6 m,35.499998,0.43198417872190475,0.27037838846445084,0.14922680763191404
6 m,35.749998,0.41073302924633026,0.2698812186717987,0.0705224146108654
6 m,35.999998,0.41334163397550583,0.2693840563297272,0.0740443425035989
6 m,36.249998,0.43460557609796524,0.26888689398765564,0.09336434174535616
6 m,36.499998,0.4637981504201889,0.2683897316455841,0.10774854742341934
6 m,36.749998,0.4856194630265236,0.2678925693035126,0.10013713178741977
6 m,36.999998,0.4965728148818016,0.26739539951086044,0.08129090135095406
6 m,37.249998,0.4951879382133484,0.2668982371687889,0.08622002433830384
6 m,37.499998,0.48366212099790573,0.2664010748267174,0.11427409666698757
6 m,37.749998,0.4630347862839699,0.26590391248464584,0.12918696657716464
6 m,37.999998,0.4399977773427963,0.2654067501425743,0.10691963640618508
6 m,38.249998,0.42469846457242966,0.2649095803499222,0.05602349441804271
6 m,38.499998,0.42512065172195435,0.26441241800785065,0.05395003570491377
6 m,38.749998,0.4385616034269333,0.2639152556657791,0.0819809528515706
6 m,38.999998,0.46519458293914795,0.2634180933237076,0.116401726817834
6 m,39.249998,0.49967362731695175,0.26292093098163605,0.14801335679877847
6 m,39.499998,0.5320917516946793,0.2624237611889839,0.139571039385368
6 m,39.749998,0.5537352487444878,0.2619265988469124,0.10438233715225227
6 m,39.999998,0.5606982633471489,0.26142943650484085,0.08268170819707883
6 m,40.249998,0.5603289902210236,0.2609322741627693,0.0831534385545844
6 m,40.499998,0.5518112033605576,0.2604351118206978,0.08975331753393741
6 m,40.749998,0.5357323363423347,0.25993794947862625,0.07504962240218212
6 m,40.999998,0.526248924434185,0.2594407796859741,0.03908857552896115
6 m,41.249998,0.5267979726195335,0.2589436173439026,0.038950716224931715
6 m,41.499998,0.5302775576710701,0.25844645500183105,0.035870250024482665
6 m,41.749998,0.535359226167202,0.2579492926597595,0.026174224690160085
6 m,41.999998,0.5374975502490997,0.257452130317688,0.027191121091988627
6 m,42.249998,0.5494064688682556,0.25695496052503586,0.0624700310697463
6 m,42.499998,0.5744223892688751,0.2564577981829643,0.12399432327769383
6 m,42.749998,0.5995757877826691,0.2559606358408928,0.1528753875889649
6 m,42.999998,0.6249653249979019,0.25546347349882126,0.14268199159513228
6 m,43.249998000000005,0.6525636091828346,0.2549663111567497,0.11319548174025817
6 m,43.499998000000005,0.683598518371582,0.2544691413640976,0.10804697174719101
6 m,43.749998000000005,0.7073037549853325,0.25397197902202606,0.08794231206657228
6 m,43.999998000000005,0.7141118571162224,0.25347481667995453,0.07962168861706626
6 m,44.249998000000005,0.7263049259781837,0.252977654337883,0.10537658430478544
6 m,44.499998000000005,0.7770643159747124,0.25248049199581146,0.2398430145566142
6 m,44.749998000000005,0.8496746569871902,0.25198332220315933,0.34314944931645625
6 m,44.999998000000005,0.9113520234823227,0.2514861598610878,0.3562047733458626
6 m,45.249998000000005,0.96062421053648,0.25098899751901627,0.3273631040501457
6 m,45.499998000000005,1.0012043789029121,0.25049183517694473,0.241599529324596
6 m,45.749998000000005,1.036848671734333,0.2499946728348732,0.16030860995070942
6 m,45.999998000000005,1.054219201207161,0.24949750304222107,0.1508896963266444
6 m,46.249998,1.0305003300309181,0.24900034070014954,0.15417141492454192
6 m,46.499998,0.9864627420902252,0.248503178358078,0.22758122602708966
6 m,46.749998,0.9226447716355324,0.24800601601600647,0.39538672501584754
6 m,46.999998,0.8373757749795914,0.24750885367393494,0.4999647398255246
6 m,47.249998,0.7518336176872253,0.2470116913318634,0.48802178672559987
6 m,47.499998,0.671978235244751,0.24651452153921127,0.34780949569070885
6 m,47.749998,0.6072628051042557,0.24601735919713974,0.1642777586717051
6 m,47.999998,0.5664815753698349,0.2455201968550682,0.1392403444295472
6 m,48.249998,0.5355798527598381,0.24502303451299667,0.1932056379621518
6 m,48.499998,0.5059541389346123,0.24452587217092514,0.23685455605703412
6 m,48.749998,0.47786007821559906,0.244028702378273,0.2204287663441576
6 m,48.999998,0.46911556273698807,0.24353154003620148,0.19244467384227576
6 m,49.249998,0.4835894852876663,0.24303437769412994,0.23392979775626135
6 m,49.499998,0.5208417251706123,0.2425372153520584,0.25393445263181913
6 m,49.749998,0.568345308303833,0.24204005300998688,0.21307467130303806
6 m,49.999998,0.6008534207940102,0.24154288321733475,0.13370997478269805
6 m,50.249998,0.626970611512661,0.24104572087526321,0.07745717826982296
6 m,50.499998,0.6326683089137077,0.24054855853319168,0.07074513051282859
6 m,50.749998,0.6366020739078522,0.24005139619112015,0.08676760798516645
6 m,50.999998,0.6369892805814743,0.23955423384904861,0.10087400397984918
6 m,51.249998,0.6071393713355064,0.23905706405639648,0.21259823697610655
6 m,51.499998,0.5522259175777435,0.23855990171432495,0.3205853336966944
6 m,51.749998,0.47915031015872955,0.23806273937225342,0.41062234878401394
6 m,51.999998,0.39163488894701004,0.23756557703018188,0.3984944773973031
6 m,52.249998,0.3184959813952446,0.23706841468811035,0.3170117608536019
6 m,52.499998,0.2608903869986534,0.23657124489545822,0.16537146990230933
6 m,52.749998,0.24089161306619644,0.2360740825533867,0.05875885833907481
6 m,52.999998,0.2675027772784233,0.23557692021131516,0.14811481784194877
6 m,53.249998,0.31348341703414917,0.23507975786924362,0.24237628897578772
6 m,53.499998,0.3843882754445076,0.2345825955271721,0.3121507310203351
6 m,53.749998,0.4531930759549141,0.23408543318510056,0.31417681487470706
6 m,53.999998,0.5177173241972923,0.23358826339244843,0.27764994184696495
6 m,54.249998,0.5697823762893677,0.2330911010503769,0.18539657121859252
6 m,54.499998,0.6077662631869316,0.23259393870830536,0.11633052123316573
6 m,54.749998,0.6595361083745956,0.23209677636623383,0.22710043658133305
6 m,54.999998,0.7050309181213379,0.2315996140241623,0.26402240093788826
6 m,55.249998,0.7168363407254219,0.23110244423151016,0.2534923392206265
6 m,55.499998,0.7197278961539268,0.23060528188943863,0.24709714891099863
6 m,55.749998,0.7042559534311295,0.2301081195473671,0.27897321301525047
6 m,55.999998,0.6476140916347504,0.22961095720529556,0.39888719179654436
6 m,56.249998,0.5452246516942978,0.22911379486322403,0.5019355461790742
6 m,56.499998,0.4214417338371277,0.2286166250705719,0.4153644637828932
6 m,56.749998,0.33177581429481506,0.22811946272850037,0.35876218990025643
6 m,56.999998,0.2882886603474617,0.22762230038642883,0.2948295237431568
6 m,57.249998,0.26727693527936935,0.2271251380443573,0.225755297535695
6 m,57.499998,0.2781396731734276,0.22662797570228577,0.2506351682833759
6 m,57.749998000000005,0.33061403036117554,0.22613080590963364,0.2771005761421942
6 m,57.999998000000005,0.3944409713149071,0.2256336435675621,0.23750443101117882
6 m,58.249998000000005,0.43187857419252396,0.22513648122549057,0.16112359943406593
6 m,58.499998000000005,0.439289815723896,0.22463931888341904,0.1287514357220595
6 m,58.749998000000005,0.42142073065042496,0.2241421565413475,0.1592843942077825
6 m,58.999998000000005,0.42907244712114334,0.22364498674869537,0.17524424410497982
6 m,59.249998000000005,0.4423271268606186,0.22314782440662384,0.19774624243416083
6 m,59.499998000000005,0.46452122181653976,0.2226506620645523,0.23852455655942656
6 m,59.749998000000005,0.4807054176926613,0.22215349972248077,0.2358288031070519
6 m,59.999998000000005,0.5095476061105728,0.22165633738040924,0.18815791739848964
6 m,60.249998000000005,0.5185509547591209,0.2211591750383377,0.15896427013800607
6 m,60.499998000000005,0.4914933443069458,0.22066200524568558,0.21541156615512155
6 m,60.749998000000005,0.42396753281354904,0.22016484290361404,0.24664703674563718
6 m,60.999998000000005,0.3548351377248764,0.2196676805615425,0.30986568896534183
6 m,61.249998000000005,0.27588460594415665,0.21917051821947098,0.3167843153235659
6 m,61.499998000000005,0.21326889842748642,0.21867335587739944,0.2966693026800002
6 m,61.749998000000005,0.1623305007815361,0.21817618608474731,0.18351408912729836
6 m,61.999998000000005,0.1476515531539917,0.21767902374267578,0.12599285629848458
6 m,62.249998000000005,0.15449776500463486,0.21718186140060425,0.14496410809558996
6 m,62.499998000000005,0.18970729410648346,0.21668469905853271,0.19380018829230208
6 m,62.749998000000005,0.24698347598314285,0.21618753671646118,0.23405616272764146
6 m,62.999998000000005,0.297265462577343,0.21569036692380905,0.19973163136246755
6 m,63.249998000000005,0.33624060451984406,0.21519320458173752,0.1546309106350397
6 m,63.499998000000005,0.3565589413046837,0.21469604223966599,0.11305052676639334
6 m,63.749998,0.3671509921550751,0.21419887989759445,0.09514212979952755
6 m,63.999998,0.3900316655635834,0.21370171755552292,0.10705410048577454
6 m,64.24999799999999,0.41782067716121674,0.2132045477628708,0.1846731578054675
6 m,64.49999799999999,0.44337332993745804,0.21270738542079926,0.2189856083852524
6 m,64.74999799999999,0.47468868643045425,0.21221022307872772,0.1928548321586671
6 m,64.99999799999999,0.5002654418349266,0.2117130607366562,0.15621497430159742
6 m,65.24999799999999,0.5062481760978699,0.21121589839458466,0.14395180912889488
6 m,65.49999799999999,0.4676760211586952,0.21071872860193253,0.2651553522314944
6 m,65.74999799999999,0.386920690536499,0.210221566259861,0.36951951094762187
6 m,65.99999799999999,0.28421731293201447,0.20972440391778946,0.4394421722831183
6 m,66.24999799999999,0.19769129157066345,0.20922724157571793,0.41446597784071376
6 m,66.49999799999999,0.16564815491437912,0.2087300792336464,0.3362292776621214
6 m,66.74999799999999,0.16911087930202484,0.20823291689157486,0.34635847193214053
6 m,66.99999799999999,0.1865806132555008,0.20773574709892273,0.35737581073341507
6 m,67.24999799999999,0.20302018523216248,0.2072385847568512,0.3320160477964664
6 m,67.49999799999999,0.20765051990747452,0.20674142241477966,0.32108707312779744
6 m,67.74999799999999,0.19694163650274277,0.20624426007270813,0.3397085153185371
6 m,67.99999799999999,0.16690438985824585,0.2057470977306366,0.3233681562031646
6 m,68.24999799999999,0.13391956686973572,0.20524992793798447,0.20799830713389383
6 m,68.49999799999999,0.1368694081902504,0.20475276559591293,0.20515596744647102
6 m,68.74999799999999,0.20545464009046555,0.2042556032538414,0.3190852362638541
6 m,68.99999799999999,0.2804618999361992,0.20375844091176987,0.31602256949315866
6 m,69.24999799999999,0.31728073954582214,0.20326127856969833,0.24426130657377207
6 m,69.49999799999999,0.32412944734096527,0.2027641087770462,0.2238208923286648
6 m,69.74999799999999,0.3055187463760376,0.20226694643497467,0.2574992361816351
6 m,69.99999799999999,0.2689199894666672,0.20176978409290314,0.2896823931527548
6 m,70.24999799999999,0.24350687861442566,0.2012726217508316,0.2701781695181053
6 m,70.49999799999999,0.22922822833061218,0.20077545940876007,0.2138334769633915
6 m,70.74999799999999,0.24121472984552383,0.20027828961610794,0.21888914741919452
6 m,70.99999799999999,0.2578851729631424,0.1997811272740364,0.19003275561999838
6 m,71.24999799999999,0.24060821533203125,0.19928396493196487,0.24605093068851466
6 m,71.49999799999999,0.19560745358467102,0.19878680258989334,0.3476348375050661
6 m,71.74999799999999,0.13191204518079758,0.1982896402478218,0.40703443293730396
6 m,71.99999799999999,0.05952071398496628,0.19779247045516968,0.3346952047205831
6 m,72.24999799999999,0.01033928245306015,0.19729530811309814,0.16841342700892117
6 m,72.49999799999999,0.00926508754491806,0.1967981457710266,0.1586201484350143
6 m,72.74999799999999,0.02853957563638687,0.19630098342895508,0.17934140405364513
6 m,72.99999799999999,0.05812838673591614,0.19580382108688354,0.15308411222716095
6 m,73.24999799999999,0.08062714338302612,0.195306658744812,0.10234871908168452
6 m,73.49999799999999,0.10189995914697647,0.19480948895215988,0.06629621556477604
6 m,73.74999799999999,0.12181908637285233,0.19431232661008835,0.10390877968014521
6 m,73.99999799999999,0.1520613133907318,0.19381516426801682,0.18361873142527646
6 m,74.24999799999999,0.18994086235761642,0.19331800192594528,0.2291801599727834
6 m,74.49999799999999,0.24105535447597504,0.19282083958387375,0.2278503302920362
6 m,74.74999799999999,0.29163743555545807,0.19232366979122162,0.19234476441115642
6 m,74.99999799999999,0.3244566544890404,0.19182650744915009,0.10926766347094977
6 m,75.24999799999999,0.3373858854174614,0.19132934510707855,0.06803249590376609
6 m,75.49999799999999,0.33365777134895325,0.19083218276500702,0.0786473220140062
6 m,75.74999799999999,0.30894866585731506,0.19033502042293549,0.12687208504683758
6 m,75.99999799999999,0.2732492685317993,0.18983785063028336,0.18569051512017642
6 m,76.24999799999999,0.24020122736692429,0.18934068828821182,0.16924447410196014
6 m,76.49999799999999,0.23131775110960007,0.1888435259461403,0.14169361323334023
6 m,76.74999799999999,0.23604716360569,0.18834636360406876,0.15084235425115644
6 m,76.99999799999999,0.24657795578241348,0.18784920126199722,0.16444567636542806
6 m,77.24999799999999,0.24772414565086365,0.1873520314693451,0.16949042914915782
6 m,77.49999799999999,0.2258467972278595,0.18685486912727356,0.2514554808326504
6 m,77.74999799999999,0.17748750746250153,0.18635770678520203,0.359262851358411
6 m,77.99999799999999,0.1038816049695015,0.1858605444431305,0.3884660040597481
6 m,78.24999799999999,0.03809654712677002,0.18536338210105896,0.2901394341053018
6 m,78.49999799999999,0.02608373761177063,0.18486621230840683,0.25061941568873963
6 m,78.74999799999999,0.05386144667863846,0.1843690499663353,0.3410750455788992
6 m,78.99999799999999,0.11663470417261124,0.18387188762426376,0.39218218783303477
6 m,79.24999799999999,0.17431803792715073,0.18337472528219223,0.3179192074260425
6 m,79.49999799999999,0.205424502491951,0.1828775629401207,0.22803061514136633
6 m,79.74999799999999,0.19196254760026932,0.18238040059804916,0.276962789626032
6 m,79.99999799999999,0.13285472989082336,0.18188323080539703,0.37509061841706953
6 m,80.24999799999999,0.04615882784128189,0.1813860684633255,0.3617282700174735
6 m,80.49999799999999,-0.034871138632297516,0.18088890612125397,0.2840279456024035
6 m,80.74999799999999,-0.09826179593801498,0.18039174377918243,0.19430574174433346
6 m,80.99999799999999,-0.13041936606168747,0.1798945814371109,0.12142356901248355
6 m,81.24999799999999,-0.12556657195091248,0.17939741164445877,0.1426399010528736
6 m,81.49999799999999,-0.09546881914138794,0.17890024930238724,0.19847354060467645
6 m,81.74999799999999,-0.05638575553894043,0.1784030869603157,0.2182859790419772
6 m,81.99999799999999,-0.01716679334640503,0.17790592461824417,0.19951264901990187
6 m,82.24999799999999,0.014217585325241089,0.17740876227617264,0.13881523924188588
6 m,82.49999799999999,0.029646940529346466,0.1769115924835205,0.07958371003389951
6 m,82.74999799999999,0.02447335422039032,0.17641443014144897,0.08472072407639894
6 m,82.99999799999999,-0.0012931153178215027,0.17591726779937744,0.08636570155003974
6 m,83.24999799999999,-0.018384777009487152,0.1754201054573059,0.08385653573229043
6 m,83.49999799999999,-0.01844223588705063,0.17492294311523438,0.09208801757562085
6 m,83.74999799999999,0.0023462921380996704,0.17442577332258224,0.1617172787862469
6 m,83.99999799999999,0.028430290520191193,0.1739286109805107,0.18448226403586712
6 m,84.24999799999999,0.04537290334701538,0.17343144863843918,0.16472294387042588
6 m,84.49999799999999,0.07106953859329224,0.17293428629636765,0.1505426740942741
6 m,84.74999799999999,0.10711801797151566,0.1724371239542961,0.136544268352937
6 m,84.99999799999999,0.12472134828567505,0.17193995416164398,0.125609923292512
6 m,85.24999799999999,0.11617162078619003,0.17144279181957245,0.13295347409226044
6 m,85.49999799999999,0.09113037586212158,0.17094562947750092,0.17634281996095247
6 m,85.74999799999999,0.07022295892238617,0.17044846713542938,0.21324916136859523
6 m,85.99999799999999,0.048584289848804474,0.16995130479335785,0.22742694470094468
6 m,86.24999799999999,0.017796315252780914,0.16945414245128632,0.16858958487238207
6 m,86.49999799999999,-0.01396758109331131,0.16895697265863419,0.09029958412022179
6 m,86.74999799999999,-0.03171823173761368,0.16845981031656265,0.086840675323716
6 m,86.99999799999999,-0.03461166471242905,0.16796264797449112,0.08912246825349071
6 m,87.24999799999999,-0.02182142436504364,0.1674654856324196,0.10217222384098076
6 m,87.49999799999999,-0.01583070307970047,0.16696832329034805,0.10978800480427832
6 m,87.74999799999999,-0.009509287774562836,0.16647115349769592,0.11887180235201866
6 m,87.99999799999999,0.011052228510379791,0.1659739911556244,0.14877412660440062
6 m,88.24999799999999,0.04849424213171005,0.16547682881355286,0.13797868827378007
6 m,88.49999799999999,0.07868839055299759,0.16497966647148132,0.09963029215490687
6 m,88.74999799999999,0.09214641153812408,0.1644825041294098,0.08656901702725987
6 m,88.99999799999999,0.12165327370166779,0.16398533433675766,0.15710065534060502
6 m,89.24999799999999,0.14587628841400146,0.16348817199468613,0.13913469395422826
6 m,89.49999799999999,0.14512469619512558,0.1629910096526146,0.1404930063871013
6 m,89.74999799999999,0.11687784641981125,0.16249384731054306,0.2053950087935205
6 m,89.99999799999999,0.07176411896944046,0.16199668496847153,0.27834022361820726
6 m,90.24999799999999,0.007703967392444611,0.1614995151758194,0.3564346099839624
6 m,90.49999799999999,-0.06916080415248871,0.16100235283374786,0.37388096024559025
6 m,90.74999799999999,-0.14687591046094894,0.16050519049167633,0.23142490223458861
6 m,90.99999799999999,-0.1843177005648613,0.1600080281496048,0.13593410120712793
6 m,91.24999799999999,-0.19969329237937927,0.15951086580753326,0.092574059516893
6 m,91.49999799999999,-0.1975913718342781,0.15901369601488113,0.09479894225632296
6 m,91.74999799999999,-0.17206810414791107,0.1585165336728096,0.1469458768931969
6 m,91.99999799999999,-0.1344452202320099,0.15801937133073807,0.14844664047312658
6 m,92.24999799999999,-0.09304926544427872,0.15752220898866653,0.15277058437011704
6 m,92.49999799999999,-0.05745801329612732,0.157025046646595,0.15554430221473295
6 m,92.74999799999999,-0.02776665985584259,0.15652788430452347,0.12561212562149396
6 m,92.99999799999999,-0.004073083400726318,0.15603071451187134,0.07569182443004212
6 m,93.24999799999999,0.015228495001792908,0.1555335521697998,0.056108223289204236
6 m,93.49999799999999,0.038855791091918945,0.15503638982772827,0.10989019527974872
6 m,93.74999799999999,0.07371921837329865,0.15453922748565674,0.16330482296718382
6 m,93.99999799999999,0.10543756186962128,0.1540420651435852,0.18468815797559776
6 m,94.24999799999999,0.13447847962379456,0.15354489535093307,0.1619800624633674
6 m,94.49999799999999,0.158255472779274,0.15304773300886154,0.10738245334882222
6 m,94.74999799999999,0.16228614002466202,0.15255057066679,0.09280748708450576
6 m,94.99999799999999,0.14138219505548477,0.15205340832471848,0.14878129299671897
6 m,95.24999799999999,0.09563124924898148,0.15155624598264694,0.20043261972530863
6 m,95.49999799999999,0.05124247074127197,0.1510590761899948,0.18698852926316634
6 m,95.74999799999999,0.02565518021583557,0.15056191384792328,0.1496867936082184
6 m,95.99999799999999,0.029472477734088898,0.15006475150585175,0.16334924835129247
6 m,96.24999799999999,0.04287488013505936,0.1495675891637802,0.19147519894195247
6 m,96.49999799999999,0.0696183443069458,0.14907042682170868,0.2032482257576854
6 m,96.74999799999999,0.10381142050027847,0.14857325702905655,0.17379458640121534
6 m,96.99999799999999,0.12282561510801315,0.14807609468698502,0.10661195099432609
6 m,97.24999799999999,0.12016014754772186,0.14757893234491348,0.11176342712529873
6 m,97.49999799999999,0.10491526871919632,0.14708177000284195,0.11503257253749191
6 m,97.74999799999999,0.07847080379724503,0.14658460766077042,0.08584794918265336
6 m,97.99999799999999,0.05046400427818298,0.1460874378681183,0.13076819456356845
6 m,98.24999799999999,0.017370857298374176,0.14559027552604675,0.1456114583483036
6 m,98.49999799999999,0.0039031505584716797,0.14509311318397522,0.11769645826458003
6 m,98.74999799999999,0.017979592084884644,0.1445959508419037,0.15809880603348303
6 m,98.99999799999999,0.05610356479883194,0.14409878849983215,0.26955314816221504
6 m,99.24999799999999,0.09635511785745621,0.14360162615776062,0.3007436084660385
6 m,99.49999799999999,0.1288061961531639,0.1431044563651085,0.25988847372791263
6 m,99.74999799999999,0.13990423828363419,0.14260729402303696,0.22264594502148372
6 m,99.99999799999999,0.11638570576906204,0.14211013168096542,0.284091724929022
6 m,100.24999799999999,0.06411866098642349,0.1416129693388939,0.31274355746247606
6 m,100.49999799999999,0.009992644190788269,0.14111580699682236,0.26219716324240966
6 m,100.74999799999999,-0.025901541113853455,0.14061863720417023,0.13296892313438474
6 m,100.99999799999999,-0.029711425304412842,0.1401214748620987,0.10727637851666974
6 m,101.24999799999999,-0.017984695732593536,0.13962431252002716,0.11492199805414292
6 m,101.49999799999999,-0.00585581362247467,0.13912715017795563,0.09089615502516622
6 m,101.74999799999999,-0.0028999894857406616,0.1386299878358841,0.07981694934864876
6 m,101.99999799999999,-0.019967809319496155,0.13813281804323196,0.13621703025599408
6 m,102.24999800000002,-0.048710159957408905,0.13763565570116043,0.15921494034358316
6 m,102.49999800000002,-0.05882278084754944,0.1371384933590889,0.13220497184872715
6 m,102.74999800000002,-0.051396094262599945,0.13664133101701736,0.15155208452329222
6 m,102.99999800000002,-0.04436906427145004,0.13614416867494583,0.15649259010634978
6 m,103.24999800000002,-0.01941320300102234,0.1356469988822937,0.17259334488642197
6 m,103.49999800000002,0.01645156741142273,0.13514983654022217,0.18108994556326488
6 m,103.74999800000002,0.06547581404447556,0.13465267419815063,0.17854979060145768
6 m,103.99999800000002,0.08781437575817108,0.1341555118560791,0.1419090173656391
6 m,104.24999800000002,0.06845501065254211,0.13365834951400757,0.18693661419531135
6 m,104.49999800000002,0.036515116691589355,0.13316117972135544,0.2696406531262339
6 m,104.74999800000002,0.00552811473608017,0.1326640173792839,0.3051026972869928
6 m,104.99999800000002,-0.04906255006790161,0.13216685503721237,0.2868666990710112
6 m,105.24999800000002,-0.10281473398208618,0.13166969269514084,0.21627871998397635
6 m,105.49999800000002,-0.14288236945867538,0.1311725303530693,0.09650137150313687
6 m,105.74999800000002,-0.15961775183677673,0.13067536801099777,0.07085450896765777
6 m,105.99999800000002,-0.16350748389959335,0.13017819821834564,0.0769609939649292
6 m,106.24999800000002,-0.17248009890317917,0.1296810358762741,0.0841617757934801
6 m,106.49999800000002,-0.18255536258220673,0.12918387353420258,0.04879283905494865
6 m,106.74999800000002,-0.18622927367687225,0.12868671119213104,0.044844753165006426
6 m,106.99999800000002,-0.16740648448467255,0.1281895488500595,0.128788082186707
6 m,107.24999800000002,-0.12120003253221512,0.12769237905740738,0.2548738517693089
6 m,107.49999800000002,-0.03905252367258072,0.12719521671533585,0.390207295906345
6 m,107.74999800000002,0.04076753556728363,0.1266980543732643,0.4148121212779725
6 m,107.99999800000002,0.08688216656446457,0.12620089203119278,0.33222148006046476
6 m,108.24999800000002,0.09141857177019119,0.12570372968912125,0.31809456822409815
6 m,108.49999800000002,0.07252095639705658,0.12520655989646912,0.36415260424267754
6 m,108.74999800000002,0.004672519862651825,0.12470939755439758,0.41814523870788584
6 m,108.99999800000002,-0.0837317481637001,0.12421223521232605,0.37812005410953636
6 m,109.24999800000002,-0.1611284390091896,0.12371507287025452,0.22613817245564957
6 m,109.49999800000002,-0.18734437227249146,0.12321791052818298,0.10596523163250744
6 m,109.74999800000002,-0.17364968359470367,0.12272074073553085,0.1373453527481386
6 m,109.99999800000002,-0.16275884211063385,0.12222357839345932,0.14114604439514603
6 m,110.24999800000002,-0.1368909776210785,0.12172641605138779,0.1811439235225783
6 m,110.49999800000002,-0.09123420715332031,0.12122925370931625,0.18606845162135946
6 m,110.74999800000002,-0.04703997075557709,0.12073209136724472,0.159852004242794
6 m,110.99999800000002,-0.01795285940170288,0.12023492157459259,0.13868066906597942
6 m,111.24999800000002,0.00365447998046875,0.11973775923252106,0.14087829555910975
6 m,111.49999800000002,0.026463262736797333,0.11924059689044952,0.11585392295241471
6 m,111.74999800000002,0.03667370229959488,0.11874343454837799,0.06979508240688045
6 m,111.99999800000002,0.010226525366306305,0.11824627220630646,0.13648030819207685
6 m,112.24999800000002,-0.03227967023849487,0.11774910986423492,0.20616695201861038
6 m,112.49999800000002,-0.08003965765237808,0.1172519400715828,0.24249761097233355
6 m,112.74999800000002,-0.1292586252093315,0.11675477772951126,0.23856409998187533
6 m,112.99999800000002,-0.17042412608861923,0.11625761538743973,0.16321408291752187
6 m,113.24999800000002,-0.18842828273773193,0.1157604530453682,0.09162295910525779
6 m,113.49999799999999,-0.1782647669315338,0.11526329070329666,0.12825571156595697
6 m,113.74999799999999,-0.1381705477833748,0.11476612091064453,0.20567500290441973
6 m,113.99999799999999,-0.10214781761169434,0.114268958568573,0.18717823716665571
6 m,114.24999799999999,-0.0719718262553215,0.11377179622650146,0.14874581038752283
6 m,114.49999799999999,-0.03647691756486893,0.11327463388442993,0.12418862250943556
6 m,114.74999799999999,-0.011297725141048431,0.1127774715423584,0.10996721738057368
6 m,114.99999799999999,-0.006601512432098389,0.11228030174970627,0.10464156708741192
6 m,115.24999799999999,-0.013407379388809204,0.11178313940763474,0.11323425947424448
6 m,115.49999799999999,-0.016690731048583984,0.1112859770655632,0.1094062087768012
6 m,115.74999799999999,-0.010231241583824158,0.11078881472349167,0.10158041414268709
6 m,115.99999799999999,-0.016162700951099396,0.11029165238142014,0.09683939095965129
6 m,116.24999799999999,-0.024383991956710815,0.109794482588768,0.07704846197599931
6 m,116.49999799999999,-0.010837063193321228,0.10929732024669647,0.10170877160413834
6 m,116.74999799999999,0.006871894001960754,0.10880015790462494,0.08128282627026252
6 m,116.99999799999999,0.006466329097747803,0.1083029955625534,0.07801304844803604
6 m,117.24999799999999,-0.004303835332393646,0.10780583322048187,0.08588630494500665
6 m,117.49999799999999,-0.011001922190189362,0.10730866342782974,0.09505739551337697
6 m,117.74999799999999,-0.005369916558265686,0.10681150108575821,0.11507084484572497
6 m,117.99999799999999,0.021831266582012177,0.10631433874368668,0.20860283264187912
6 m,118.24999799999999,0.04707290232181549,0.10581717640161514,0.2422175435460297
6 m,118.49999799999999,0.06386226415634155,0.10532001405954361,0.22019838906074324
6 m,118.74999799999999,0.061605438590049744,0.10482285171747208,0.22809985139702857
6 m,118.99999799999999,0.03156349062919617,0.10432568192481995,0.29830875375079957
6 m,119.24999799999999,-0.023511357605457306,0.10382851958274841,0.36447827519688236
6 m,119.49999799999999,-0.10135055333375931,0.10333135724067688,0.34078088161524966
6 m,119.74999799999999,-0.16208858042955399,0.10283419489860535,0.17588015168857232
6 m,119.99999799999999,-0.16948075592517853,0.10233703255653381,0.13925445702330405
6 m,120.24999799999999,-0.1363244354724884,0.10183986276388168,0.2358455748090151
6 m,120.49999799999999,-0.08146084100008011,0.10134270042181015,0.30801260491689847
6 m,120.74999799999999,-0.013782866299152374,0.10084553807973862,0.3278743134253754
6 m,120.99999799999999,0.055809102952480316,0.10034837573766708,0.2684044061235823
6 m,121.24999799999999,0.10363433510065079,0.09985121339559555,0.14070518438230845
6 m,121.49999799999999,0.13579272478818893,0.09935404360294342,0.08634262054987152
6 m,121.74999799999999,0.1606115773320198,0.09885688126087189,0.09340105517861794
6 m,121.99999799999999,0.17579907178878784,0.09835971891880035,0.0952863419056866
6 m,122.24999799999999,0.18442516773939133,0.09786255657672882,0.09074257155066856
6 m,122.49999799999999,0.19509439170360565,0.09736539423465729,0.08872022002353863
6 m,122.74999799999999,0.20792435109615326,0.09686822444200516,0.08364838770306693
6 m,122.99999799999999,0.2197570651769638,0.09637106209993362,0.0672597462422475
6 m,123.24999799999999,0.19730862975120544,0.09587389975786209,0.12103387484385203
6 m,123.49999799999999,0.14914145320653915,0.09537673741579056,0.24450338995581422
6 m,123.74999799999999,0.08658494055271149,0.09487957507371902,0.347935767409165
6 m,123.99999799999999,0.015307813882827759,0.0943824052810669,0.385523610034757
6 m,124.24999799999999,-0.057286061346530914,0.09388524293899536,0.3270570247487804
6 m,124.49999799999999,-0.10550001263618469,0.09338808059692383,0.21280184517029097
6 m,124.74999799999999,-0.125318743288517,0.0928909182548523,0.12014146004510791
6 m,124.99999799999999,-0.10653504729270935,0.09239375591278076,0.15967142565869913
6 m,125.24999799999999,-0.0726342648267746,0.09189659357070923,0.1534471866381693
6 m,125.49999799999999,-0.04726628214120865,0.0913994237780571,0.10619069459461446
6 m,125.74999799999999,-0.01438458263874054,0.09090226143598557,0.11965538950339036
6 m,125.99999799999999,0.03250204026699066,0.09040509909391403,0.19588348886227794
6 m,126.24999799999999,0.06755521148443222,0.0899079367518425,0.2149083993803667
6 m,126.49999799999999,0.09993714094161987,0.08941077440977097,0.20603712260628157
6 m,126.74999799999999,0.167237788438797,0.08891360461711884,0.3039391429081864
6 m,126.99999799999999,0.24665863066911697,0.0884164422750473,0.3434719241122352
6 m,127.24999799999999,0.2825813591480255,0.08791927993297577,0.27700839466083454
6 m,127.49999799999999,0.26427171379327774,0.08742211759090424,0.31860726599061606
6 m,127.74999799999999,0.2249455824494362,0.0869249552488327,0.3781545350257334
6 m,127.99999800000002,0.176066555082798,0.08642778545618057,0.44651266718014126
6 m,128.249998,0.10243542492389679,0.08593062311410904,0.4568715881233847
6 m,128.499998,0.01656874269247055,0.0854334607720375,0.26015891102209915
6 m,128.749998,-0.018382936716079712,0.08493629842996597,0.08723894093724403
6 m,128.999998,-0.013771384954452515,0.08443913608789444,0.08062157249652967
6 m,129.249998,-0.019837424159049988,0.08394196629524231,0.09716603797847596
6 m,129.499998,-0.038716115057468414,0.08344480395317078,0.12408448061471627
6 m,129.749998,-0.05402521789073944,0.08294764161109924,0.14375752288874685
6 m,129.999998,-0.07991913706064224,0.08245047926902771,0.16844861585567103
6 m,130.249998,-0.10450367629528046,0.08195331692695618,0.1344470726761109
6 m,130.499998,-0.1097213551402092,0.08145614713430405,0.11025422761699273
6 m,130.749998,-0.0872582495212555,0.08095898479223251,0.16232990184108154
6 m,130.999998,-0.055386148393154144,0.08046182245016098,0.17084392184893957
6 m,131.249998,-0.03377574682235718,0.07996466010808945,0.14415886545988918
6 m,131.499998,-0.024015098810195923,0.07946749776601791,0.12205262171909845
6 m,131.749998,-0.02829357236623764,0.07897033542394638,0.13662979805950262
6 m,131.999998,-0.052623823285102844,0.07847316563129425,0.15888401065636068
6 m,132.249998,-0.08146357536315918,0.07797600328922272,0.12362848372872569
6 m,132.499998,-0.1067950576543808,0.07747884094715118,0.07940127906229975
6 m,132.749998,-0.12110278010368347,0.07698167860507965,0.04164090131718907
6 m,132.999998,-0.1159261018037796,0.07648451626300812,0.06094511898144675
6 m,133.249998,-0.10342425107955933,0.07598734647035599,0.08299498161038617
6 m,133.499998,-0.08399922400712967,0.07549018412828445,0.09009788082526606
6 m,133.749998,-0.06064324826002121,0.07499302178621292,0.11068447424302269
6 m,133.999998,-0.03159486502408981,0.07449585944414139,0.135600534637735
6 m,134.249998,0.0016593188047409058,0.07399869710206985,0.12044226218822124
6 m,134.499998,0.0305725559592247,0.07350152730941772,0.10475266137765102
6 m,134.749998,0.05028015375137329,0.07300436496734619,0.09731761239179709
6 m,134.999998,0.06731358170509338,0.07250720262527466,0.06355787257718087
6 m,135.249998,0.06578892469406128,0.07201004028320312,0.06969920356050706
6 m,135.499998,0.052466340363025665,0.07151287794113159,0.09539214914415571
6 m,135.749998,0.029515795409679413,0.07101570814847946,0.11638642283749075
6 m,135.999998,-0.004737973213195801,0.07051854580640793,0.15599355819214603
6 m,136.249998,-0.03979462385177612,0.0700213834643364,0.14544574720718254
6 m,136.499998,-0.052817925810813904,0.06952422112226486,0.11223715830952238
6 m,136.749998,-0.05537828803062439,0.06902705878019333,0.10384169081778968
6 m,136.999998,-0.054118625819683075,0.0685298889875412,0.10393429976950713
6 m,137.249998,-0.03902629762887955,0.06803272664546967,0.13854704999013326
6 m,137.499998,0.0007016286253929138,0.06753556430339813,0.19407992307655134
6 m,137.749998,0.039766691625118256,0.0670384019613266,0.17225556646038281
6 m,137.999998,0.06047293543815613,0.06654123961925507,0.14782981431689685
6 m,138.249998,0.06574449688196182,0.06604407727718353,0.14353342649294482
6 m,138.499998,0.07498268783092499,0.0655469074845314,0.12523880254344838
6 m,138.749998,0.07524541765451431,0.06504974514245987,0.12290076289505618
6 m,138.999998,0.047016240656375885,0.06455258280038834,0.1269033399138679
6 m,139.249998,0.019594773650169373,0.0640554204583168,0.06973236250292153
6 m,139.499998,0.014747053384780884,0.06355825811624527,0.05869289836834976
6 m,139.749998,0.01232977956533432,0.06306108832359314,0.05645092079515873
6 m,139.999998,0.004177473485469818,0.0625639259815216,0.061273154652851776
6 m,140.249998,-0.013272181153297424,0.06206676363945007,0.09025065921268394
6 m,140.499998,-0.030639581382274628,0.06156960129737854,0.11627846300209967
6 m,140.749998,-0.03362433612346649,0.06107243895530701,0.11773908342127641
6 m,140.999998,-0.03457983583211899,0.06057526916265488,0.11492865243998009
6 m,141.249998,-0.03217385709285736,0.060078106820583344,0.1200875860303519
6 m,141.499998,-0.012686610221862793,0.05958094447851181,0.14420266373702875
6 m,141.749998,0.01609610766172409,0.05908378213644028,0.13747474814957072
6 m,141.999998,0.04372303932905197,0.058586619794368744,0.08547777358500037
6 m,142.249998,0.05789992958307266,0.058089450001716614,0.03809328141429497
6 m,142.499998,0.05198056250810623,0.05759228765964508,0.05141850715221049
6 m,142.749998,0.0446152538061142,0.05709512531757355,0.062606251491458
6 m,142.999998,0.036348290741443634,0.056597962975502014,0.07255490740851796
6 m,143.249998,0.020010560750961304,0.05610080063343048,0.06624149405149903
6 m,143.499998,0.00971490889787674,0.05560363084077835,0.05130608481488228
6 m,143.749998,0.018951736390590668,0.05510646849870682,0.09165632714756927
6 m,143.999998,0.049359746277332306,0.054609306156635284,0.1759017943927319
6 m,144.249998,0.08480895310640335,0.05411214381456375,0.19323642972868596
6 m,144.499998,0.11921384185552597,0.05361498147249222,0.18533602755451326
6 m,144.749998,0.1565435528755188,0.053117819130420685,0.15839258086077207
6 m,144.999998,0.18422896414995193,0.052620649337768555,0.09392837403544714
6 m,145.249998,0.1921660304069519,0.05212348699569702,0.05996501688019751
6 m,145.499998,0.1843479499220848,0.05162632465362549,0.06431989709708942
6 m,145.749998,0.1754319667816162,0.051129162311553955,0.05813630161959909
6 m,145.999998,0.16524580121040344,0.05063199996948242,0.08034175549503825
6 m,146.249998,0.13205082714557648,0.05013483017683029,0.1586235375953017
6 m,146.499998,0.0834493488073349,0.04963766783475876,0.2104124009302612
6 m,146.749998,0.03940417617559433,0.049140505492687225,0.22895730729330688
6 m,146.999998,0.00249287486076355,0.04864334315061569,0.20288628474233708
6 m,147.249998,-0.030461549758911133,0.04814618080854416,0.14432072504016547
6 m,147.499998,-0.04443668574094772,0.04764901101589203,0.09172306150166609
6 m,147.749998,-0.01334495097398758,0.047151848673820496,0.217521551539971
6 m,147.999998,0.06404154747724533,0.04665468633174896,0.3539089125297009
6 m,148.249998,0.1560158133506775,0.04615752398967743,0.4297105549077134
6 m,148.499998,0.2529236525297165,0.045660361647605896,0.4464207116332563
6 m,148.749998,0.33299392461776733,0.045163191854953766,0.3681695301005311
6 m,148.999998,0.37384022772312164,0.04466602951288223,0.23742595493172755
6 m,149.249998,0.35811375081539154,0.0441688671708107,0.29670602310755423
6 m,149.499998,0.2983161583542824,0.043671704828739166,0.37759161881670916
6 m,149.749998,0.22971847653388977,0.04317454248666763,0.3441958853275916
6 m,149.999998,0.15477950125932693,0.0426773726940155,0.3010018572777426
6 m,150.249998,0.07896403968334198,0.04218021035194397,0.21658429020492245
6 m,150.499998,0.026415690779685974,0.041683048009872437,0.17134321387208556
6 m,150.749998,-0.020113930106163025,0.0411858856678009,0.21551283788772
6 m,150.999998,-0.0706992894411087,0.04068872332572937,0.2563671121966442
6 m,151.249998,-0.11019536107778549,0.04019155353307724,0.20290680637338668
6 m,151.499998,-0.13109778612852097,0.03969439119100571,0.12537732227956283
6 m,151.749998,-0.11470305919647217,0.039197228848934174,0.16736834142431323
6 m,151.999998,-0.08643317222595215,0.03870006650686264,0.20397065771580578
6 m,152.249998,-0.055157631635665894,0.03820290416479111,0.20817170402713825
6 m,152.499998,0.004730783402919769,0.037705741822719574,0.20839253165953886
6 m,152.749998,0.05957154184579849,0.037208572030067444,0.17976745036905756
6 m,152.999998,0.07986640930175781,0.03671140968799591,0.1555316185183664
6 m,153.249998,0.08000307530164719,0.03621424734592438,0.15488494405031197
6 m,153.499998,0.057956770062446594,0.035717085003852844,0.21019562635259198
6 m,153.749998,0.031531624495983124,0.03521992266178131,0.24101749391563937
6 m,153.999998,-0.002246461808681488,0.03472275286912918,0.23781993222567632
6 m,154.249998,-0.048078201711177826,0.03422559052705765,0.14779487300858615
6 m,154.499998,-0.07685084640979767,0.033728428184986115,0.0539083748079528
6 m,154.749998,-0.08559025824069977,0.03323126584291458,0.04446357628513655
6 m,154.999998,-0.08664431422948837,0.03273410350084305,0.04519088883460905
6 m,155.249998,-0.08618201315402985,0.03223693370819092,0.04525591259945634
6 m,155.499998,-0.09123766422271729,0.031739771366119385,0.03227565861328669
6 m,155.749998,-0.0862964615225792,0.03124260902404785,0.04881648787129904
6 m,155.999998,-0.0690271258354187,0.03074544668197632,0.08320009974349848
6 m,156.249998,-0.04008999466896057,0.030248284339904785,0.12728323706460182
6 m,156.499998,-0.018615759909152985,0.029751114547252655,0.12363015890435029
6 m,156.749998,-0.02244914323091507,0.029253952205181122,0.14044080555206234
6 m,156.999998,-0.04757838696241379,0.02875678986310959,0.21741377136625675
6 m,157.249998,-0.07988066971302032,0.028259627521038055,0.25680727464255626
6 m,157.499998,-0.11739562451839447,0.027762465178966522,0.2420450635242098
6 m,157.749998,-0.1573171764612198,0.027265295386314392,0.1853694154831037
6 m,157.999998,-0.191152885556221,0.02676813304424286,0.09325626717001977
6 m,158.249998,-0.20553114265203476,0.026270970702171326,0.06698486314995272
6 m,158.499998,-0.1963387131690979,0.025773808360099792,0.06692365284796083
6 m,158.749998,-0.1748565286397934,0.02527664601802826,0.10923100716672246
6 m,158.999998,-0.14311113953590393,0.024779483675956726,0.19861675151850827
6 m,159.249998,-0.10471707582473755,0.024282313883304596,0.2396858802668858
6 m,159.499998,-0.07708188146352768,0.023785151541233063,0.2029800369286238
6 m,159.749998,-0.05330628901720047,0.02328798919916153,0.1539435834109131
6 m,159.999998,-0.02599310129880905,0.022790826857089996,0.12610021490764114
6 m,160.249998,-0.01467519998550415,0.022293664515018463,0.12406813019862437
6 m,160.499998,-0.006079331040382385,0.021796494722366333,0.14164250975614145
6 m,160.749998,0.01128438115119934,0.0212993323802948,0.17506819897940834
6 m,160.999998,0.04070308804512024,0.020802170038223267,0.17100900214312534
6 m,161.249998,0.06847264617681503,0.020305007696151733,0.09166453891022926
6 m,161.499998,0.07133087515830994,0.0198078453540802,0.07052848866583823
6 m,161.749998,0.06278087943792343,0.01931067556142807,0.07477740657645474
6 m,161.999998,0.0649082288146019,0.018813513219356537,0.07523826303438427
6 m,162.249998,0.06323923915624619,0.018316350877285004,0.06769171547200961
6 m,162.499998,0.05937842279672623,0.01781918853521347,0.05883789545598032
6 m,162.749998,0.07843028753995895,0.017322026193141937,0.11739387955563965
6 m,162.999998,0.10551367700099945,0.016824856400489807,0.1329872267215607
6 m,163.249998,0.11277978867292404,0.016327694058418274,0.11778785712719848
6 m,163.499998,0.0955762043595314,0.01583053171634674,0.17034281193897707
6 m,163.749998,0.060014039278030396,0.015333369374275208,0.23162699183938662
6 m,163.999998,0.018222607672214508,0.014836207032203674,0.26762926852102487
6 m,164.249998,-0.025067918002605438,0.014339037239551544,0.25550791949740337
6 m,164.499998,-0.06447487324476242,0.013841874897480011,0.1501765854078574
6 m,164.749998,-0.07643511146306992,0.013344712555408478,0.08088441106266929
6 m,164.999998,-0.06592775881290436,0.012847550213336945,0.09013838844587176
6 m,165.249998,-0.0588749498128891,0.012350387871265411,0.07650118837719584
6 m,165.499998,-0.056902848184108734,0.011853225529193878,0.0702378935470728
6 m,165.749998,-0.06361057609319687,0.011356055736541748,0.08613939683775655
6 m,165.999998,-0.08138573914766312,0.010858893394470215,0.10459881675383864
6 m,166.249998,-0.09873497486114502,0.010361731052398682,0.07949147435867884
6 m,166.499998,-0.09894472360610962,0.009864568710327148,0.07840652315025341
6 m,166.749998,-0.08784783631563187,0.009367406368255615,0.10061822249878122
6 m,166.999998,-0.07243090122938156,0.008870236575603485,0.100536459956488
6 m,167.249998,-0.06110280752182007,0.008373074233531952,0.09025464817369487
6 m,167.499998,-0.056440167129039764,0.007875911891460419,0.07743567907896225
6 m,167.749998,-0.062157273292541504,0.0073787495493888855,0.09612270017613506
6 m,167.999998,-0.08175508677959442,0.006881587207317352,0.11193353376286419
6 m,168.249998,-0.10214667022228241,0.006384417414665222,0.07562334739617299
6 m,168.499998,-0.10745374858379364,0.005887255072593689,0.05841830662590472
6 m,168.749998,-0.10208375006914139,0.005390092730522156,0.07615192770773441
6 m,168.999998,-0.0856119841337204,0.0048929303884506226,0.10979698238857827
6 m,169.249998,-0.054246626794338226,0.004395768046379089,0.14413338693486677
6 m,169.499998,-0.010682158172130585,0.0038985982537269592,0.17499936172136518
6 m,169.749998,0.03259553760290146,0.003401435911655426,0.16916438373074266
6 m,169.999998,0.06344780325889587,0.002904273569583893,0.13849572049827516
6 m,170.249998,0.08068504184484482,0.0024071112275123596,0.09901712152229634
6 m,170.499998,0.08399208635091782,0.0019099488854408264,0.08683227810514209
6 m,170.749998,0.07072370499372482,0.0014127790927886963,0.12012332849801474
6 m,170.999998,0.039638034999370575,0.0009156167507171631,0.1510904936716745
6 m,171.249998,0.007580026984214783,0.0004184544086456299,0.12213038304725615
6 m,171.499998,-0.0022025257349014282,-7.870793342590332e-05,0.09231449786938745
6 m,171.749998,0.006138242781162262,-0.0005758702754974365,0.11782296704645985
6 m,171.999998,0.021781310439109802,-0.0010730326175689697,0.13797265109986126
6 m,172.249998,0.04980112612247467,-0.0015702024102210999,0.15868192353404564
6 m,172.499998,0.08970408141613007,-0.002067364752292633,0.16516495098093678
6 m,172.749998,0.12213729321956635,-0.0025645270943641663,0.11042967417822201
6 m,172.999998,0.12296783924102783,-0.0030616894364356995,0.10790831895802107
6 m,173.249998,0.0948801264166832,-0.0035588517785072327,0.18148527482176535
6 m,173.499998,0.05542808026075363,-0.004056021571159363,0.24116643218157577
6 m,173.749998,0.01693326234817505,-0.004553183913230896,0.25056342703660756
6 m,173.999998,-0.016617409884929657,-0.005050346255302429,0.1889832306075427
6 m,174.249998,-0.03965504467487335,-0.005547508597373962,0.10918679585244603
6 m,174.499998,-0.04079245775938034,-0.006044670939445496,0.10043027073112187
6 m,174.749998,-0.024261444807052612,-0.006541840732097626,0.09660144973371475
6 m,174.999998,-0.004094362258911133,-0.007039003074169159,0.07231830251038145
6 m,175.249998,0.021456822752952576,-0.007536165416240692,0.08233972825392101
6 m,175.499998,0.039894089102745056,-0.008033327758312225,0.09702702898299305
6 m,175.749998,0.054176829755306244,-0.008530490100383759,0.10446685487480804
6 m,175.999998,0.06997010111808777,-0.009027659893035889,0.08312112478232886
6 m,176.249998,0.08005597442388535,-0.009524822235107422,0.05434399362089148
6 m,176.499998,0.07695192843675613,-0.010021984577178955,0.06593485327494222
6 m,176.749998,0.06343602389097214,-0.010519146919250488,0.08720989197752346
6 m,176.999998,0.045734405517578125,-0.011016309261322021,0.06480952823999084
6 m,177.249998,0.041678495705127716,-0.011513479053974152,0.05536442229728801
6 m,177.499998,0.06169760227203369,-0.012010641396045685,0.14886971620915326
6 m,177.749998,0.11792058497667313,-0.012507803738117218,0.30655852507753706
6 m,177.999998,0.18557952344417572,-0.013004966080188751,0.3662218045409752
6 m,178.249998,0.2765020877122879,-0.013502128422260284,0.4047746825681576
6 m,178.499998,0.35912835597991943,-0.013999290764331818,0.3445776272471492
6 m,178.749998,0.3886849135160446,-0.014496460556983948,0.25189340353539463
6 m,178.999998,0.3751867339015007,-0.014993622899055481,0.29687974739602735
6 m,179.249998,0.3366321325302124,-0.015490785241127014,0.3323141504884313
6 m,179.499998,0.29498758167028427,-0.015987947583198547,0.28721693764447626
6 m,179.749998,0.26485826820135117,-0.01648510992527008,0.24572665431150068
6 m,179.999998,0.22584254294633865,-0.01698227971792221,0.17447584960768478
6 m,180.249998,0.1951715052127838,-0.017479442059993744,0.18464601922880658
6 m,180.499998,0.18693917989730835,-0.017976604402065277,0.20462405482232818
6 m,180.749998,0.15370263159275055,-0.01847376674413681,0.2425927336625248
6 m,180.999998,0.11957729607820511,-0.018970929086208344,0.19987832528981667
6 m,181.249998,0.10518710315227509,-0.019468098878860474,0.13960945651549353
6 m,181.499998,0.10645103454589844,-0.019965261220932007,0.14189695564382346
6 m,181.749998,0.12541988492012024,-0.02046242356300354,0.1501006821839093
6 m,181.999998,0.17669449001550674,-0.020959585905075073,0.2076522368433629
6 m,182.249998,0.21902114152908325,-0.021456748247146606,0.22355033711858122
6 m,182.499998,0.25184132158756256,-0.021953918039798737,0.17428512510737046
6 m,182.749998,0.2693718671798706,-0.02245108038187027,0.1601922105146335
6 m,182.999998,0.2620142996311188,-0.022948242723941803,0.1808257978681187
6 m,183.249998,0.2303159087896347,-0.023445405066013336,0.285157737269765
6 m,183.499998,0.1866520792245865,-0.02394256740808487,0.30468288205320476
6 m,183.749998,0.1396598443388939,-0.024439737200737,0.20831410590638363
6 m,183.999998,0.12163195759057999,-0.024936899542808533,0.1618989415082637
6 m,184.249998,0.11969778686761856,-0.025434061884880066,0.1582789369388368
6 m,184.499998,0.1301964893937111,-0.0259312242269516,0.17682127542755383
6 m,184.749998,0.14873554557561874,-0.026428386569023132,0.14629117118414195
6 m,184.999998,0.13363510370254517,-0.026925548911094666,0.21806585818052454
6 m,185.249998,0.0747833400964737,-0.027422718703746796,0.3233334090256489
6 m,185.499998,0.002181798219680786,-0.02791988104581833,0.3632544697101969
6 m,185.749998,-0.06884785741567612,-0.028417043387889862,0.34476138469673673
6 m,185.999998,-0.12972146272659302,-0.028914205729961395,0.25783618858784685
6 m,186.249998,-0.17598352581262589,-0.02941136807203293,0.11698209072580557
6 m,186.499998,-0.19950071722269058,-0.02990853786468506,0.050747053204891555
6 m,186.749998,-0.21206173300743103,-0.030405700206756592,0.08960921765915725
6 m,186.999998,-0.21924779564142227,-0.030902862548828125,0.09283635167617008
6 m,187.249998,-0.20647883415222168,-0.03140002489089966,0.13635791319831891
6 m,187.499998,-0.17462100833654404,-0.03189718723297119,0.22776754132282873
6 m,187.749998,-0.1088358610868454,-0.03239435702562332,0.37627791974249525
6 m,187.999998,-0.019280731678009033,-0.032891519367694855,0.4540089986068574
6 m,188.249998,0.06428960710763931,-0.03338868170976639,0.38458365184230153
6 m,188.499998,0.1274741366505623,-0.03388584405183792,0.2365088267982908
6 m,188.749998,0.15428990870714188,-0.034383006393909454,0.1452532858434337
6 m,188.999998,0.1501166746020317,-0.034880176186561584,0.15118212209585533
6 m,189.249998,0.13310831040143967,-0.03537733852863312,0.15921408730008904
6 m,189.499998,0.09637046605348587,-0.03587450087070465,0.11021582573635835
6 m,189.749998,0.06487827003002167,-0.036371663212776184,0.0852794812227224
6 m,189.999998,0.039783626794815063,-0.03686882555484772,0.12579503543504672
6 m,190.249998,0.010504297912120819,-0.03736599534749985,0.1429144561463075
6 m,190.499998,-0.017590709030628204,-0.03786315768957138,0.13125924538482067
6 m,190.749998,-0.03745730221271515,-0.038360320031642914,0.10160877608032028
6 m,190.999998,-0.03440665453672409,-0.03885748237371445,0.11503820777260043
6 m,191.249998,-0.012588217854499817,-0.03935464471578598,0.1585131363921387
6 m,191.499998,0.013613462448120117,-0.03985180705785751,0.16432427045749612
6 m,191.749998,0.03666958212852478,-0.040348976850509644,0.1267186031966448
6 m,191.999998,0.0403100922703743,-0.04084613919258118,0.11779646422633964
6 m,192.249998,0.016760878264904022,-0.04134330153465271,0.1982911066630547
6 m,192.499998,-0.032823726534843445,-0.04184046387672424,0.27456765596429344
6 m,192.749998,-0.09232936054468155,-0.042337626218795776,0.2492802746703242
6 m,192.999998,-0.1089613288640976,-0.042834796011447906,0.20727677357338056
6 m,193.249998,-0.09036705642938614,-0.04333195835351944,0.26923950056169066
6 m,193.499998,-0.05216442793607712,-0.04382912069559097,0.32974675216374544
6 m,193.749998,0.009729668498039246,-0.044326283037662506,0.3557590369161356
6 m,193.999998,0.08642246574163437,-0.04482344537973404,0.3083516801843774
6 m,194.249998,0.12971258163452148,-0.04532061517238617,0.1804168469781894
6 m,194.499998,0.1322663500905037,-0.0458177775144577,0.16483365847454656
6 m,194.749998,0.09617474675178528,-0.046314939856529236,0.20634681038398092
6 m,194.999998,0.047423139214515686,-0.04681210219860077,0.24809713304145614
6 m,195.249998,-0.008028358221054077,-0.0473092645406723,0.2823921251300186
6 m,195.499998,-0.06918831169605255,-0.04780643433332443,0.23442565947543528
6 m,195.749998,-0.11340135335922241,-0.048303596675395966,0.11478663111482766
6 m,195.999998,-0.12511903792619705,-0.0488007590174675,0.08666372306047644
6 m,196.249998,-0.13130079954862595,-0.04929792135953903,0.07040340091891512
6 m,196.499998,-0.1319424733519554,-0.049795083701610565,0.06766605161821487
6 m,196.749998,-0.11732009798288345,-0.050292253494262695,0.07615918212136348
6 m,196.999998,-0.08611755073070526,-0.05078941583633423,0.11791482029754288
6 m,197.249998,-0.0641000047326088,-0.05128657817840576,0.11961594304257128
6 m,197.499998,-0.04846610873937607,-0.051783740520477295,0.11763100662774356
6 m,197.749998,-0.028503097593784332,-0.05228090286254883,0.11207179774741055
6 m,197.999998,-0.015137337148189545,-0.05277806520462036,0.08566079477428383
6 m,198.249998,-0.01294805109500885,-0.05327523499727249,0.07795593032013838
6 m,198.499998,-0.019804157316684723,-0.053772397339344025,0.07626494033128814
6 m,198.749998,-0.03440230339765549,-0.05426955968141556,0.05735485478723158
6 m,198.999998,-0.04254613071680069,-0.05476672202348709,0.06809681979061986
6 m,199.249998,-0.05409378558397293,-0.055263884365558624,0.07269104552466915
6 m,199.499998,-0.07243165373802185,-0.055761054158210754,0.07141619378936935
6 m,199.749998,-0.08146026730537415,-0.05625821650028229,0.06542683466409263
6 m,199.999998,-0.07456269860267639,-0.05675537884235382,0.08805244020821426
6 m,200.249998,-0.06393972039222717,-0.057252541184425354,0.11586963404056747
6 m,200.499998,-0.05569090694189072,-0.05774970352649689,0.11151758779288935
6 m,200.749998,-0.044356562197208405,-0.05824687331914902,0.10138563428077156
6 m,200.999998,-0.028727971017360687,-0.05874403566122055,0.101605145085311
6 m,201.249998,0.00013730674982070923,-0.059241198003292084,0.12506619252242074
6 m,201.499998,0.028170503675937653,-0.05973836034536362,0.1669837357231903
6 m,201.749998,0.05480287969112396,-0.06023552268743515,0.20246090141949466
6 m,201.999998,0.09139685332775116,-0.06073269248008728,0.19471497311601685
6 m,202.249998,0.10516685247421265,-0.061229854822158813,0.15089189945285747
6 m,202.499998,0.0767507404088974,-0.06172701716423035,0.247545683729948
6 m,202.749998,0.02300103008747101,-0.06222417950630188,0.32837344685111136
6 m,202.999998,-0.055956654250621796,-0.06272134184837341,0.3665265401721761
6 m,203.249998,-0.12414770573377609,-0.06321851164102554,0.30513517111832406
6 m,203.499998,-0.17959409207105637,-0.06371567398309708,0.205883542256019
6 m,203.749998,-0.22278036177158356,-0.06421283632516861,0.08497714194017922
6 m,203.999998,-0.23492229729890823,-0.06470999866724014,0.06438037922085244
6 m,204.249998,-0.23056838661432266,-0.06520716100931168,0.0715990019552962
6 m,204.499998,-0.22082387655973434,-0.06570432335138321,0.08927875040937962
6 m,204.749998,-0.2047027051448822,-0.06620149314403534,0.08566885312718842
6 m,204.999998,-0.19765430688858032,-0.06669865548610687,0.09333411965428759
6 m,205.249998,-0.18251866102218628,-0.0671958178281784,0.08344126285852371
6 m,205.499998,-0.1725732684135437,-0.06769298017024994,0.048004344760965094
6 m,205.749998,-0.17969627678394318,-0.06819014251232147,0.06748314311552836
6 m,205.999998,-0.19238897413015366,-0.0686873123049736,0.0659192172401832
6 m,206.249998,-0.20969432592391968,-0.06918447464704514,0.08037946904955283
6 m,206.499998,-0.23053719848394394,-0.06968163698911667,0.09479104857618542
6 m,206.749998,-0.24535148590803146,-0.0701787993311882,0.07669409331120268
6 m,206.999998,-0.25176766514778137,-0.07067596167325974,0.0559213597678639
6 m,207.249998,-0.23686979711055756,-0.07117313146591187,0.1077713582269728
6 m,207.499998,-0.20923548191785812,-0.0716702938079834,0.15766066918507515
6 m,207.749998,-0.17629404366016388,-0.07216745615005493,0.19164988633757626
6 m,207.999998,-0.12685710191726685,-0.07266461849212646,0.19793989177838442
6 m,208.249998,-0.08075550198554993,-0.073161780834198,0.16035903413296917
6 m,208.499998,-0.05631139129400253,-0.07365895062685013,0.1098610214985737
6 m,208.749998,-0.04082782566547394,-0.07415611296892166,0.06759207935315552
6 m,208.999998,-0.028513245284557343,-0.0746532753109932,0.06989279742400475
6 m,209.249998,-0.007468022406101227,-0.07515043765306473,0.11353014516221561
6 m,209.499998,0.015850238502025604,-0.07564759999513626,0.14217969157534563
6 m,209.749998,0.032795727252960205,-0.07614476978778839,0.15072858040583564
6 m,209.999998,0.05428803712129593,-0.07664193212985992,0.13164206716018467
6 m,210.249998,0.07715294510126114,-0.07713909447193146,0.07595106779287152
6 m,210.499998,0.08055794984102249,-0.07763625681400299,0.06624526170854564
6 m,210.749998,0.058153003454208374,-0.07813341915607452,0.12008580156120506
6 m,210.999998,0.015267446637153625,-0.07863058149814606,0.19165369832056883
6 m,211.249998,-0.03851728141307831,-0.07912775129079819,0.256522331141068
6 m,211.499998,-0.08794183284044266,-0.07962491363286972,0.262332813172068
6 m,211.749998,-0.12245504558086395,-0.08012207597494125,0.2012584388980186
6 m,211.999998,-0.13040964305400848,-0.08061923831701279,0.17286574805287494
6 m,212.249998,-0.11717399954795837,-0.08111640065908432,0.19868470071073552
6 m,212.499998,-0.09982463717460632,-0.08161357045173645,0.18720724216625498
6 m,212.749998,-0.07875648140907288,-0.08211073279380798,0.14828923563796065
6 m,212.999998,-0.06341920047998428,-0.08260789513587952,0.10633581507064718
6 m,213.249998,-0.06955739855766296,-0.08310505747795105,0.11128689074888977
6 m,213.499998,-0.08758796751499176,-0.08360221982002258,0.09463083758762482
6 m,213.749998,-0.1048382967710495,-0.08409938961267471,0.04989835099675785
6 m,213.999998,-0.10998812317848206,-0.08459655195474625,0.04514122434029682
6 m,214.249998,-0.12169581651687622,-0.08509371429681778,0.10040214068377133
6 m,214.499998,-0.159674771130085,-0.08559087663888931,0.17538911146127878
6 m,214.749998,-0.20249488204717636,-0.08608803898096085,0.20664126503162258
6 m,214.999998,-0.24306507408618927,-0.08658520877361298,0.21043305585621913
6 m,215.249998,-0.27506112307310104,-0.08708237111568451,0.1626757643649626
6 m,215.499998,-0.2908197492361069,-0.08757953345775604,0.11392873959126668
6 m,215.749998,-0.29631374031305313,-0.08807669579982758,0.09826284399062592
6 m,215.999998,-0.2839747220277786,-0.08857385814189911,0.10014415390860078
6 m,216.249998,-0.26240673661231995,-0.08907102793455124,0.0793826078167178
6 m,216.499998,-0.24994852393865585,-0.08956819027662277,0.06433468649668127
6 m,216.749998,-0.2430579960346222,-0.0900653526186943,0.056430744322793346
6 m,216.999998,-0.2525182291865349,-0.09056251496076584,0.07308232342757301
6 m,217.249998,-0.26180166751146317,-0.09105967730283737,0.07876120864309748
6 m,217.499998,-0.2664121985435486,-0.0915568396449089,0.08034799545541171
6 m,217.749998,-0.2694958746433258,-0.09205400943756104,0.07391212555903215
6 m,217.999998,-0.2690831795334816,-0.09255117177963257,0.073590200435398
6 m,218.249998,-0.24792595207691193,-0.0930483341217041,0.12783891599176048
6 m,218.499998,-0.20965855568647385,-0.09354549646377563,0.1945100049127732
6 m,218.749998,-0.16975786536931992,-0.09404265880584717,0.1745264154950694
6 m,218.999998,-0.14433839917182922,-0.0945398285984993,0.13854000950273468
6 m,219.249998,-0.1275431513786316,-0.09503699094057083,0.10162528319431413
6 m,219.499998,-0.11868369579315186,-0.09553415328264236,0.08238940216056188
6 m,219.749998,-0.1354188770055771,-0.0960313156247139,0.13400696746144605
6 m,219.999998,-0.16978982836008072,-0.09652847796678543,0.15632971606196985
6 m,220.249998,-0.19756297022104263,-0.09702564775943756,0.1201847682454053
6 m,220.499998,-0.20374754071235657,-0.0975228101015091,0.10863199752479763
6 m,220.749998,-0.194265715777874,-0.09801997244358063,0.13615014819385288
6 m,220.999998,-0.18305665999650955,-0.09851713478565216,0.1532386709093059
6 m,221.249998,-0.16856590658426285,-0.0990142971277237,0.15533385412309092
6 m,221.499998,-0.11460850387811661,-0.09951146692037582,0.19623201074233534
6 m,221.749998,-0.06854362785816193,-0.10000862926244736,0.19691396514823103
6 m,221.999998,-0.057307131588459015,-0.10050579160451889,0.17993275565779548
6 m,222.249998,-0.07680785655975342,-0.10100295394659042,0.23452878863451665
6 m,222.499998,-0.12527446448802948,-0.10150011628866196,0.3383488803959854
6 m,222.749998,-0.18547514081001282,-0.10199728608131409,0.414938933304634
6 m,222.999998,-0.25979333370923996,-0.10249444842338562,0.41826615323709904
6 m,223.249998,-0.3441372811794281,-0.10299161076545715,0.26002684051005437
6 m,223.499998,-0.3864472582936287,-0.10348877310752869,0.09417457167651294
6 m,223.749998,-0.3770068362355232,-0.10398593544960022,0.13598122536922697
6 m,223.999998,-0.34239912033081055,-0.10448309779167175,0.20781038596414456
6 m,224.249998,-0.3103303015232086,-0.10498026758432388,0.19252786895796042
6 m,224.499998,-0.2818112298846245,-0.10547742992639542,0.16378486531058722
6 m,224.749998,-0.23557353019714355,-0.10597459226846695,0.17778991558399268
6 m,224.999998,-0.20579933375120163,-0.10647175461053848,0.14587566493179827
6 m,225.249998,-0.21073028445243835,-0.10696891695261002,0.15899133648555727
6 m,225.499998,-0.23217444121837616,-0.10746608674526215,0.17934778069444146
6 m,225.749998,-0.23233069479465485,-0.10796324908733368,0.17985092296325095
6 m,225.999998,-0.22069763392210007,-0.10846041142940521,0.18221773877229372
6 m,226.249998,-0.22607261687517166,-0.10895757377147675,0.17672913219831987
6 m,226.499998,-0.24737554043531418,-0.10945473611354828,0.15435484811123015
6 m,226.749998,-0.2476605474948883,-0.10995190590620041,0.1519917840307331
6 m,226.999998,-0.24465107917785645,-0.11044906824827194,0.1450618213282321
6 m,227.249998,-0.2517506927251816,-0.11094623059034348,0.13582043962755827
6 m,227.499998,-0.25953037291765213,-0.11144339293241501,0.10755448266176898
6 m,227.749998,-0.23757945746183395,-0.11194055527448654,0.1692532923973795
6 m,227.999998,-0.20574812591075897,-0.11243772506713867,0.17558749352932418
6 m,228.249998,-0.18294846266508102,-0.1129348874092102,0.12871645002521587
6 m,228.499998,-0.17817062139511108,-0.11343204975128174,0.11118034693352621
6 m,228.749998,-0.19089368730783463,-0.11392921209335327,0.14282862288194698
6 m,228.999998,-0.2123209536075592,-0.1144263744354248,0.15134246795905504
6 m,229.249998,-0.22256126254796982,-0.11492354422807693,0.12980694733160453
6 m,229.499998,-0.21167513728141785,-0.11542070657014847,0.17469060783905682
6 m,229.749998,-0.182174414396286,-0.11591786891222,0.21421013375261516
6 m,229.999998,-0.13968048989772797,-0.11641503125429153,0.21708180213391004
6 m,230.249998,-0.08830171823501587,-0.11691219359636307,0.20215626708294476
6 m,230.499998,-0.046972326934337616,-0.1174093559384346,0.13684446113502644
6 m,230.749998,-0.01432933658361435,-0.11790652573108673,0.09163898195905124
6 m,230.999998,0.011844165623188019,-0.11840368807315826,0.11575364475084261
6 m,231.249998,0.014786332845687866,-0.1189008504152298,0.12380755185503951
6 m,231.499998,-0.01204710453748703,-0.11939801275730133,0.23204984602610787
6 m,231.749998,-0.06734532862901688,-0.11989517509937286,0.3397754386948009
6 m,231.999998,-0.14478707313537598,-0.120392344892025,0.39587526129387496
6 m,232.249998,-0.22943641245365143,-0.12088950723409653,0.4196078706798907
6 m,232.499998,-0.31711533665657043,-0.12138666957616806,0.3335131404348267
6 m,232.749998,-0.38367635011672974,-0.1218838319182396,0.16395932681385209
6 m,232.999998,-0.40635961294174194,-0.12238099426031113,0.06682317498548375
6 m,233.249998,-0.39770445972681046,-0.12287816405296326,0.0965056639801782
6 m,233.499998,-0.3750660791993141,-0.12337532639503479,0.15584303933707674
6 m,233.749998,-0.33781127631664276,-0.12387248873710632,0.18935628454893885
6 m,233.999998,-0.2869974970817566,-0.12436965107917786,0.19738415678498236
6 m,234.249998,-0.23263511806726456,-0.12486681342124939,0.20501574660362562
6 m,234.499998,-0.18436461687088013,-0.12536398321390152,0.18362595028525458
6 m,234.749998,-0.15528026968240738,-0.12586114555597305,0.1273755868570258
6 m,234.999998,-0.13030248135328293,-0.1263583078980446,0.10285670651079352
6 m,235.249998,-0.09603411704301834,-0.12685547024011612,0.14072364631440976
6 m,235.499998,-0.06594002991914749,-0.12735263258218765,0.1505450411786205
6 m,235.749998,-0.054605334997177124,-0.12784980237483978,0.14183540720463114
6 m,235.999998,-0.0434330552816391,-0.12834696471691132,0.13900007433824077
6 m,236.249998,-0.01712726056575775,-0.12884412705898285,0.14244284545311287
6 m,236.499998,0.02056588977575302,-0.12934128940105438,0.15114999391569167
6 m,236.749998,0.04604983329772949,-0.12983845174312592,0.17647596778288435
6 m,236.999998,0.05966775119304657,-0.13033561408519745,0.18286060397111878
6 m,237.249998,0.074132539331913,-0.13083278387784958,0.15305358012343834
6 m,237.499998,0.07794586569070816,-0.1313299462199211,0.14204699047665462
6 m,237.749998,0.04290247708559036,-0.13182710856199265,0.2255505228925277
6 m,237.999998,-0.0016672685742378235,-0.13232427090406418,0.22083966798808932
6 m,238.249998,-0.03392258286476135,-0.1328214332461357,0.1554206707479306
6 m,238.499998,-0.042143553495407104,-0.13331860303878784,0.12568884731455485
6 m,238.749998,-0.04054005444049835,-0.13381576538085938,0.12547939339631178
6 m,238.999998,-0.03687445819377899,-0.1343129277229309,0.12358342485649947
6 m,239.249998,-0.032080285251140594,-0.13481009006500244,0.1154778158181164
6 m,239.499998,-0.02550109475851059,-0.13530725240707397,0.09484435866947516
6 m,239.749998,-0.04292818903923035,-0.1358044221997261,0.10932609449160038
6 m,239.999998,-0.05643239617347717,-0.13630158454179764,0.07694505612052754
6 m,240.249998,-0.06317099183797836,-0.13679874688386917,0.05225123234843739
6 m,240.499998,-0.05745239555835724,-0.1372959092259407,0.05376103214084783
6 m,240.749998,-0.05284172296524048,-0.13779307156801224,0.048389889692596645
6 m,240.999998,-0.05400208383798599,-0.13829024136066437,0.054812084028702274
6 m,241.249998,-0.07606819272041321,-0.1387874037027359,0.1424273886237882
6 m,241.499998,-0.11791475862264633,-0.13928456604480743,0.2430140547858567
6 m,241.749998,-0.16291847825050354,-0.13978172838687897,0.23139239116591442
6 m,241.999998,-0.19112829118967056,-0.1402788907289505,0.18944639295503066
6 m,242.249998,-0.2092057317495346,-0.14077606052160263,0.14787231818235888
6 m,242.499998,-0.21846279501914978,-0.14127322286367416,0.12769145206504864
6 m,242.749998,-0.21251606941223145,-0.1417703852057457,0.13300324771115746
6 m,242.999998,-0.18487702310085297,-0.14226754754781723,0.10662645942769691
6 m,243.249998,-0.16005083918571472,-0.14276470988988876,0.06516500593328335
6 m,243.499998,-0.15496129542589188,-0.1432618722319603,0.062392148335145496
6 m,243.749998,-0.15573740750551224,-0.14375904202461243,0.06210903976468655
6 m,243.999998,-0.15538617968559265,-0.14425620436668396,0.061176319889043644
6 m,244.249998,-0.15844187885522842,-0.1447533667087555,0.06919814644342001
6 m,244.499998,-0.1743011772632599,-0.14525052905082703,0.08678346119921186
6 m,244.749998,-0.19086315482854843,-0.14574769139289856,0.06320764636053842
6 m,244.999998,-0.2019418478012085,-0.1462448611855507,0.03839480535069249
6 m,245.249998,-0.20323145389556885,-0.14674202352762222,0.03818347312688058
6 m,245.499998,-0.1879417523741722,-0.14723918586969376,0.09166409141843422
6 m,245.749998,-0.16577204316854477,-0.1477363482117653,0.12936725648604927
6 m,245.999998,-0.14589131623506546,-0.14823351055383682,0.1248753842409899
6 m,246.249998,-0.1239980012178421,-0.14873068034648895,0.10043527985952909
6 m,246.499998,-0.09463442116975784,-0.14922784268856049,0.11982383019884753
6 m,246.749998,-0.06430528312921524,-0.14972500503063202,0.12581978047798933
6 m,246.999998,-0.03196607530117035,-0.15022216737270355,0.14850081770506995
6 m,247.249998,-0.007656797766685486,-0.15071932971477509,0.1617098121405164
6 m,247.499998,0.016854122281074524,-0.15121649950742722,0.1374725694294107
6 m,247.749998,0.0352645143866539,-0.15171366184949875,0.07824137518728683
6 m,247.999998,0.027015194296836853,-0.15221082419157028,0.11226460497930314
6 m,248.249998,-0.02090492844581604,-0.15270798653364182,0.22927987763990484
6 m,248.499998,-0.08805832266807556,-0.15320514887571335,0.33517398401436355
6 m,248.749998,-0.1694970279932022,-0.15370231866836548,0.3621356606913785
6 m,248.999998,-0.2406478002667427,-0.154199481010437,0.3254773609140618
6 m,249.249998,-0.2903967648744583,-0.15469664335250854,0.22407235434498232
6 m,249.499998,-0.29941124469041824,-0.15519380569458008,0.18983388293312004
6 m,249.749998,-0.26636292040348053,-0.1556909680366516,0.27924652827891244
6 m,249.999998,-0.20369457453489304,-0.15618813037872314,0.3201019601016151
6 m,250.249998,-0.11987610161304474,-0.15668530017137527,0.3390955308598451
6 m,250.499998,-0.03716779500246048,-0.1571824625134468,0.30611603695376455
6 m,250.749998,0.02058461308479309,-0.15767962485551834,0.21205689625473612
6 m,250.999998,0.06350626796483994,-0.15817678719758987,0.13738547516794716
6 m,251.249998,0.09060250967741013,-0.1586739495396614,0.11309812788012255
6 m,251.499998,0.11847628653049469,-0.15917111933231354,0.11202752825959579
6 m,251.749998,0.12781018763780594,-0.15966828167438507,0.10563193252936975
6 m,251.999998,0.08696228265762329,-0.1601654440164566,0.23360468100285606
6 m,252.249998,0.023491866886615753,-0.16066260635852814,0.368044946048797
6 m,252.499998,-0.046668604016304016,-0.16115976870059967,0.44691996654229443
6 m,252.749998,-0.12832774966955185,-0.1616569384932518,0.416462526238277
6 m,252.999998,-0.1828990876674652,-0.16215410083532333,0.304496717359375
6 m,253.249998,-0.2043505311012268,-0.16265126317739487,0.2194465111099211
6 m,253.499998,-0.19416522979736328,-0.1631484255194664,0.22463437828126065
6 m,253.749998,-0.16750211268663406,-0.16364558786153793,0.179803055437602
6 m,253.999998,-0.16022560745477676,-0.16414275765419006,0.15454837481188355
6 m,254.249998,-0.16373253613710403,-0.1646399199962616,0.1604402352582101
6 m,254.499998,-0.17907657474279404,-0.16513708233833313,0.16544049800301658
6 m,254.749998,-0.21322216093540192,-0.16563424468040466,0.13128908732347486
6 m,254.999998,-0.24805471301078796,-0.1661314070224762,0.0988141805357698
6 m,255.249998,-0.2682962939143181,-0.16662857681512833,0.10867957321497235
6 m,255.499998,-0.2703371196985245,-0.16712573915719986,0.11759177857471248
6 m,255.749998,-0.24529477208852768,-0.1676229014992714,0.19483023424962165
6 m,255.999998,-0.21258677542209625,-0.16812006384134293,0.2689113293821781
6 m,256.249998,-0.17005593329668045,-0.16861722618341446,0.28830949069626566
6 m,256.499998,-0.1324741318821907,-0.169114388525486,0.23125599224431054
6 m,256.749998,-0.11667543649673462,-0.16961155831813812,0.1777095599905658
6 m,256.999998,-0.1237746998667717,-0.17010872066020966,0.193589315241535
6 m,257.249998,-0.15212634205818176,-0.1706058830022812,0.19659548547440825
6 m,257.499998,-0.19102919101715088,-0.17110304534435272,0.12885664766757518
6 m,257.749998,-0.19795618951320648,-0.17160020768642426,0.09957299336984488
6 m,257.999998,-0.18949346244335175,-0.17209737747907639,0.11850870569595444
6 m,258.249998,-0.1681709885597229,-0.17259453982114792,0.12531331317162483
6 m,258.499998,-0.1389511227607727,-0.17309170216321945,0.11779143505147417
6 m,258.749998,-0.11402800679206848,-0.17358886450529099,0.10992650662086852
6 m,258.999998,-0.09270325303077698,-0.17408602684736252,0.08684914986319893
6 m,259.249998,-0.08884819597005844,-0.17458319664001465,0.0746833954960048
6 m,259.499998,-0.11060073226690292,-0.17508035898208618,0.11943594938446193
6 m,259.749998,-0.13724730163812637,-0.17557752132415771,0.1763491967094154
6 m,259.999998,-0.17581546306610107,-0.17607468366622925,0.20819212362879244
6 m,260.249998,-0.22032909095287323,-0.17657184600830078,0.18667995934835757
6 m,260.499998,-0.2539181560277939,-0.1770690158009529,0.12400571056096144
6 m,260.749998,-0.26916757225990295,-0.17756617814302444,0.061086471958349244
6 m,260.999998,-0.2664663717150688,-0.17806334048509598,0.06523430330946126
6 m,261.249998,-0.23974455147981644,-0.1785605028271675,0.147119990875537
6 m,261.499998,-0.19499390572309494,-0.17905766516923904,0.21163465559426067
6 m,261.749998,-0.1436564028263092,-0.17955483496189117,0.23190068064768593
6 m,261.999998,-0.08493489772081375,-0.1800519973039627,0.24112892148770118
6 m,262.249998,-0.04321766644716263,-0.18054915964603424,0.19449625671206294
6 m,262.499998,-0.023325614631175995,-0.18104632198810577,0.14046068758838617
6 m,262.749998,-0.03171917051076889,-0.1815434843301773,0.17450551242098924
6 m,262.999998,-0.07567501068115234,-0.18204064667224884,0.2513963466933921
6 m,263.249998,-0.1330701783299446,-0.18253781646490097,0.2778477931020666
6 m,263.499998,-0.18263209611177444,-0.1830349788069725,0.23771580419090163
6 m,263.749998,-0.22293653339147568,-0.18353214114904404,0.13016030505061038
6 m,263.999998,-0.22410115599632263,-0.18402930349111557,0.1244731058906683
6 m,264.249998,-0.20279791951179504,-0.1845264658331871,0.17459466172998409
6 m,264.499998,-0.18046044558286667,-0.18502363562583923,0.16281353001166532
6 m,264.749998,-0.17794173955917358,-0.18552079796791077,0.15630938518617596
6 m,264.999998,-0.1968383938074112,-0.1860179603099823,0.21158986820826567
6 m,265.249998,-0.23668865114450455,-0.18651512265205383,0.26052630456681747
6 m,265.499998,-0.2737298607826233,-0.18701228499412537,0.24267328974736035
6 m,265.749998,-0.2960071712732315,-0.1875094547867775,0.1746778694385906
6 m,265.999998,-0.2914244309067726,-0.18800661712884903,0.18615965633235565
6 m,266.249998,-0.2654722034931183,-0.18850377947092056,0.20406754779081765
6 m,266.499998,-0.21277310699224472,-0.1890009418129921,0.21853502734229888
6 m,266.749998,-0.15658435225486755,-0.18949810415506363,0.2134535205689431
6 m,266.999998,-0.09154297411441803,-0.18999527394771576,0.2271026317366931
6 m,267.249998,-0.04136209934949875,-0.1904924362897873,0.22402484943828563
6 m,267.499998,-0.007484495639801025,-0.19098959863185883,0.20122842009469336
6 m,267.749998,0.006235010921955109,-0.19148676097393036,0.16465132023389453
6 m,267.999998,-0.006268709897994995,-0.1919839233160019,0.2105980506133469
6 m,268.249998,-0.0556221529841423,-0.19248109310865402,0.28043608955087385
6 m,268.499998,-0.10630825906991959,-0.19297825545072556,0.2732572591080022
6 m,268.749998,-0.16047412157058716,-0.1934754177927971,0.19111608096914645
6 m,268.999998,-0.19675952941179276,-0.19397258013486862,0.11125270403203659
6 m,269.249998,-0.21305908262729645,-0.19446974247694016,0.049903312392867306
6 m,269.499998,-0.19979216903448105,-0.1949669048190117,0.09904892664098827
6 m,269.749998,-0.15722860395908356,-0.19546407461166382,0.20299673970369797
6 m,269.999998,-0.10439207404851913,-0.19596123695373535,0.25590335408306525
6 m,270.249998,-0.06925182789564133,-0.19645839929580688,0.2409391927116736
6 m,270.499998,-0.03903254121541977,-0.19695556163787842,0.18679350406950396
6 m,270.749998,-0.017394497990608215,-0.19745272397994995,0.1316518802694915
6 m,270.999998,-0.006948523223400116,-0.19794989377260208,0.11511872275026062
6 m,271.249998,-0.004386872053146362,-0.19844705611467361,0.11841253523903653
6 m,271.499998,-0.006505019962787628,-0.19894421845674515,0.11295076836606088
6 m,271.749998,-0.0080975741147995,-0.19944138079881668,0.11441297316725602
6 m,271.999998,-0.01411910355091095,-0.19993854314088821,0.13859456255986155
6 m,272.249998,-0.045931898057460785,-0.20043571293354034,0.21955487371579882
6 m,272.499998,-0.0921924039721489,-0.20093287527561188,0.2539585337293409
6 m,272.749998,-0.12045030295848846,-0.2014300376176834,0.21151630843351968
6 m,272.999998,-0.11689736694097519,-0.20192719995975494,0.22382919053005065
6 m,273.249998,-0.09610868990421295,-0.20242436230182648,0.2625654942687008
6 m,273.499998,-0.059759244322776794,-0.2029215320944786,0.26467085618093433
6 m,273.749998,-0.028825417160987854,-0.20341869443655014,0.21394530798841238
6 m,273.999998,-0.0201895609498024,-0.20391585677862167,0.18281027343159673
6 m,274.249998,-0.01868249475955963,-0.2044130191206932,0.18273964662183081
6 m,274.499998,-0.02593032270669937,-0.20491018146276474,0.16512250566501224
6 m,274.749998,-0.04133142530918121,-0.20540735125541687,0.13360237117981913
6 m,274.999998,-0.050422005355358124,-0.2059045135974884,0.14354573124953057
6 m,275.249998,-0.06693907827138901,-0.20640167593955994,0.17495084279983103
6 m,275.499998,-0.10145124047994614,-0.20689883828163147,0.2615696293242695
6 m,275.749998,-0.14966468513011932,-0.207396000623703,0.3222659282096088
6 m,275.999998,-0.22488033026456833,-0.20789316296577454,0.2946272111054167
6 m,276.249998,-0.2857958599925041,-0.20839033275842667,0.18736130121050124
6 m,276.499998,-0.3180464953184128,-0.2088874951004982,0.12553410812232113
6 m,276.749998,-0.3285624757409096,-0.20938465744256973,0.09265383024747588
6 m,276.999998,-0.3222644031047821,-0.20988181978464127,0.10945764660108856
6 m,277.249998,-0.3080225959420204,-0.2103789821267128,0.10078152110073252
6 m,277.499998,-0.29407820850610733,-0.21087615191936493,0.09446941897507047
6 m,277.749998,-0.2740849480032921,-0.21137331426143646,0.07695367273876152
6 m,277.999998,-0.2790502533316612,-0.211870476603508,0.09451169785726508
6 m,278.249998,-0.3049703538417816,-0.21236763894557953,0.16637305282397993
6 m,278.499998,-0.33731721341609955,-0.21286480128765106,0.18276085397701325
6 m,278.749998,-0.3513244017958641,-0.2133619710803032,0.16028668422218936
6 m,278.999998,-0.35690972954034805,-0.21385913342237473,0.15322810833352815
6 m,279.249998,-0.36584896594285965,-0.21435629576444626,0.13849753193058034
6 m,279.499998,-0.3713064566254616,-0.2148534581065178,0.12608798564983045
6 m,279.749998,-0.368337944149971,-0.21535062044858932,0.11901221908263704
6 m,279.999998,-0.37428586930036545,-0.21584779024124146,0.13455935872518077
6 m,280.249998,-0.3926422595977783,-0.216344952583313,0.13109883327161814
6 m,280.499998,-0.40475373715162277,-0.21684211492538452,0.08713145242656967
6 m,280.749998,-0.38944748044013977,-0.21733927726745605,0.1388581365489491
6 m,280.999998,-0.34420932084321976,-0.2178364396095276,0.2554899175629716
6 m,281.249998,-0.2695159241557121,-0.21833360940217972,0.3632538171717107
6 m,281.499998,-0.19241347908973694,-0.21883077174425125,0.34727331188007976
6 m,281.749998,-0.14167869091033936,-0.21932793408632278,0.25389387522180945
6 m,281.999998,-0.12228206545114517,-0.21982509642839432,0.19238038663651247
6 m,282.249998,-0.1282557100057602,-0.22032225877046585,0.20430791484334107
6 m,282.499998,-0.14893410354852676,-0.22081942111253738,0.21785908245230481
6 m,282.749998,-0.18883490562438965,-0.22131659090518951,0.1839657153880832
6 m,282.999998,-0.23208725452423096,-0.22181375324726105,0.09616481326663683
6 m,283.249998,-0.24937070161104202,-0.22231091558933258,0.061124925200338916
6 m,283.499998,-0.2449204921722412,-0.2228080779314041,0.06834232414227924
6 m,283.749998,-0.24035223573446274,-0.22330524027347565,0.07245047419091363
6 m,283.999998,-0.24505508691072464,-0.22380241006612778,0.0754617437592549
6 m,284.249998,-0.26132501661777496,-0.2242995724081993,0.10664291545021512
6 m,284.499998,-0.2828020974993706,-0.22479673475027084,0.16157125128616573
6 m,284.749998,-0.31191980093717575,-0.22529389709234238,0.20127322143310786
6 m,284.999998,-0.3485141023993492,-0.2257910594344139,0.1838339767404996
6 m,285.249998,-0.37821976840496063,-0.22628822922706604,0.11043034588084398
6 m,285.499998,-0.38780297338962555,-0.22678539156913757,0.07023984146279974
6 m,285.749998,-0.37126486003398895,-0.2272825539112091,0.12817037482596538
6 m,285.999998,-0.3163742572069168,-0.22777971625328064,0.26247309237701344
6 m,286.249998,-0.23149406164884567,-0.22827687859535217,0.38411166445897654
6 m,286.499998,-0.1486632525920868,-0.2287740483880043,0.3954144737963487
6 m,286.749998,-0.08083334565162659,-0.22927121073007584,0.3300292547549447
6 m,286.999998,0.0,-0.22976837307214737,0.30412736720990896
6 m,287.249998,0.09259780496358871,-0.2302655354142189,0.3185171948589389
6 m,287.499998,0.14308397471904755,-0.23076269775629044,0.26680559088824285
6 m,287.749998,0.124855637550354,-0.23125986754894257,0.31760457663930897
6 m,287.999998,0.07330504804849625,-0.2317570298910141,0.42397837488148726
6 m,288.249998,0.028437480330467224,-0.23225419223308563,0.4738208171513021
6 m,288.499998,-0.02579277753829956,-0.23275135457515717,0.47153540583817083
6 m,288.749998,-0.10968058556318283,-0.2332485169172287,0.3501746414787484
6 m,288.999998,-0.18613288551568985,-0.23374567925930023,0.17636423326017017
6 m,289.249998,-0.2307169958949089,-0.23424284905195236,0.2190457577932913
6 m,289.499998,-0.26344890147447586,-0.2347400113940239,0.2825792815942465
6 m,289.749998,-0.2963639795780182,-0.23523717373609543,0.2694306526615006
6 m,289.999998,-0.308766208589077,-0.23573433607816696,0.22934346341305284
6 m,290.249998,-0.2782082185149193,-0.2362314984202385,0.32753318153206173
6 m,290.499998,-0.22680791467428207,-0.23672866821289062,0.362862101839985
6 m,290.749998,-0.18594110757112503,-0.23722583055496216,0.30511702409237257
6 m,290.999998,-0.1663210317492485,-0.2377229928970337,0.24276703269046457
6 m,291.249998,-0.1750396192073822,-0.23822015523910522,0.2599907325385463
6 m,291.499998,-0.19823142886161804,-0.23871731758117676,0.2519874858272463
6 m,291.749998,-0.21654048562049866,-0.2392144873738289,0.19921620189929998
6 m,291.999998,-0.20888377726078033,-0.23971164971590042,0.22488600456863814
6 m,292.249998,-0.15829580277204514,-0.24020881205797195,0.3019235692623203
6 m,292.499998,-0.09742530435323715,-0.2407059744000435,0.27067694016246063
6 m,292.749998,-0.051099106669425964,-0.24120313674211502,0.17569219698356622
6 m,292.999998,-0.015931427478790283,-0.24170030653476715,0.09554519074182481
6 m,293.249998,-0.016954243183135986,-0.24219746887683868,0.11117835943638571
6 m,293.499998,-0.06047757714986801,-0.24269463121891022,0.2556330162159374
6 m,293.749998,-0.1373729705810547,-0.24319179356098175,0.3927101653037908
6 m,293.999998,-0.22636041045188904,-0.24368895590305328,0.42101237041695205
6 m,294.249998,-0.2919219583272934,-0.2441861256957054,0.3681997366965225
6 m,294.499998,-0.3413844704627991,-0.24468328803777695,0.27966533820161665
6 m,294.749998,-0.35326317697763443,-0.24518045037984848,0.23613264142939763
6 m,294.999998,-0.30028036236763,-0.24567761272192,0.36645695182564225
4 m,0.9999979999999999,0.4873345345258713,0.6822261661291122,0.3036312705143323
4 m,1.249998,0.4932406544685364,0.6811288744211197,0.29712275431948704
4 m,1.499998,0.4776987284421921,0.6800315827131271,0.35186503906680905
4 m,1.749998,0.44491447508335114,0.6789342761039734,0.40012816808845697
4 m,1.9999980000000002,0.3905598670244217,0.6778369843959808,0.33622785357835544
4 m,2.249998,0.3323359787464142,0.6767396926879883,0.18900298423045073
4 m,2.4999979999999997,0.323318749666214,0.6756424009799957,0.15534851396624874
4 m,2.7499979999999997,0.34459003806114197,0.6745451092720032,0.19291685664901476
4 m,2.9999979999999997,0.37580107152462006,0.6734478175640106,0.18592311728306046
4 m,3.2499980000000006,0.4050755798816681,0.6723505109548569,0.10821558472516592
4 m,3.4999979999999993,0.4055721312761307,0.6712532192468643,0.09901489057703426
4 m,3.7499979999999993,0.4031267315149307,0.6701559275388718,0.09731449978208126
4 m,3.9999979999999993,0.3975435942411423,0.6690586358308792,0.11185434626607924
4 m,4.249998,0.38299843668937683,0.6679613441228867,0.08927964021965987
4 m,4.499998000000001,0.38455507159233093,0.6668640375137329,0.09619966270056912
4 m,4.749998,0.3991173207759857,0.6657667458057404,0.11985202723890095
4 m,4.999998,0.4126739501953125,0.6646694540977478,0.11478210330006489
4 m,5.249998,0.4168720692396164,0.6635721623897552,0.10535600898749833
4 m,5.499998,0.4069797247648239,0.6624748706817627,0.12876596144213961
4 m,5.749998,0.389950692653656,0.6613775789737701,0.1688738531200172
4 m,5.999998,0.348694384098053,0.6602802723646164,0.1946613825340576
4 m,6.249998,0.3018752336502075,0.6591829806566238,0.1716982670127619
4 m,6.499998,0.2834828644990921,0.6580856889486313,0.11736337983668838
4 m,6.749998,0.2887209802865982,0.6569883972406387,0.13525734606954234
4 m,6.999998,0.31208962202072144,0.6558911055326462,0.18265821328301185
4 m,7.249998,0.35332532227039337,0.6547938138246536,0.22657802437893051
4 m,7.499998,0.3933100700378418,0.6536965072154999,0.20696620167364582
4 m,7.749998000000001,0.42157143354415894,0.6525992155075073,0.12851713021586933
4 m,7.999998000000001,0.43659940361976624,0.6515019237995148,0.07399163729254103
4 m,8.249998,0.4377472698688507,0.6504046320915222,0.0728521082879791
4 m,8.499998,0.45211459696292877,0.6493073403835297,0.11217045308380441
4 m,8.749998,0.46986210346221924,0.6482100486755371,0.14368717575518286
4 m,8.999998,0.47709544003009796,0.6471127420663834,0.14460432975882787
4 m,9.249998,0.48581480979919434,0.6460154503583908,0.12487864450867212
4 m,9.499998,0.4890873432159424,0.6449181586503983,0.11625538958300774
4 m,9.749998,0.4691591411828995,0.6438208669424057,0.1488693062346691
4 m,9.999998,0.4556666910648346,0.6427235752344131,0.13396097186700698
4 m,10.249998,0.45936278998851776,0.6416262835264206,0.14958490409955888
4 m,10.499998,0.4902263581752777,0.6405289769172668,0.22753574809258084
4 m,10.749998,0.555748850107193,0.6394316852092743,0.31114414789574224
4 m,10.999998,0.6023136526346207,0.6383343935012817,0.2776054654436469
4 m,11.249998,0.6088895499706268,0.6372371017932892,0.261248844997405
4 m,11.499998,0.5940930098295212,0.6361398100852966,0.30265184240741355
4 m,11.749998,0.5644305199384689,0.6350425183773041,0.3093903590712362
4 m,11.999998,0.545871302485466,0.6339452117681503,0.2774576602269896
4 m,12.249998,0.5413178652524948,0.6328479200601578,0.266040959569355
4 m,12.499998,0.556781217455864,0.6317506283521652,0.3007308694078924
4 m,12.749998,0.603779599070549,0.6306533366441727,0.27666909602576095
4 m,12.999998,0.6512474566698074,0.6295560449361801,0.14732669089569347
4 m,13.249998,0.6949112117290497,0.6284587383270264,0.13035234069250398
4 m,13.499998,0.7378650158643723,0.6273614466190338,0.21649257507635267
4 m,13.749998,0.748519241809845,0.6262641549110413,0.2155792659727491
4 m,13.999998,0.7324761748313904,0.6251668632030487,0.2610916594467268
4 m,14.249998,0.6851483583450317,0.6240695714950562,0.37473486695008396
4 m,14.499998,0.6343318074941635,0.6229722797870636,0.4279183405275691
4 m,14.749998,0.5945664197206497,0.6218749731779099,0.3949539640727596
4 m,14.999998,0.5960727483034134,0.6207776814699173,0.41366066530276213
4 m,15.249998,0.660131961107254,0.6196803897619247,0.5952721930709206
4 m,15.499998,0.7630691677331924,0.6185830980539322,0.6103783198140312
4 m,15.749998,0.8370244354009628,0.6174858063459396,0.4780175343787271
4 m,15.999998,0.8627513647079468,0.6163885146379471,0.39040971693199206
4 m,16.249998,0.8204646110534668,0.6152912080287933,0.5003906080472439
4 m,16.499998,0.7265342772006989,0.6141939163208008,0.5733845865682515
4 m,16.749998,0.6121918708086014,0.6130966246128082,0.4522161720630597
4 m,16.999998,0.531449094414711,0.6119993329048157,0.2161770263168296
4 m,17.249998,0.5180875360965729,0.6109020411968231,0.14965963933834078
4 m,17.499998,0.5384101569652557,0.6098047494888306,0.18986465125106605
4 m,17.749998,0.5718060880899429,0.6087074428796768,0.2055886338539879
4 m,17.999998,0.6184573173522949,0.6076101511716843,0.18860161774524864
4 m,18.249998,0.6649665832519531,0.6065128594636917,0.1508580960884112
4 m,18.499998,0.7025511711835861,0.6054155677556992,0.12264413904193482
4 m,18.749998,0.7256474196910858,0.6043182760477066,0.09953253142822813
4 m,18.999998,0.7318230718374252,0.603220984339714,0.0930849116992487
4 m,19.249997999999998,0.7386011332273483,0.6021236777305603,0.07450920208041094
4 m,19.499997999999998,0.7425893545150757,0.6010263860225677,0.06424825843758568
4 m,19.749997999999998,0.7333404421806335,0.5999290943145752,0.06208329461229632
4 m,19.999997999999998,0.7220344543457031,0.5988318026065826,0.0538338241899566
4 m,20.249997999999998,0.7229300141334534,0.5977345108985901,0.06163954543304384
4 m,20.499997999999994,0.7439314872026443,0.5966372042894363,0.11892269532417077
4 m,20.749997999999994,0.7696612775325775,0.5955399125814438,0.13482955891482337
4 m,20.999997999999994,0.7779327481985092,0.5944426208734512,0.12270833097324893
4 m,21.249997999999994,0.7721099555492401,0.5933453291654587,0.13571356608989696
4 m,21.499997999999994,0.7622823715209961,0.5922480374574661,0.15962856742573084
4 m,21.749997999999994,0.7569193840026855,0.5911507457494736,0.1588383037795079
4 m,21.999998,0.7489854395389557,0.5900534391403198,0.1414315335566695
4 m,22.249998,0.751501590013504,0.5889561474323273,0.1480524413428224
4 m,22.499998,0.7474001944065094,0.5878588557243347,0.16167323816493687
4 m,22.749998,0.7256426215171814,0.5867615640163422,0.23772391019080322
4 m,22.999998,0.697508841753006,0.5856642723083496,0.2797692388220276
4 m,23.249998,0.6770986318588257,0.5845669806003571,0.27181950854006337
4 m,23.499998,0.6861132830381393,0.5834696739912033,0.3073923738240107
4 m,23.749998,0.7265929728746414,0.5823723822832108,0.4056102556906603
4 m,23.999997999999994,0.7634480148553848,0.5812750905752182,0.41677187530766513
4 m,24.249997999999994,0.7885165363550186,0.5801777988672256,0.3552092156274381
4 m,24.499997999999994,0.7904771715402603,0.5790805071592331,0.34479408773244635
4 m,24.749997999999994,0.7496653497219086,0.5779832154512405,0.39597838351133136
4 m,24.999997999999994,0.6929207891225815,0.5768859088420868,0.3632596857196448
4 m,25.249997999999994,0.6373541802167892,0.5757886171340942,0.2096854283501927
4 m,25.499997999999994,0.608472466468811,0.5746913254261017,0.1044273794529672
4 m,25.749997999999994,0.6167522072792053,0.5735940337181091,0.0986019128384217
4 m,25.999997999999994,0.6369638741016388,0.5724967420101166,0.05484123697521332
4 m,26.249997999999994,0.6538775414228439,0.571399450302124,0.07896321933367385
4 m,26.499997999999994,0.6812565922737122,0.5703021436929703,0.13342492329442704
4 m,26.749997999999994,0.7106458693742752,0.5692048519849777,0.17159310145163126
4 m,26.999997999999994,0.7422520369291306,0.5681075602769852,0.17465333408090872
4 m,27.249997999999994,0.7829380333423615,0.5670102685689926,0.1399696660791739
4 m,27.499997999999994,0.8278640955686569,0.5659129768610001,0.1553899037887761
4 m,27.749997999999994,0.8739068359136581,0.5648156851530075,0.17446433077175835
4 m,27.999997999999994,0.9136418700218201,0.5637183785438538,0.18428370243612535
4 m,28.249997999999994,0.9476981312036514,0.5626210868358612,0.17553936339337803
4 m,28.499997999999994,0.9756073355674744,0.5615237951278687,0.12635659654359696
4 m,28.749997999999994,0.988681972026825,0.5604265034198761,0.07487720125105451
4 m,28.999997999999994,0.9696943759918213,0.5593292117118835,0.1498698723830938
4 m,29.249998,0.9179069995880127,0.5582319051027298,0.24022558704299016
4 m,29.499998,0.8535364419221878,0.5571346133947372,0.29598207377658786
4 m,29.749998,0.7745143473148346,0.5560373216867447,0.34198004666850396
4 m,29.999998,0.6915998756885529,0.5549400299787521,0.3343617928527086
4 m,30.249998,0.6224269419908524,0.5538427382707596,0.26182475858359466
4 m,30.499998,0.5869135409593582,0.552745446562767,0.15719082068547016
4 m,30.749998,0.5937947183847427,0.5516481399536133,0.18141436372971845
4 m,30.999998,0.6298767477273941,0.5505508482456207,0.2552282622129222
4 m,31.249998,0.6804639399051666,0.5494535565376282,0.2915521023550016
4 m,31.499998,0.7300636321306229,0.5483562648296356,0.22525088182795383
4 m,31.749998,0.7711606025695801,0.5472589731216431,0.14746956309617934
4 m,31.999998,0.8202039450407028,0.5461616814136505,0.16528829337330028
4 m,32.249998,0.8675468116998672,0.5450643748044968,0.2404686100314322
4 m,32.499998,0.9121363610029221,0.5439670830965042,0.27715777805942815
4 m,32.749998,0.9434732347726822,0.5428697913885117,0.2489766120720751
4 m,32.999998,0.9555028825998306,0.5417724996805191,0.22168238780715413
4 m,33.249998,0.9384915679693222,0.5406752079725266,0.28223381256456376
4 m,33.499998,0.885879248380661,0.539577916264534,0.35581847204980926
4 m,33.749998,0.8162028342485428,0.5384806096553802,0.29450477701821626
4 m,33.999998,0.7818969190120697,0.5373833179473877,0.20476287984787162
4 m,34.249998,0.7900293469429016,0.5362860262393951,0.2309768300048743
4 m,34.499998,0.8281737416982651,0.5351887345314026,0.29101718163990514
4 m,34.749998,0.872102215886116,0.53409144282341,0.2816070342267463
4 m,34.999998,0.9100698381662369,0.5329941511154175,0.19782958814402926
4 m,35.249998,0.9259239733219147,0.5318968445062637,0.1410117064881886
4 m,35.499998,0.913138210773468,0.5307995527982712,0.1687995039828168
4 m,35.749998,0.8911851346492767,0.5297022610902786,0.14472340281926666
4 m,35.999998,0.8856220543384552,0.5286049693822861,0.1181462009386671
4 m,36.249998,0.8962000161409378,0.5275076776742935,0.14151388247543756
4 m,36.499998,0.9156249910593033,0.526410385966301,0.1459980226484192
4 m,36.749998,0.9456777572631836,0.5253130793571472,0.14105277713597508
4 m,36.999998,0.9791680723428726,0.5242157876491547,0.12671595298738758
4 m,37.249998,0.9962858110666275,0.5231184959411621,0.08634373186680594
4 m,37.499998,0.9663813710212708,0.5220212042331696,0.2021941846911353
4 m,37.749998,0.900935173034668,0.520923912525177,0.3401958627247953
4 m,37.999998,0.8349168002605438,0.5198266059160233,0.40141542655617096
4 m,38.249998,0.779788926243782,0.5187293142080307,0.36578433631303753
4 m,38.499998,0.7403390556573868,0.5176320225000381,0.2689091517572991
4 m,38.749998,0.7540047615766525,0.5165347307920456,0.32607093580956586
4 m,38.999998,0.8403906673192978,0.515437439084053,0.5313171829053469
4 m,39.249998,0.9786051213741302,0.5143401473760605,0.6207176194418198
4 m,39.499998,1.099030077457428,0.5132428407669067,0.5135890733608326
4 m,39.749998,1.1528363525867462,0.5121455490589142,0.3691078584466281
4 m,39.999998,1.1396070718765259,0.5110482573509216,0.41418103944716267
4 m,40.249998,1.0881819278001785,0.5099509656429291,0.5083160651408016
4 m,40.499998,0.9964177459478378,0.5088536739349365,0.5211857302082132
4 m,40.749998,0.8883863985538483,0.507756382226944,0.406733868853101
4 m,40.999998,0.8174160122871399,0.5066590756177902,0.18987622929564035
4 m,41.249998,0.8117576241493225,0.5055617839097977,0.1494061800995683
4 m,41.499998,0.832260861992836,0.5044644922018051,0.16097580215338173
4 m,41.749998,0.8519643843173981,0.5033672004938126,0.14248827538054787
4 m,41.999998,0.8607553243637085,0.50226990878582,0.13484348176928632
4 m,42.249998,0.8764037787914276,0.5011726170778275,0.12133743839173872
4 m,42.499998,0.9255076348781586,0.5000753104686737,0.22620666155144536
4 m,42.749998,0.9736809134483337,0.49897801876068115,0.3203376724264761
4 m,42.999998,1.000871792435646,0.4978807270526886,0.3226644092581981
4 m,43.249998000000005,1.0145169645547867,0.49678343534469604,0.29180282583460393
4 m,43.499998000000005,1.0054255276918411,0.4956861436367035,0.3140383219325844
4 m,43.749998000000005,0.9833407998085022,0.49458885192871094,0.3396602798014038
4 m,43.999998000000005,0.9671688973903656,0.4934915453195572,0.32088949690840196
4 m,44.249998000000005,0.955997034907341,0.49239425361156464,0.28164767941751706
4 m,44.499998000000005,0.9780656099319458,0.4912969619035721,0.3147863678507135
4 m,44.749998000000005,1.0065806955099106,0.49019967019557953,0.26797019822284784
4 m,44.999998000000005,1.0217439085245132,0.489102378487587,0.22052849526498888
4 m,45.249998000000005,1.0226127356290817,0.4880050867795944,0.21635317672453275
4 m,45.499998000000005,1.0137460678815842,0.4869077801704407,0.2103448145776013
4 m,45.749998000000005,0.9969790130853653,0.4858104884624481,0.1690655350959674
4 m,45.999998000000005,0.9842674434185028,0.48471319675445557,0.14497667614652968
4 m,46.249998,0.9842927753925323,0.483615905046463,0.14238833379235605
4 m,46.499998,1.003543734550476,0.48251861333847046,0.10441649336187334
4 m,46.749998,1.0252988934516907,0.4814213067293167,0.1326811503339266
4 m,46.999998,1.038975477218628,0.48032401502132416,0.15924095726622256
4 m,47.249998,1.0390988141298294,0.4792267233133316,0.1612474921024193
4 m,47.499998,1.029689535498619,0.47812943160533905,0.18318421103872998
4 m,47.749998,1.0067128688097,0.4770321398973465,0.2502488000331358
4 m,47.999998,0.9636113494634628,0.47593484818935394,0.3091123930777638
4 m,48.249998,0.9131623953580856,0.4748375415802002,0.2709404800146272
4 m,48.499998,0.8885160535573959,0.47374024987220764,0.18251454527187583
4 m,48.749998,0.895341619849205,0.4726429581642151,0.1981924919642217
4 m,48.999998,0.9282205700874329,0.47154566645622253,0.22597959087655828
4 m,49.249998,0.9546323716640472,0.47044837474823,0.19128983353466641
4 m,49.499998,0.9814779609441757,0.4693510830402374,0.13420551241570955
4 m,49.749998,1.0167895406484604,0.4682537764310837,0.14393219557158982
4 m,49.999998,1.0506426095962524,0.4671564847230911,0.20020843527636564
4 m,50.249998,1.080217108130455,0.46605919301509857,0.2507499889170797
4 m,50.499998,1.1286007016897202,0.464961901307106,0.2700547754942753
4 m,50.749998,1.186750665307045,0.46386460959911346,0.26534289963215524
4 m,50.999998,1.268942952156067,0.4627673178911209,0.258728215104891
4 m,51.249998,1.308037430047989,0.46167001128196716,0.1992037871440253
4 m,51.499998,1.3122778683900833,0.4605727195739746,0.19161173989401545
4 m,51.749998,1.289548546075821,0.45947542786598206,0.2576192344781957
4 m,51.999998,1.2410547882318497,0.4583781361579895,0.36164751257850486
4 m,52.249998,1.1686756610870361,0.45728084444999695,0.40640674826923023
4 m,52.499998,1.0783117860555649,0.4561835527420044,0.38760481022997634
4 m,52.749998,0.9759693145751953,0.45508624613285065,0.28223853073485433
4 m,52.999998,0.9072611927986145,0.4539889544248581,0.2618101006360114
4 m,53.249998,0.8593003898859024,0.45289166271686554,0.18608123674713825
4 m,53.499998,0.8402848839759827,0.451794371008873,0.1371264056626839
4 m,53.749998,0.8566629737615585,0.45069707930088043,0.19846037700721839
4 m,53.999998,0.8869790285825729,0.4495997875928879,0.25485528266606006
4 m,54.249998,0.9262479841709137,0.44850248098373413,0.24035519443850245
4 m,54.499998,0.9616365879774094,0.4474051892757416,0.16164079931796033
4 m,54.749998,0.970362588763237,0.446307897567749,0.12679255289096011
4 m,54.999998,0.9601233452558517,0.44521060585975647,0.14149067370552487
4 m,55.249998,0.9413090497255325,0.4441133141517639,0.13880966742080922
4 m,55.499998,0.9134600758552551,0.44301600754261017,0.07948630299556733
4 m,55.749998,0.895350381731987,0.4419187158346176,0.05267493785574398
4 m,55.999998,0.891429215669632,0.44082142412662506,0.047546801374403175
4 m,56.249998,0.9206563830375671,0.4397241324186325,0.18544291846875058
4 m,56.499998,0.9932613968849182,0.43862684071063995,0.3695480217202246
4 m,56.749998,1.086355745792389,0.4375295490026474,0.5030068579070308
4 m,56.999998,1.1962625682353973,0.43643224239349365,0.5497019737080029
4 m,57.249998,1.2930305749177933,0.4353349506855011,0.4519648335523915
4 m,57.499998,1.3632242679595947,0.43423765897750854,0.2724387534139368
4 m,57.749998000000005,1.3782288283109665,0.433140367269516,0.2185665359586151
4 m,57.999998000000005,1.3030158281326294,0.43204307556152344,0.450355682327947
4 m,58.249998000000005,1.164100244641304,0.4309457838535309,0.6473739468420786
4 m,58.499998000000005,0.9989780783653259,0.42984847724437714,0.7405475727883387
4 m,58.749998000000005,0.8363515585660934,0.4287511855363846,0.6930885442165252
4 m,58.999998000000005,0.6977759450674057,0.42765389382839203,0.5596217617956424
4 m,59.249998000000005,0.5948872864246368,0.4265566021203995,0.3311824548701641
4 m,59.499998000000005,0.5465693026781082,0.4254593104124069,0.1025330620740166
4 m,59.749998000000005,0.5505737513303757,0.42436201870441437,0.10251554580916605
4 m,59.999998000000005,0.5626349002122879,0.4232647120952606,0.09284518401844485
4 m,60.249998000000005,0.572983518242836,0.42216742038726807,0.06832325488121387
4 m,60.499998000000005,0.5972634255886078,0.4210701286792755,0.1268722183868862
4 m,60.749998000000005,0.657163605093956,0.41997283697128296,0.29378710561599086
4 m,60.999998000000005,0.7232076823711395,0.4188755452632904,0.38004334080885405
4 m,61.249998000000005,0.7857016026973724,0.41777825355529785,0.3891623685323953
4 m,61.499998000000005,0.8491380214691162,0.4166809469461441,0.330198810156682
4 m,61.749998000000005,0.8982728868722916,0.41558365523815155,0.2100421726555011
4 m,61.999998000000005,0.9249083995819092,0.414486363530159,0.12273029553960434
4 m,62.249998000000005,0.9320203214883804,0.41338907182216644,0.12005070051162553
4 m,62.499998000000005,0.9253944754600525,0.4122917801141739,0.09917639167565193
4 m,62.749998000000005,0.9285027831792831,0.41119448840618134,0.09252958414984656
4 m,62.999998000000005,0.9268016070127487,0.4100971817970276,0.10118824183207852
4 m,63.249998000000005,0.8997022211551666,0.40899989008903503,0.18433448631877922
4 m,63.499998000000005,0.8719354271888733,0.4079025983810425,0.2186226478334337
4 m,63.749998,0.8635067492723465,0.4068053066730499,0.20081372611453444
4 m,63.999998,0.8627683371305466,0.4057080149650574,0.19963550709956515
4 m,64.24999799999999,0.8967253267765045,0.4046107083559036,0.27139569445405964
4 m,64.49999799999999,0.9441757053136826,0.40351341664791107,0.2928410977778899
4 m,64.74999799999999,0.9924355298280716,0.4024161249399185,0.2460288428008716
4 m,64.99999799999999,1.0384043157100677,0.40131883323192596,0.13616158330356515
4 m,65.24999799999999,1.064550757408142,0.4002215415239334,0.08220236625847936
4 m,65.49999799999999,1.0878584682941437,0.39912424981594086,0.15451257894709683
4 m,65.74999799999999,1.120650738477707,0.3980269432067871,0.17161139997012356
4 m,65.99999799999999,1.1218663454055786,0.39692965149879456,0.17066526098330337
4 m,66.24999799999999,1.1261469721794128,0.395832359790802,0.1628451002738885
4 m,66.49999799999999,1.1274579912424088,0.39473506808280945,0.16855816783397223
4 m,66.74999799999999,1.1661849915981293,0.3936377763748169,0.2747649055000643
4 m,66.99999799999999,1.1853698790073395,0.39254048466682434,0.3021565552277033
4 m,67.24999799999999,1.1555393040180206,0.3914431780576706,0.35517499918341955
4 m,67.49999799999999,1.0767567604780197,0.39034588634967804,0.5821232577566716
4 m,67.74999799999999,0.9591591954231262,0.3892485946416855,0.8291336401765819
4 m,67.99999799999999,0.8258954435586929,0.38815130293369293,0.8551654538097562
4 m,68.24999799999999,0.7154106944799423,0.3870540112257004,0.7017198627214328
4 m,68.49999799999999,0.6326745599508286,0.3859567195177078,0.4083161670839537
4 m,68.74999799999999,0.6436506807804108,0.3848594129085541,0.4126803327497126
4 m,68.99999799999999,0.7219990789890289,0.3837621212005615,0.46001193933515117
4 m,69.24999799999999,0.8401271402835846,0.38266482949256897,0.4125023511565343
4 m,69.49999799999999,0.9132357239723206,0.3815675377845764,0.23678600861485993
4 m,69.74999799999999,0.8948344439268112,0.38047024607658386,0.31132694076501205
4 m,69.99999799999999,0.8134729713201523,0.3793729543685913,0.5223936337310133
4 m,70.24999799999999,0.7006532549858093,0.37827564775943756,0.675212913012911
4 m,70.49999799999999,0.5730623751878738,0.377178356051445,0.6963666514995962
4 m,70.74999799999999,0.46033188700675964,0.37608106434345245,0.5354375525332878
4 m,70.99999799999999,0.39286738634109497,0.3749837726354599,0.26623456993312405
4 m,71.24999799999999,0.3975878208875656,0.37388648092746735,0.2670907769339524
4 m,71.49999799999999,0.43182866275310516,0.3727891743183136,0.25784094410141956
4 m,71.74999799999999,0.4733388423919678,0.37169188261032104,0.1943258792230874
4 m,71.99999799999999,0.5105782896280289,0.3705945909023285,0.12619384624653365
4 m,72.24999799999999,0.5216902494430542,0.36949729919433594,0.09262766927037008
4 m,72.49999799999999,0.5114526748657227,0.3684000074863434,0.09438509728490127
4 m,72.74999799999999,0.5160465985536575,0.36730271577835083,0.11579727581128228
4 m,72.99999799999999,0.5441775619983673,0.3662054091691971,0.16890655804825885
4 m,73.24999799999999,0.5711655914783478,0.36510811746120453,0.15463766250082253
4 m,73.49999799999999,0.5566492080688477,0.364010825753212,0.1995625561843778
4 m,73.74999799999999,0.5171989500522614,0.3629135340452194,0.2893018573140017
4 m,73.99999799999999,0.4832668602466583,0.36181624233722687,0.3309478805987797
4 m,74.24999799999999,0.4546767771244049,0.3607189506292343,0.30792344938045385
4 m,74.49999799999999,0.4312756359577179,0.35962164402008057,0.2419768376791636
4 m,74.74999799999999,0.4280937612056732,0.358524352312088,0.2299363519959473
4 m,74.99999799999999,0.4400056451559067,0.35742706060409546,0.22198350628494107
4 m,75.24999799999999,0.46007247269153595,0.3563297688961029,0.16447917229843564
4 m,75.49999799999999,0.4546535015106201,0.35523247718811035,0.1780489320132264
4 m,75.74999799999999,0.42321309447288513,0.3541351854801178,0.20320333334630214
4 m,75.99999799999999,0.37945201992988586,0.35303787887096405,0.16586326191400005
4 m,76.24999799999999,0.3531622588634491,0.3519405871629715,0.09192785442053655
4 m,76.49999799999999,0.355800598859787,0.35084329545497894,0.10004011229534723
4 m,76.74999799999999,0.3718295246362686,0.3497460037469864,0.12170736863996197
4 m,76.99999799999999,0.3848590701818466,0.34864871203899384,0.11786788264723733
4 m,77.24999799999999,0.3989187926054001,0.3475514203310013,0.0946815824851512
4 m,77.49999799999999,0.40930525958538055,0.34645411372184753,0.07535651984372052
4 m,77.74999799999999,0.4051510840654373,0.345356822013855,0.08861274867351208
4 m,77.99999799999999,0.38212236762046814,0.3442595303058624,0.1123759297488705
4 m,78.24999799999999,0.34976400434970856,0.3431622385978699,0.11766328926833826
4 m,78.49999799999999,0.31840287148952484,0.3420649468898773,0.14606934748777883
4 m,78.74999799999999,0.29357530176639557,0.34096765518188477,0.13883625283870835
4 m,78.99999799999999,0.2810419648885727,0.339870348572731,0.11102568296427379
4 m,79.24999799999999,0.2933199405670166,0.33877305686473846,0.15875869395403794
4 m,79.49999799999999,0.3219146281480789,0.3376757651567459,0.19539395917386115
4 m,79.74999799999999,0.3541804999113083,0.33657847344875336,0.19034370237239326
4 m,79.99999799999999,0.39099322259426117,0.3354811817407608,0.16040451762649277
4 m,80.24999799999999,0.430369108915329,0.33438387513160706,0.11264453814499101
4 m,80.49999799999999,0.4653022289276123,0.3332865834236145,0.12580525657891706
4 m,80.74999799999999,0.5246194750070572,0.33218929171562195,0.2880914621208801
4 m,80.99999799999999,0.5992263555526733,0.3310920000076294,0.40174242675423855
4 m,81.24999799999999,0.6912220269441605,0.32999470829963684,0.42153920205564105
4 m,81.49999799999999,0.7689738571643829,0.3288974165916443,0.3436479377282199
4 m,81.74999799999999,0.8039540648460388,0.32780010998249054,0.24405612856483053
4 m,81.99999799999999,0.8123067021369934,0.326702818274498,0.21608311185169876
4 m,82.24999799999999,0.7804026901721954,0.32560552656650543,0.2831452735190628
4 m,82.49999799999999,0.7136647552251816,0.3245082348585129,0.2866783142151726
4 m,82.74999799999999,0.6391573995351791,0.3234109431505203,0.2774371833610838
4 m,82.99999799999999,0.5787944495677948,0.32231365144252777,0.21336476829712397
4 m,83.24999799999999,0.5470648854970932,0.321216344833374,0.139557677621508
4 m,83.49999799999999,0.5345160812139511,0.32011905312538147,0.12002141344978619
4 m,83.74999799999999,0.5174407362937927,0.3190217614173889,0.084180499546559
4 m,83.99999799999999,0.5094580054283142,0.31792446970939636,0.09117540758575814
4 m,84.24999799999999,0.4948927313089371,0.3168271780014038,0.12732057556529036
4 m,84.49999799999999,0.47290563583374023,0.31572988629341125,0.17460562156314227
4 m,84.74999799999999,0.44017449021339417,0.3146325796842575,0.1685008714111055
4 m,84.99999799999999,0.3971836119890213,0.31353528797626495,0.14015253965858349
4 m,85.24999799999999,0.35648417472839355,0.3124379962682724,0.14208584356715823
4 m,85.49999799999999,0.3120623081922531,0.31134070456027985,0.1750639932266602
4 m,85.74999799999999,0.2627849727869034,0.3102434128522873,0.2147383715974009
4 m,85.99999799999999,0.22594532370567322,0.30914612114429474,0.1983144925968218
4 m,86.24999799999999,0.19924792647361755,0.308048814535141,0.14770050359474182
4 m,86.49999799999999,0.18865437805652618,0.30695152282714844,0.1072116042642537
4 m,86.74999799999999,0.20397557318210602,0.3058542311191559,0.14439644381363367
4 m,86.99999799999999,0.2265201359987259,0.30475693941116333,0.1509683643993611
4 m,87.24999799999999,0.25774085521698,0.3036596477031708,0.12960298327496783
4 m,87.49999799999999,0.30517303943634033,0.3025623559951782,0.15074149034031645
4 m,87.74999799999999,0.33296038210392,0.3014650493860245,0.14986935933032589
4 m,87.99999799999999,0.345111608505249,0.3003677576780319,0.12887876498264503
4 m,88.24999799999999,0.3440239429473877,0.29927046597003937,0.131697481599496
4 m,88.49999799999999,0.33122827112674713,0.2981731742620468,0.15635126870759591
4 m,88.74999799999999,0.32659588754177094,0.29707588255405426,0.15838172761787714
4 m,88.99999799999999,0.33750317990779877,0.2959785759449005,0.19681018867841962
4 m,89.24999799999999,0.35779406130313873,0.29488128423690796,0.2557688519267636
4 m,89.49999799999999,0.4011182636022568,0.2937839925289154,0.2736595727654702
4 m,89.74999799999999,0.4527924507856369,0.29268670082092285,0.2400827213830928
4 m,89.99999799999999,0.49925708770751953,0.2915894091129303,0.18188319278501297
4 m,90.24999799999999,0.5061589330434799,0.29049211740493774,0.15476482786994689
4 m,90.49999799999999,0.47878287732601166,0.289394810795784,0.2142627605411628
4 m,90.74999799999999,0.42369043827056885,0.28829751908779144,0.2609448533168103
4 m,90.99999799999999,0.3636389672756195,0.2872002273797989,0.283893482396602
4 m,91.24999799999999,0.3093278259038925,0.28610293567180634,0.26570659738210306
4 m,91.49999799999999,0.25258515775203705,0.2850056439638138,0.19271588372102033
4 m,91.74999799999999,0.21085678040981293,0.28390835225582123,0.0907584082221509
4 m,91.99999799999999,0.2083224505186081,0.2828110456466675,0.08227777935082556
4 m,92.24999799999999,0.22124813497066498,0.2817137539386749,0.135037728290593
4 m,92.49999799999999,0.24894990026950836,0.2806164622306824,0.16760147065147515
4 m,92.74999799999999,0.29976461827754974,0.2795191705226898,0.24445524306480323
4 m,92.99999799999999,0.3783494234085083,0.27842187881469727,0.3602980514964647
4 m,93.24999799999999,0.46023277938365936,0.2773245871067047,0.3511889831786241
4 m,93.49999799999999,0.5243147909641266,0.27622728049755096,0.27598269381235346
4 m,93.74999799999999,0.5497449338436127,0.2751299887895584,0.21547360087513817
4 m,93.99999799999999,0.5505665093660355,0.27403269708156586,0.21239851118687147
4 m,94.24999799999999,0.5409064143896103,0.2729354053735733,0.22866268803534587
4 m,94.49999799999999,0.48712058365345,0.27183811366558075,0.26742476143117994
4 m,94.74999799999999,0.3962644785642624,0.2707408219575882,0.3120900130190259
4 m,94.99999799999999,0.3229265511035919,0.26964351534843445,0.3280478894308238
4 m,95.24999799999999,0.2665896862745285,0.2685462236404419,0.29147722572099943
4 m,95.49999799999999,0.22746410965919495,0.26744893193244934,0.24744189338548964
4 m,95.74999799999999,0.206889808177948,0.2663516402244568,0.19262423932490655
4 m,95.99999799999999,0.20505391061306,0.26525434851646423,0.17982957385655657
4 m,96.24999799999999,0.23228058218955994,0.2641570568084717,0.1726342218488592
4 m,96.49999799999999,0.2728482335805893,0.26305975019931793,0.10001589282099783
4 m,96.74999799999999,0.2788309305906296,0.2619624584913254,0.08448254566513246
4 m,96.99999799999999,0.25228244066238403,0.2608651667833328,0.182577037493693
4 m,97.24999799999999,0.21499167382717133,0.25976787507534027,0.23963962112676387
4 m,97.49999799999999,0.17676247656345367,0.2586705833673477,0.22018915775262415
4 m,97.74999799999999,0.15370282530784607,0.25757327675819397,0.17863576678724416
4 m,97.99999799999999,0.14500513672828674,0.2564759850502014,0.15667551414131164
4 m,98.24999799999999,0.160091832280159,0.25537869334220886,0.2060711557406178
4 m,98.49999799999999,0.22367778420448303,0.2542814016342163,0.3082786690467132
4 m,98.74999799999999,0.34463873505592346,0.25318410992622375,0.49174957586108436
4 m,98.99999799999999,0.4659946858882904,0.2520868182182312,0.5610649061703978
4 m,99.24999799999999,0.5168607085943222,0.25098951160907745,0.48117693071080125
4 m,99.49999799999999,0.49681729078292847,0.2498922199010849,0.5474679933423742
4 m,99.74999799999999,0.4224269241094589,0.24879492819309235,0.7218753593627988
4 m,99.99999799999999,0.30784739553928375,0.2476976364850998,0.8065683921522112
4 m,100.24999799999999,0.17944003641605377,0.24660034477710724,0.7057408105330265
4 m,100.49999799999999,0.06880930066108704,0.24550305306911469,0.392232468830485
4 m,100.74999799999999,0.04178078472614288,0.24440574645996094,0.24410627930763662
4 m,100.99999799999999,0.08117330074310303,0.24330845475196838,0.24755602104717467
4 m,101.24999799999999,0.11867338418960571,0.24221116304397583,0.17109566523296296
4 m,101.49999799999999,0.12883605062961578,0.24111387133598328,0.13717290775575064
4 m,101.74999799999999,0.10809968411922455,0.24001657962799072,0.1981944772049357
4 m,101.99999799999999,0.07077248394489288,0.23891928791999817,0.2326286483124817
4 m,102.24999800000002,0.03818334639072418,0.23782198131084442,0.19078026822536623
4 m,102.49999800000002,0.024960920214653015,0.23672468960285187,0.13853374182371356
4 m,102.74999800000002,0.04302944242954254,0.23562739789485931,0.183198805382153
4 m,102.99999800000002,0.06423979997634888,0.23453010618686676,0.18897325509806245
4 m,103.24999800000002,0.090752974152565,0.2334328144788742,0.16025257559468245
4 m,103.49999800000002,0.11542019248008728,0.23233552277088165,0.09872109532380696
4 m,103.74999800000002,0.1420755535364151,0.2312382161617279,0.10927767315433
4 m,103.99999800000002,0.17035619914531708,0.23014092445373535,0.17591638574361543
4 m,104.24999800000002,0.20168502628803253,0.2290436327457428,0.2244269730827798
4 m,104.49999800000002,0.2463258057832718,0.22794634103775024,0.2466317537320649
4 m,104.74999800000002,0.29104892909526825,0.2268490493297577,0.1819775262338014
4 m,104.99999800000002,0.3149101734161377,0.22575175762176514,0.11475408448154208
4 m,105.24999800000002,0.3161969631910324,0.2246544510126114,0.1074560113167819
4 m,105.49999800000002,0.2943180650472641,0.22355715930461884,0.13191442985910207
4 m,105.74999800000002,0.2904469072818756,0.22245986759662628,0.12299115080259158
4 m,105.99999800000002,0.2851405292749405,0.22136257588863373,0.129885489592814
4 m,106.24999800000002,0.24898840487003326,0.22026528418064117,0.1959912274090886
4 m,106.49999800000002,0.21040163934230804,0.21916797757148743,0.25837056994550306
4 m,106.74999800000002,0.16699974238872528,0.21807068586349487,0.3014532083642197
4 m,106.99999800000002,0.12359119951725006,0.21697339415550232,0.30434598126613027
4 m,107.24999800000002,0.10139492154121399,0.21587610244750977,0.2609458447235319
4 m,107.49999800000002,0.08239933848381042,0.2147788107395172,0.19800068473084975
4 m,107.74999800000002,0.0921197235584259,0.21368151903152466,0.19003435824422235
4 m,107.99999800000002,0.11551259458065033,0.2125842124223709,0.1340901882827129
4 m,108.24999800000002,0.12855669856071472,0.21148692071437836,0.11500336946151941
4 m,108.49999800000002,0.14246027171611786,0.2103896290063858,0.11169057953259362
4 m,108.74999800000002,0.13758723437786102,0.20929233729839325,0.11296301166145843
4 m,108.99999800000002,0.11569222807884216,0.2081950455904007,0.0974474473389836
4 m,109.24999800000002,0.10691981017589569,0.20709775388240814,0.09750588409190546
4 m,109.49999800000002,0.10641191899776459,0.2060004472732544,0.09692570990367645
4 m,109.74999800000002,0.08600783348083496,0.20490315556526184,0.13222853403441634
4 m,109.99999800000002,0.04664003849029541,0.2038058638572693,0.15926726574468558
4 m,110.24999800000002,0.010887399315834045,0.20270857214927673,0.14498927727321198
4 m,110.49999800000002,0.004418313503265381,0.20161128044128418,0.14192544750941793
4 m,110.74999800000002,0.02622668445110321,0.20051398873329163,0.2145202206818773
4 m,110.99999800000002,0.07453368604183197,0.19941668212413788,0.33831209901390474
4 m,111.24999800000002,0.13169905543327332,0.19831939041614532,0.39003798658656247
4 m,111.49999800000002,0.18597888946533203,0.19722209870815277,0.3161891286031515
4 m,111.74999800000002,0.21072225272655487,0.19612480700016022,0.2307008044129209
4 m,111.99999800000002,0.21434557437896729,0.19502751529216766,0.2199707642031069
4 m,112.24999800000002,0.18193836510181427,0.1939302235841751,0.24915184381822947
4 m,112.49999800000002,0.1380244493484497,0.19283291697502136,0.20015960137666786
4 m,112.74999800000002,0.12710194289684296,0.1917356252670288,0.15818072570946937
4 m,112.99999800000002,0.15649476647377014,0.19063833355903625,0.24020416822901924
4 m,113.24999800000002,0.19142304360866547,0.1895410418510437,0.2346373554926254
4 m,113.49999799999999,0.19748729467391968,0.18844375014305115,0.21815370053939662
4 m,113.74999799999999,0.17098096013069153,0.1873464584350586,0.276715258246947
4 m,113.99999799999999,0.1463853269815445,0.18624915182590485,0.3154873741024513
4 m,114.24999799999999,0.09663961827754974,0.1851518601179123,0.32796944690145813
4 m,114.49999799999999,0.05216866731643677,0.18405456840991974,0.22877295105662787
4 m,114.74999799999999,0.07423533499240875,0.18295727670192719,0.32801390778182127
4 m,114.99999799999999,0.13526609539985657,0.18185998499393463,0.41343711268168093
4 m,115.24999799999999,0.1670040339231491,0.18076267838478088,0.36314766442315827
4 m,115.49999799999999,0.13963583111763,0.17966538667678833,0.4521156849810079
4 m,115.74999799999999,0.06921382248401642,0.17856809496879578,0.5960842650219169
4 m,115.99999799999999,-0.02413173019886017,0.17747080326080322,0.6824305229067995
4 m,116.24999799999999,-0.12914638221263885,0.17637351155281067,0.5913917728444437
4 m,116.49999799999999,-0.18900065124034882,0.17527621984481812,0.36923998840698863
4 m,116.74999799999999,-0.1365709751844406,0.17417891323566437,0.5602272377871143
4 m,116.99999799999999,0.0,0.17308162152767181,0.7162326085901589
4 m,117.24999799999999,0.1572866141796112,0.17198432981967926,0.7082742187131081
4 m,117.49999799999999,0.2977371960878372,0.1708870381116867,0.5778396291848558
4 m,117.74999799999999,0.40322649478912354,0.16978974640369415,0.3515053566025852
4 m,117.99999799999999,0.48093830049037933,0.1686924546957016,0.16485933687449478
4 m,118.24999799999999,0.5170490741729736,0.16759514808654785,0.1527979051740568
4 m,118.49999799999999,0.45840713381767273,0.1664978563785553,0.38493269610536085
4 m,118.74999799999999,0.32562899589538574,0.16540056467056274,0.733747358963134
4 m,118.99999799999999,0.15720055997371674,0.1643032729625702,0.9428173855996816
4 m,119.24999799999999,-0.022833913564682007,0.16320598125457764,0.9750167748725806
4 m,119.49999799999999,-0.18758346140384674,0.16210868954658508,0.8345746912285347
4 m,119.74999799999999,-0.3254086971282959,0.16101138293743134,0.49052452607620095
4 m,119.99999799999999,-0.3913465440273285,0.15991409122943878,0.19180978068119137
4 m,120.24999799999999,-0.3575010597705841,0.15881679952144623,0.21110361429094898
4 m,120.49999799999999,-0.31184762716293335,0.15771950781345367,0.13956499397066227
4 m,120.74999799999999,-0.29369617998600006,0.15662221610546112,0.08684089772531108
4 m,120.99999799999999,-0.28347453474998474,0.15552492439746857,0.06985746244994555
4 m,121.24999799999999,-0.27184538543224335,0.15442761778831482,0.0778902653073097
4 m,121.49999799999999,-0.2593872994184494,0.15333032608032227,0.09376113050886196
4 m,121.74999799999999,-0.25449831783771515,0.1522330343723297,0.09278489569533269
4 m,121.99999799999999,-0.25376565754413605,0.15113574266433716,0.09267359094615281
4 m,122.24999799999999,-0.23716798424720764,0.1500384509563446,0.09197495087651641
4 m,122.49999799999999,-0.2118893712759018,0.14894114434719086,0.09463457700757867
4 m,122.74999799999999,-0.19367273151874542,0.1478438526391983,0.11332127882835781
4 m,122.99999799999999,-0.18385834991931915,0.14674656093120575,0.11703492616607374
4 m,123.24999799999999,-0.1626063585281372,0.1456492692232132,0.11542266238344692
4 m,123.49999799999999,-0.14081333577632904,0.14455197751522064,0.06955746901045286
4 m,123.74999799999999,-0.132827028632164,0.1434546858072281,0.0429644489005486
4 m,123.99999799999999,-0.15268784761428833,0.14235737919807434,0.11382956479955798
4 m,124.24999799999999,-0.18274381756782532,0.1412600874900818,0.15399652522764437
4 m,124.49999799999999,-0.17530734837055206,0.14016279578208923,0.1875518597545404
4 m,124.74999799999999,-0.14558373391628265,0.13906550407409668,0.25435959709239037
4 m,124.99999799999999,-0.1229354590177536,0.13796821236610413,0.28008117002590177
4 m,125.24999799999999,-0.07353121042251587,0.13687092065811157,0.3249929841348326
4 m,125.49999799999999,0.008523941040039062,0.13577361404895782,0.3786649941062554
4 m,125.74999799999999,0.08842477202415466,0.13467632234096527,0.29659027811627164
4 m,125.99999799999999,0.11327391862869263,0.13357903063297272,0.22084629982513557
4 m,126.24999799999999,0.09659317135810852,0.13248173892498016,0.23851087306367222
4 m,126.49999799999999,0.09415148198604584,0.1313844472169876,0.23729419364392393
4 m,126.74999799999999,0.08463948965072632,0.13028715550899506,0.24733859391238716
4 m,126.99999799999999,0.03577929735183716,0.1291898488998413,0.2444938159197614
4 m,127.24999799999999,-0.023531123995780945,0.12809255719184875,0.1914859793572146
4 m,127.49999799999999,-0.06737582385540009,0.1269952654838562,0.22619736238116944
4 m,127.74999799999999,-0.11345265805721283,0.12589797377586365,0.30986853413196336
4 m,127.99999800000002,-0.17921246588230133,0.1248006820678711,0.30609075219987975
4 m,128.249998,-0.220251202583313,0.12370339035987854,0.18679051625838217
4 m,128.499998,-0.2476838380098343,0.12260608375072479,0.14371317227756372
4 m,128.749998,-0.2864948511123657,0.12150879204273224,0.21103476814491445
4 m,128.999998,-0.3441770076751709,0.12041150033473969,0.31154037137289625
4 m,129.249998,-0.4005136340856552,0.11931420862674713,0.3625775858037806
4 m,129.499998,-0.44916345179080963,0.11821691691875458,0.3608986170352353
4 m,129.749998,-0.48248350620269775,0.11711962521076202,0.29555501440534276
4 m,129.999998,-0.4856836646795273,0.11602231860160828,0.2834809678999877
4 m,130.249998,-0.44297511875629425,0.11492502689361572,0.3297729119082342
4 m,130.499998,-0.3976917117834091,0.11382773518562317,0.2678187784868257
4 m,130.749998,-0.37530723214149475,0.11273044347763062,0.19854561659003206
4 m,130.999998,-0.3772135078907013,0.11163315176963806,0.20019945425892716
4 m,131.249998,-0.38755936920642853,0.11053584516048431,0.20116102711653175
4 m,131.499998,-0.3980112671852112,0.10943855345249176,0.18081900022529407
4 m,131.749998,-0.3773830682039261,0.1083412617444992,0.2603043448022138
4 m,131.999998,-0.32826921343803406,0.10724397003650665,0.32055236329244247
4 m,132.249998,-0.26317785680294037,0.1061466783285141,0.2952774877153319
4 m,132.499998,-0.20645840466022491,0.10504938662052155,0.21278204143456356
4 m,132.749998,-0.1799130141735077,0.1039520800113678,0.1284038559558081
4 m,132.999998,-0.1884501576423645,0.10285478830337524,0.15765456444801526
4 m,133.249998,-0.22592057287693024,0.10175749659538269,0.2284944062147114
4 m,133.499998,-0.26095612347126007,0.10066020488739014,0.18451808582884704
4 m,133.749998,-0.2786276340484619,0.09956291317939758,0.15468547476921132
4 m,133.999998,-0.29749664664268494,0.09846562147140503,0.12236768761223418
4 m,134.249998,-0.30414481461048126,0.09736831486225128,0.11279432930299199
4 m,134.499998,-0.2952510416507721,0.09627102315425873,0.11277316988059925
4 m,134.749998,-0.31054480373859406,0.09517373144626617,0.1717039484966943
4 m,134.999998,-0.3160308003425598,0.09407643973827362,0.1901300966985518
4 m,135.249998,-0.3012128174304962,0.09297914803028107,0.23606681718478087
4 m,135.499998,-0.28926387429237366,0.09188185632228851,0.24653905338183002
4 m,135.749998,-0.3016657680273056,0.09078454971313477,0.27570783337408633
4 m,135.999998,-0.350602850317955,0.08968725800514221,0.38263054667847257
4 m,136.249998,-0.4104391783475876,0.08858996629714966,0.4601267055482817
4 m,136.499998,-0.45745180547237396,0.0874926745891571,0.48289383632824734
4 m,136.749998,-0.512404590845108,0.08639538288116455,0.3717098130597012
4 m,136.999998,-0.5206155478954315,0.085298091173172,0.3265458907796384
4 m,137.249998,-0.47229109704494476,0.08420078456401825,0.38934414186152927
4 m,137.499998,-0.38215963542461395,0.0831034928560257,0.40552051700226016
4 m,137.749998,-0.28218974173069,0.08200620114803314,0.35376116887486636
4 m,137.999998,-0.198542058467865,0.08090890944004059,0.27956118601127067
4 m,138.249998,-0.16032519936561584,0.07981161773204803,0.1837992058993463
4 m,138.499998,-0.15458151698112488,0.07871432602405548,0.16491071409116706
4 m,138.749998,-0.17420676350593567,0.07761701941490173,0.20094513991361174
4 m,138.999998,-0.21839481592178345,0.07651972770690918,0.3159571456579152
4 m,139.249998,-0.3069691061973572,0.07542243599891663,0.38823217482471695
4 m,139.499998,-0.41153617203235626,0.07432514429092407,0.4147405508624072
4 m,139.749998,-0.5092599838972092,0.07322785258293152,0.37389048758178023
4 m,139.999998,-0.5551799088716507,0.07213054597377777,0.3101815477290834
4 m,140.249998,-0.547822117805481,0.07103325426578522,0.342652066781266
4 m,140.499998,-0.49996963143348694,0.06993596255779266,0.45660253419778185
4 m,140.749998,-0.4382960647344589,0.06883867084980011,0.4471305990378323
4 m,140.999998,-0.39330513775348663,0.06774137914180756,0.3640438314071716
4 m,141.249998,-0.3464800715446472,0.066644087433815,0.27383520074481926
4 m,141.499998,-0.28932757675647736,0.06554678082466125,0.2923803872060418
4 m,141.749998,-0.25815774500370026,0.0644494891166687,0.3320594898778663
4 m,141.999998,-0.24292372167110443,0.06335219740867615,0.34916153136626543
4 m,142.249998,-0.19795240461826324,0.062254905700683594,0.3491807810524114
4 m,142.499998,-0.14489445090293884,0.06115761399269104,0.24484636719873487
4 m,142.749998,-0.13466545939445496,0.060060322284698486,0.2091573418323557
4 m,142.999998,-0.2031063288450241,0.05896301567554474,0.3797303803107967
4 m,143.249998,-0.3093302249908447,0.057865723967552185,0.4440739225053459
4 m,143.499998,-0.3887600004673004,0.05676843225955963,0.43354604564779803
4 m,143.749998,-0.44591185450553894,0.05567114055156708,0.3694412250328631
4 m,143.999998,-0.48012226819992065,0.054573848843574524,0.2598899140485361
4 m,144.249998,-0.4920961260795593,0.05347655713558197,0.22651082223673252
4 m,144.499998,-0.4858924448490143,0.05237925052642822,0.21804391506645307
4 m,144.749998,-0.4780362993478775,0.05128195881843567,0.19201377339494177
4 m,144.999998,-0.4866694211959839,0.050184667110443115,0.20373145458699327
4 m,145.249998,-0.5023130178451538,0.04908737540245056,0.18506777563080912
4 m,145.499998,-0.5135853886604309,0.04799008369445801,0.15681137806780007
4 m,145.749998,-0.5152940005064011,0.046892791986465454,0.14762413631650725
4 m,145.999998,-0.4911929965019226,0.04579548537731171,0.14884630280633052
4 m,146.249998,-0.47601306438446045,0.04469819366931915,0.11046845252561957
4 m,146.499998,-0.4790380895137787,0.0436009019613266,0.12122072936223165
4 m,146.749998,-0.5028882026672363,0.042503610253334045,0.1565171390962802
4 m,146.999998,-0.5101338773965836,0.04140631854534149,0.15654558970482788
4 m,147.249998,-0.48331476747989655,0.04030902683734894,0.24181165711453256
4 m,147.499998,-0.4623889625072479,0.03921172022819519,0.2591193212444886
4 m,147.749998,-0.460259348154068,0.03811442852020264,0.2589038472632416
4 m,147.999998,-0.46559564769268036,0.03701713681221008,0.2726883466947014
4 m,148.249998,-0.46694232523441315,0.03591984510421753,0.2736666138807176
4 m,148.499998,-0.45896434783935547,0.034822553396224976,0.2880595644809516
4 m,148.749998,-0.44583359360694885,0.03372524678707123,0.3257198494896746
4 m,148.999998,-0.40369974076747894,0.032627955079078674,0.41183629582272857
4 m,149.249998,-0.3401644825935364,0.03153066337108612,0.3717629576248583
4 m,149.499998,-0.2902078926563263,0.030433371663093567,0.24198985425045377
4 m,149.749998,-0.27288559079170227,0.029336079955101013,0.17180143305392465
4 m,149.999998,-0.28509269654750824,0.02823878824710846,0.18065813135157818
4 m,150.249998,-0.31330905854701996,0.027141481637954712,0.1598009338913611
4 m,150.499998,-0.36080388724803925,0.026044189929962158,0.16421168165318575
4 m,150.749998,-0.4197440892457962,0.024946898221969604,0.2271114305566357
4 m,150.999998,-0.4788137376308441,0.02384960651397705,0.3186492593930621
4 m,151.249998,-0.5477124452590942,0.022752314805984497,0.3602865133141239
4 m,151.499998,-0.6158180236816406,0.021655023097991943,0.32109327415343875
4 m,151.749998,-0.6645924001932144,0.020557716488838196,0.1951308877567567
4 m,151.999998,-0.6636886298656464,0.019460424780845642,0.20229247751449375
4 m,152.249998,-0.5910541117191315,0.01836313307285309,0.41704137296318355
4 m,152.499998,-0.47001637518405914,0.017265841364860535,0.5921434173915084
4 m,152.749998,-0.3460080027580261,0.01616854965686798,0.5911867701635021
4 m,152.999998,-0.27075041830539703,0.015071257948875427,0.45002292014420747
4 m,153.249998,-0.27725568413734436,0.01397395133972168,0.48035524736427015
4 m,153.499998,-0.3598695546388626,0.012876659631729126,0.6959827956630898
4 m,153.749998,-0.49133843183517456,0.011779367923736572,0.7966748386247733
4 m,153.999998,-0.6357491612434387,0.010682076215744019,0.6646180245668206
4 m,154.249998,-0.7469803541898727,0.009584784507751465,0.38638922548983073
4 m,154.499998,-0.7892183810472488,0.008487492799758911,0.20492337442740355
4 m,154.749998,-0.7536386847496033,0.007390186190605164,0.29900627314365436
4 m,154.999998,-0.6676832139492035,0.00629289448261261,0.36743633610993676
4 m,155.249998,-0.585108146071434,0.005195602774620056,0.32960895545769586
4 m,155.499998,-0.5324781835079193,0.0040983110666275024,0.24348477870837187
4 m,155.749998,-0.4960009753704071,0.0030010193586349487,0.17064229665680822
4 m,155.999998,-0.4712846875190735,0.001903727650642395,0.11907745855761961
4 m,156.249998,-0.478913813829422,0.0008064210414886475,0.13669905799889304
4 m,156.499998,-0.5106555819511414,-0.00029087066650390625,0.1528081757760619
4 m,156.749998,-0.5278634876012802,-0.00138816237449646,0.11770131667417155
4 m,156.999998,-0.5147175937891006,-0.0024854540824890137,0.14775887052173642
4 m,157.249998,-0.49394677579402924,-0.0035827457904815674,0.16136667769388663
4 m,157.499998,-0.48556266725063324,-0.004680052399635315,0.1648269482261282
4 m,157.749998,-0.4761599600315094,-0.005777344107627869,0.15699878277289017
4 m,157.999998,-0.46356818079948425,-0.006874635815620422,0.11746482233487503
4 m,158.249998,-0.46021682024002075,-0.007971927523612976,0.10905656474055714
4 m,158.499998,-0.47315704822540283,-0.00906921923160553,0.08536104532062835
4 m,158.749998,-0.47936731576919556,-0.010166510939598083,0.059500868910749634
4 m,158.999998,-0.47066597640514374,-0.011263817548751831,0.06935603394315337
4 m,159.249998,-0.46128642559051514,-0.012361109256744385,0.057100871620492204
4 m,159.499998,-0.4506116360425949,-0.013458400964736938,0.05023095465618779
4 m,159.749998,-0.4312496483325958,-0.014555692672729492,0.07535294367423306
4 m,159.999998,-0.4122594892978668,-0.015652984380722046,0.10883298958962095
4 m,160.249998,-0.3663156032562256,-0.0167502760887146,0.23230811082623887
4 m,160.499998,-0.27238838374614716,-0.017847582697868347,0.44940793727728096
4 m,160.749998,-0.172101691365242,-0.0189448744058609,0.5032691678323447
4 m,160.999998,-0.0803547352552414,-0.020042166113853455,0.43776034137904996
4 m,161.249998,-0.03188258409500122,-0.02113945782184601,0.33062143272465483
4 m,161.499998,-0.03601127862930298,-0.022236749529838562,0.3437595457684589
4 m,161.749998,-0.06598180532455444,-0.023334041237831116,0.39843037868020825
4 m,161.999998,-0.12719061970710754,-0.024431347846984863,0.3839863397239248
4 m,162.249998,-0.21707545220851898,-0.025528639554977417,0.2571764293893329
4 m,162.499998,-0.3010334372520447,-0.02662593126296997,0.3004465988843271
4 m,162.749998,-0.3922709971666336,-0.027723222970962524,0.37435069863012344
4 m,162.999998,-0.4723151624202728,-0.028820514678955078,0.4233114700495137
4 m,163.249998,-0.5520162433385849,-0.029917806386947632,0.42729759724241206
4 m,163.499998,-0.6130176484584808,-0.03101511299610138,0.2925434521122755
4 m,163.749998,-0.587398424744606,-0.03211240470409393,0.42173497408651905
4 m,163.999998,-0.4820673316717148,-0.03320969641208649,0.6621243819672906
4 m,164.249998,-0.3561116009950638,-0.03430698812007904,0.6872404257571806
4 m,164.499998,-0.2406798005104065,-0.035404279828071594,0.5768994698438008
4 m,164.749998,-0.15741364657878876,-0.03650157153606415,0.40407454262409986
4 m,164.999998,-0.12071627378463745,-0.037598878145217896,0.27081657920416174
4 m,165.249998,-0.13792216777801514,-0.03869616985321045,0.28742539764713115
4 m,165.499998,-0.18722279369831085,-0.039793461561203,0.2050318191242928
4 m,165.749998,-0.21097713708877563,-0.04089075326919556,0.09264409253370216
4 m,165.999998,-0.20782962441444397,-0.04198804497718811,0.09510105297372387
4 m,166.249998,-0.2064472734928131,-0.04308535158634186,0.09983410207878438
4 m,166.499998,-0.22367337346076965,-0.04418264329433441,0.16041672197977797
4 m,166.749998,-0.2604246437549591,-0.045279935002326965,0.2641265890338593
4 m,166.999998,-0.30813363194465637,-0.04637722671031952,0.29599519249366224
4 m,167.249998,-0.368537575006485,-0.04747451841831207,0.28682697695970377
4 m,167.499998,-0.43593889474868774,-0.048571810126304626,0.22834274157679044
4 m,167.749998,-0.4771024137735367,-0.049669116735458374,0.15207169820382382
4 m,167.999998,-0.4871245473623276,-0.05076640844345093,0.10725098841131789
4 m,168.249998,-0.46012331545352936,-0.05186370015144348,0.17260487837952382
4 m,168.499998,-0.4045920968055725,-0.052960991859436035,0.2929182198134384
4 m,168.749998,-0.3213052302598953,-0.05405828356742859,0.43706324805588403
4 m,168.999998,-0.21547642350196838,-0.05515557527542114,0.47113978801937384
4 m,169.249998,-0.1243157833814621,-0.05625288188457489,0.36711889631836775
4 m,169.499998,-0.09043778479099274,-0.057350173592567444,0.2663717669477507
4 m,169.749998,-0.09058065712451935,-0.05844746530056,0.26388862161939797
4 m,169.999998,-0.11742916703224182,-0.05954475700855255,0.3083235870574182
4 m,170.249998,-0.18460719287395477,-0.060642048716545105,0.34274511012702225
4 m,170.499998,-0.28791506588459015,-0.06173934042453766,0.3634782170151519
4 m,170.749998,-0.387401282787323,-0.0628366470336914,0.36248618185340387
4 m,170.999998,-0.47224511206150055,-0.06393393874168396,0.3623440765399378
4 m,171.249998,-0.5263576358556747,-0.06503123044967651,0.32943438877651926
4 m,171.499998,-0.5621016472578049,-0.06612852215766907,0.22678505590479758
4 m,171.749998,-0.5753745883703232,-0.06722581386566162,0.18077883971478514
4 m,171.999998,-0.5661264508962631,-0.06832310557365417,0.1817309221197201
4 m,172.249998,-0.5547139644622803,-0.06942041218280792,0.1516148266738131
4 m,172.499998,-0.5430744290351868,-0.07051770389080048,0.141837891550582
4 m,172.749998,-0.5108605921268463,-0.07161499559879303,0.19939765099385826
4 m,172.999998,-0.46964849531650543,-0.07271228730678558,0.30446436437203156
4 m,173.249998,-0.4107072502374649,-0.07380957901477814,0.4055789689942646
4 m,173.499998,-0.3125341236591339,-0.07490687072277069,0.4758465775541803
4 m,173.749998,-0.2064230889081955,-0.07600417733192444,0.4292528571662392
4 m,173.999998,-0.1310117393732071,-0.07710146903991699,0.25587524467155365
4 m,174.249998,-0.09527772665023804,-0.07819876074790955,0.13226581379990088
4 m,174.499998,-0.08442430198192596,-0.0792960524559021,0.11577911313331034
4 m,174.749998,-0.11110779643058777,-0.08039334416389465,0.2125977233429042
4 m,174.999998,-0.188267782330513,-0.0814906507730484,0.39410397697993144
4 m,175.249998,-0.3026140630245209,-0.08258794248104095,0.4973674796005663
4 m,175.499998,-0.42144036293029785,-0.08368523418903351,0.5484562725592281
4 m,175.749998,-0.526832714676857,-0.08478252589702606,0.5295822725435047
4 m,175.999998,-0.5991676449775696,-0.08587981760501862,0.36590416448604113
4 m,176.249998,-0.6155669242143631,-0.08697710931301117,0.2940449438536762
4 m,176.499998,-0.5741210877895355,-0.08807441592216492,0.3655967803609952
4 m,176.749998,-0.5163867622613907,-0.08917170763015747,0.3408880522874038
4 m,176.999998,-0.4617930054664612,-0.09026899933815002,0.2680613426634485
4 m,177.249998,-0.39568693935871124,-0.09136629104614258,0.21083078154693138
4 m,177.499998,-0.3523750603199005,-0.09246358275413513,0.16265718392114903
4 m,177.749998,-0.35976505279541016,-0.09356087446212769,0.17386096971635423
4 m,177.999998,-0.38511715829372406,-0.09465818107128143,0.2109665723521751
4 m,178.249998,-0.40658003091812134,-0.09575547277927399,0.24308070936063297
4 m,178.499998,-0.4291212409734726,-0.09685276448726654,0.2621107004348783
4 m,178.749998,-0.45735855400562286,-0.0979500561952591,0.23482373734210973
4 m,178.999998,-0.4714384078979492,-0.09904734790325165,0.17586952000864986
4 m,179.249998,-0.4549713730812073,-0.1001446396112442,0.19802706502910858
4 m,179.499998,-0.4195995181798935,-0.10124194622039795,0.1689449988240798
4 m,179.749998,-0.4054972678422928,-0.1023392379283905,0.12669068388863702
4 m,179.999998,-0.4125821590423584,-0.10343652963638306,0.14746892909638776
4 m,180.249998,-0.4007040113210678,-0.10453382134437561,0.18607995155047688
4 m,180.499998,-0.34080490469932556,-0.10563111305236816,0.39523135625780836
4 m,180.749998,-0.2772430330514908,-0.10672840476036072,0.49772550099731433
4 m,180.999998,-0.21100464463233948,-0.10782571136951447,0.4824502107829104
4 m,181.249998,-0.17071442306041718,-0.10892300307750702,0.4116643588158204
4 m,181.499998,-0.159926638007164,-0.11002029478549957,0.377314067946909
4 m,181.749998,-0.19700580835342407,-0.11111758649349213,0.45691324282927726
4 m,181.999998,-0.29463016986846924,-0.11221487820148468,0.48509885689150795
4 m,182.249998,-0.42537498474121094,-0.11331218481063843,0.38574504121794745
4 m,182.499998,-0.5392438322305679,-0.11440947651863098,0.407130643286561
4 m,182.749998,-0.6268230378627777,-0.11550676822662354,0.36767310800402686
4 m,182.999998,-0.6951687783002853,-0.11660405993461609,0.30446314694111914
4 m,183.249998,-0.74622642993927,-0.11770135164260864,0.21040258473140475
4 m,183.499998,-0.7630258798599243,-0.1187986433506012,0.14231191221320114
4 m,183.749998,-0.7544171661138535,-0.11989594995975494,0.15758212838791913
4 m,183.999998,-0.7098420113325119,-0.1209932416677475,0.20783566120536445
4 m,184.249998,-0.6653307974338531,-0.12209053337574005,0.16571761531888135
4 m,184.499998,-0.662834569811821,-0.1231878250837326,0.1662204139111136
4 m,184.749998,-0.684991866350174,-0.12428511679172516,0.23894632895654092
4 m,184.999998,-0.7121376395225525,-0.1253824084997177,0.26862352960867014
4 m,185.249998,-0.7067515701055527,-0.12647971510887146,0.29863500079997446
4 m,185.499998,-0.6411994248628616,-0.127577006816864,0.4983550035459782
4 m,185.749998,-0.5621802061796188,-0.12867429852485657,0.6322497791145816
4 m,185.999998,-0.4792878031730652,-0.12977159023284912,0.6022924855944823
4 m,186.249998,-0.4186331182718277,-0.13086888194084167,0.45856042517322326
4 m,186.499998,-0.4145544171333313,-0.13196617364883423,0.43978142082888366
4 m,186.749998,-0.4788556545972824,-0.13306348025798798,0.554350144052283
4 m,186.999998,-0.5807807892560959,-0.13416077196598053,0.5017853872217265
4 m,187.249998,-0.6688498556613922,-0.13525806367397308,0.2834307048449164
4 m,187.499998,-0.701345905661583,-0.13635535538196564,0.14548915363127957
4 m,187.749998,-0.6832807660102844,-0.1374526470899582,0.1972961846296435
4 m,187.999998,-0.6476756930351257,-0.13854993879795074,0.21272997546249917
4 m,188.249998,-0.616655170917511,-0.1396472454071045,0.1561228011082815
4 m,188.499998,-0.5973451435565948,-0.14074453711509705,0.09523644770207415
4 m,188.749998,-0.5894809365272522,-0.1418418288230896,0.07627822031555992
4 m,188.999998,-0.5869768112897873,-0.14293912053108215,0.07779879616998814
4 m,189.249998,-0.6028772443532944,-0.1440364122390747,0.09740283849642137
4 m,189.499998,-0.6427645832300186,-0.14513370394706726,0.18126623019428223
4 m,189.749998,-0.6919218599796295,-0.146231010556221,0.27133536074988845
4 m,189.999998,-0.7221861332654953,-0.14732830226421356,0.26947552292931604
4 m,190.249998,-0.7341450899839401,-0.14842559397220612,0.24586442811105838
4 m,190.499998,-0.7234096676111221,-0.14952288568019867,0.2786840220076768
4 m,190.749998,-0.699327751994133,-0.15062017738819122,0.3100860192761973
4 m,190.999998,-0.6490605920553207,-0.15171748399734497,0.29976415478630414
4 m,191.249998,-0.5884909182786942,-0.15281477570533752,0.2124245565167269
4 m,191.499998,-0.5469138622283936,-0.15391206741333008,0.08477008801007332
4 m,191.749998,-0.5168749243021011,-0.15500935912132263,0.14341465195757697
4 m,191.999998,-0.4964587837457657,-0.15610665082931519,0.16268417076122996
4 m,192.249998,-0.4909985661506653,-0.15720394253730774,0.15552964943941738
4 m,192.499998,-0.484397292137146,-0.1583012491464615,0.137467577199347
4 m,192.749998,-0.485627219080925,-0.15939854085445404,0.13668248354115475
4 m,192.999998,-0.4994528144598007,-0.1604958325624466,0.14371084062507927
4 m,193.249998,-0.5374003350734711,-0.16159312427043915,0.20919753684560097
4 m,193.499998,-0.6009903252124786,-0.1626904159784317,0.24004140301267105
4 m,193.749998,-0.6468523591756821,-0.16378770768642426,0.2581376985883463
4 m,193.999998,-0.6760322153568268,-0.164885014295578,0.2500135062534645
4 m,194.249998,-0.6899515390396118,-0.16598230600357056,0.21342083154470048
4 m,194.499998,-0.6959032267332077,-0.1670795977115631,0.1948228962053262
4 m,194.749998,-0.6706941276788712,-0.16817688941955566,0.2252820583006493
4 m,194.999998,-0.6107010096311569,-0.16927418112754822,0.23672415686942033
4 m,195.249998,-0.544213742017746,-0.17037147283554077,0.229114519681391
4 m,195.499998,-0.5084885358810425,-0.17146877944469452,0.18375015366019745
4 m,195.749998,-0.5145791918039322,-0.17256607115268707,0.2041283949880156
4 m,195.999998,-0.5458423942327499,-0.17366336286067963,0.26787800940146844
4 m,196.249998,-0.573229193687439,-0.17476065456867218,0.2989748538573424
4 m,196.499998,-0.6049838066101074,-0.17585794627666473,0.2729803067709828
4 m,196.749998,-0.6337894052267075,-0.1769552379846573,0.19610551716573663
4 m,196.999998,-0.6408705711364746,-0.17805254459381104,0.1670317780401444
4 m,197.249998,-0.5972316116094589,-0.1791498363018036,0.2386491099136358
4 m,197.499998,-0.5392758250236511,-0.18024712800979614,0.2131594972536558
4 m,197.749998,-0.5069306790828705,-0.1813444197177887,0.15075827226711097
4 m,197.999998,-0.49878256022930145,-0.18244171142578125,0.12963058987053272
4 m,198.249998,-0.49243924021720886,-0.1835390031337738,0.12066464717866185
4 m,198.499998,-0.48049525916576385,-0.18463630974292755,0.13296496264822716
4 m,198.749998,-0.4571092873811722,-0.1857336014509201,0.18151244772505598
4 m,198.999998,-0.46605007350444794,-0.18683089315891266,0.18783352984146132
4 m,199.249998,-0.4815879762172699,-0.1879281848669052,0.21450138739477714
4 m,199.499998,-0.497902974486351,-0.18902547657489777,0.25180600965068844
4 m,199.749998,-0.5382189154624939,-0.1901227831840515,0.31113855121439155
4 m,199.999998,-0.6084000766277313,-0.19122007489204407,0.33553362514984586
4 m,200.249998,-0.6771817952394485,-0.19231736660003662,0.2678988986526777
4 m,200.499998,-0.6942375302314758,-0.19341465830802917,0.20251040168728296
4 m,200.749998,-0.6469500064849854,-0.19451195001602173,0.32071227046827794
4 m,200.999998,-0.5763275474309921,-0.19560924172401428,0.4230314505961273
4 m,201.249998,-0.5077585279941559,-0.19670654833316803,0.4357664189413676
4 m,201.499998,-0.441239669919014,-0.19780384004116058,0.3446837236284261
4 m,201.749998,-0.4014676511287689,-0.19890113174915314,0.21009051316293595
4 m,201.999998,-0.39902956783771515,-0.1999984234571457,0.1984038819588891
4 m,202.249998,-0.3930848687887192,-0.20109571516513824,0.21531470284840512
4 m,202.499998,-0.38504408299922943,-0.2021930068731308,0.22983329553004359
4 m,202.749998,-0.38144761323928833,-0.20329031348228455,0.24316121128485058
4 m,202.999998,-0.42197568714618683,-0.2043876051902771,0.3820752064912699
4 m,203.249998,-0.4989086836576462,-0.20548489689826965,0.5602887500087927
4 m,203.499998,-0.5975856781005859,-0.2065821886062622,0.6742365416096047
4 m,203.749998,-0.7127705663442612,-0.20767948031425476,0.6463150769896987
4 m,203.999998,-0.8184306770563126,-0.20877677202224731,0.38097353768254316
4 m,204.249998,-0.8489754498004913,-0.20987407863140106,0.2636984208411793
4 m,204.499998,-0.8221269398927689,-0.21097137033939362,0.3287143127940504
4 m,204.749998,-0.743682935833931,-0.21206866204738617,0.3271402904526987
4 m,204.999998,-0.6669733673334122,-0.21316595375537872,0.2911605248099743
4 m,205.249998,-0.6274546235799789,-0.21426324546337128,0.1997487874569949
4 m,205.499998,-0.6249630302190781,-0.21536053717136383,0.18773403889509063
4 m,205.749998,-0.6498320996761322,-0.21645784378051758,0.23379769648730542
4 m,205.999998,-0.6927676498889923,-0.21755513548851013,0.25954194321669616
4 m,206.249998,-0.7123118042945862,-0.21865242719650269,0.21592448162146394
4 m,206.499998,-0.720455065369606,-0.21974971890449524,0.19359635144522505
4 m,206.749998,-0.717661514878273,-0.2208470106124878,0.19638055602651674
4 m,206.999998,-0.6931746155023575,-0.22194430232048035,0.16796824161314036
4 m,207.249998,-0.6837563514709473,-0.2230416089296341,0.13792997624937253
4 m,207.499998,-0.6983431130647659,-0.22413890063762665,0.1770747676342138
4 m,207.749998,-0.7198487520217896,-0.2252361923456192,0.19460396172996128
4 m,207.999998,-0.7591593414545059,-0.22633348405361176,0.11734512923420007
4 m,208.249998,-0.7815361171960831,-0.2274307757616043,0.09020058793333838
4 m,208.499998,-0.7915612906217575,-0.22852808237075806,0.06970357553696435
4 m,208.749998,-0.8050272315740585,-0.2296253740787506,0.06424628371707099
4 m,208.999998,-0.8108871430158615,-0.23072266578674316,0.07347825503501845
4 m,209.249998,-0.8098117560148239,-0.23181995749473572,0.07507063974684809
4 m,209.499998,-0.798601970076561,-0.23291724920272827,0.11412226574154799
4 m,209.749998,-0.7817853391170502,-0.23401454091072083,0.13531244253543293
4 m,209.999998,-0.7644866555929184,-0.23511184751987457,0.13007871282137995
4 m,210.249998,-0.745875284075737,-0.23620913922786713,0.13090703171622123
4 m,210.499998,-0.7048071324825287,-0.23730643093585968,0.1353616535388546
4 m,210.749998,-0.6694139391183853,-0.23840372264385223,0.14731584004264253
4 m,210.999998,-0.6638185083866119,-0.2395010143518448,0.1421079794441708
4 m,211.249998,-0.6658584028482437,-0.24059830605983734,0.14849274677584692
4 m,211.499998,-0.6469772160053253,-0.2416956126689911,0.1485569173144734
4 m,211.749998,-0.6483474373817444,-0.24279290437698364,0.15699599076565177
4 m,211.999998,-0.6918550729751587,-0.2438901960849762,0.2503192585167914
4 m,212.249998,-0.7546094208955765,-0.24498748779296875,0.28739651744312306
4 m,212.499998,-0.7990105152130127,-0.2460847795009613,0.2791400450024723
4 m,212.749998,-0.8209416419267654,-0.24718207120895386,0.2692593401425589
4 m,212.999998,-0.8507703095674515,-0.2482793778181076,0.218580724828815
4 m,213.249998,-0.8687740564346313,-0.24937666952610016,0.15173362618225952
4 m,213.499998,-0.8500015288591385,-0.2504739612340927,0.15290831312210346
4 m,213.749998,-0.8243491500616074,-0.25157125294208527,0.08316425631306293
4 m,213.999998,-0.7966434806585312,-0.2526685446500778,0.09886692513537772
4 m,214.249998,-0.7716670334339142,-0.2537658363580704,0.14617842914749385
4 m,214.499998,-0.7449323683977127,-0.2548631429672241,0.1667876955208839
4 m,214.749998,-0.7096697837114334,-0.2559604346752167,0.1630463944788757
4 m,214.999998,-0.6800591945648193,-0.25705772638320923,0.14573610533265813
4 m,215.249998,-0.6625045984983444,-0.2581550180912018,0.1010897820342622
4 m,215.499998,-0.6637392640113831,-0.25925230979919434,0.09946159303670367
4 m,215.749998,-0.6895222514867783,-0.2603496015071869,0.1226794308314815
4 m,215.999998,-0.7186833769083023,-0.26144690811634064,0.1441582227109207
4 m,216.249998,-0.7510062903165817,-0.2625441998243332,0.15469603231286805
4 m,216.499998,-0.7853558957576752,-0.26364149153232574,0.11821507501790768
4 m,216.749998,-0.8112876564264297,-0.2647387832403183,0.06947196709963477
4 m,216.999998,-0.8279913812875748,-0.26583607494831085,0.054336776531155026
4 m,217.249998,-0.8207323998212814,-0.2669333815574646,0.099072855627078
4 m,217.499998,-0.7697045505046844,-0.26803067326545715,0.2946992431270731
4 m,217.749998,-0.6847845762968063,-0.2691279649734497,0.4468487110295926
4 m,217.999998,-0.5639579743146896,-0.27022525668144226,0.5833926017722582
4 m,218.249998,-0.4125968813896179,-0.2713225483894348,0.6700656017236373
4 m,218.499998,-0.28877903521060944,-0.27241984009742737,0.547456917467883
4 m,218.749998,-0.22713832557201385,-0.2735171467065811,0.3559961761749341
4 m,218.999998,-0.23388007283210754,-0.27461443841457367,0.3700859945029422
4 m,219.249998,-0.2778436243534088,-0.2757117301225662,0.41465751880419205
4 m,219.499998,-0.3235531449317932,-0.2768090218305588,0.394556089575946
4 m,219.749998,-0.40089696645736694,-0.27790631353855133,0.3258832570407007
4 m,219.999998,-0.4973593205213547,-0.2790036052465439,0.2804750009129935
4 m,220.249998,-0.5633304119110107,-0.28010091185569763,0.3501705879574897
4 m,220.499998,-0.6081036776304245,-0.2811982035636902,0.3752082568470565
4 m,220.749998,-0.6342364251613617,-0.28229549527168274,0.33602603103487594
4 m,220.999998,-0.6438366919755936,-0.2833927869796753,0.3065279212246823
4 m,221.249998,-0.6438568979501724,-0.28449007868766785,0.3044615460839096
4 m,221.499998,-0.6351024657487869,-0.2855873703956604,0.28807692488650105
4 m,221.749998,-0.6418000906705856,-0.28668467700481415,0.30934089022778427
4 m,221.999998,-0.6749774813652039,-0.2877819687128067,0.3589205513712921
4 m,222.249998,-0.6879887878894806,-0.28887926042079926,0.3429657824143841
4 m,222.499998,-0.6651352643966675,-0.2899765521287918,0.4251582592806027
4 m,222.749998,-0.6088390052318573,-0.29107384383678436,0.5300030702700765
4 m,222.999998,-0.49079282581806183,-0.2921711355447769,0.6148452515614091
4 m,223.249998,-0.3684046119451523,-0.29326844215393066,0.5089742638210333
4 m,223.499998,-0.2922244220972061,-0.2943657338619232,0.30113156385513434
4 m,223.749998,-0.2969934642314911,-0.29546302556991577,0.32570421464135313
4 m,223.999998,-0.3910485953092575,-0.2965603172779083,0.5327485587719928
4 m,224.249998,-0.514944463968277,-0.2976576089859009,0.6330908121119733
4 m,224.499998,-0.597040593624115,-0.29875490069389343,0.5658698559912042
4 m,224.749998,-0.6270164549350739,-0.2998522073030472,0.46332762768589764
4 m,224.999998,-0.5845542550086975,-0.30094949901103973,0.5777446983728395
4 m,225.249998,-0.49038299918174744,-0.3020467907190323,0.6734622272845132
4 m,225.499998,-0.37032610177993774,-0.30314408242702484,0.6074477546485801
4 m,225.749998,-0.3009844571352005,-0.3042413741350174,0.40262657599549184
4 m,225.999998,-0.3319258838891983,-0.30533868074417114,0.5245880586426099
4 m,226.249998,-0.4434499591588974,-0.3064359724521637,0.6749588456702877
4 m,226.499998,-0.5764636397361755,-0.30753326416015625,0.629074829243502
4 m,226.749998,-0.6740288138389587,-0.3086305558681488,0.48746477644409436
4 m,226.999998,-0.7216753959655762,-0.30972784757614136,0.3326535053933965
4 m,227.249998,-0.711992546916008,-0.3108251392841339,0.3614136678820431
4 m,227.499998,-0.6419704109430313,-0.31192244589328766,0.4007112754624657
4 m,227.749998,-0.5599858611822128,-0.3130197376012802,0.294386093791381
4 m,227.999998,-0.49057067930698395,-0.31411702930927277,0.22010895670198896
4 m,228.249998,-0.44220536947250366,-0.3152143210172653,0.14010230000634913
4 m,228.499998,-0.43339650332927704,-0.3163116127252579,0.10917723098391642
4 m,228.749998,-0.4640856236219406,-0.3174089044332504,0.20465999709213142
4 m,228.999998,-0.5137225836515427,-0.3185062110424042,0.2872190084895865
4 m,229.249998,-0.5594808906316757,-0.31960350275039673,0.29121103898798856
4 m,229.499998,-0.5971583127975464,-0.3207007944583893,0.25204454250265695
4 m,229.749998,-0.6162196099758148,-0.32179808616638184,0.18443908694998196
4 m,229.999998,-0.6044380962848663,-0.3228953778743744,0.210920411743346
4 m,230.249998,-0.5678629279136658,-0.32399266958236694,0.21843543263898577
4 m,230.499998,-0.5410692989826202,-0.3250899761915207,0.15705153341319975
4 m,230.749998,-0.5352590680122375,-0.32618726789951324,0.1331999227529457
4 m,230.999998,-0.5397125631570816,-0.3272845596075058,0.1368388986458052
4 m,231.249998,-0.5325770378112793,-0.32838185131549835,0.15199694697467117
4 m,231.499998,-0.5331359058618546,-0.3294791430234909,0.15111958287855173
4 m,231.749998,-0.5263022482395172,-0.33057643473148346,0.15328549114999107
4 m,231.999998,-0.51896171271801,-0.3316737413406372,0.14597041661582352
4 m,232.249998,-0.5098465532064438,-0.33277103304862976,0.12101236976752087
4 m,232.499998,-0.5036398023366928,-0.3338683247566223,0.10888888816036665
4 m,232.749998,-0.5053528845310211,-0.33496561646461487,0.10480875465482493
4 m,232.999998,-0.5181053578853607,-0.3360629081726074,0.08718403938739318
4 m,233.249998,-0.5223329961299896,-0.33716021478176117,0.09267649825889156
4 m,233.499998,-0.5463032126426697,-0.3382575064897537,0.17438722310344024
4 m,233.749998,-0.5922641009092331,-0.3393547981977463,0.2764780383251657
4 m,233.999998,-0.6506337821483612,-0.34045208990573883,0.31449221135780503
4 m,234.249998,-0.7117214649915695,-0.3415493816137314,0.2592248599537974
4 m,234.499998,-0.7402384132146835,-0.34264667332172394,0.16705557689959183
4 m,234.749998,-0.7384386360645294,-0.3437439799308777,0.1692019305341389
4 m,234.999998,-0.7199090421199799,-0.34484127163887024,0.20435691326735914
4 m,235.249998,-0.6748966127634048,-0.3459385633468628,0.21530058587530881
4 m,235.499998,-0.6242948323488235,-0.34703585505485535,0.1747421764747084
4 m,235.749998,-0.5823546797037125,-0.3481331467628479,0.13742878233155847
4 m,235.999998,-0.5580837726593018,-0.34923043847084045,0.08498092976419407
4 m,236.249998,-0.5620469748973846,-0.3503277450799942,0.09415460145855085
4 m,236.499998,-0.561483234167099,-0.35142503678798676,0.09302429580841164
4 m,236.749998,-0.5577129125595093,-0.3525223284959793,0.09554735239241932
4 m,236.999998,-0.55333112180233,-0.35361962020397186,0.10643313101894655
4 m,237.249998,-0.5494593232870102,-0.3547169119119644,0.11211170293549837
4 m,237.499998,-0.5532250106334686,-0.35581420361995697,0.11702364798684989
4 m,237.749998,-0.5581739693880081,-0.3569115102291107,0.1288595196414246
4 m,237.999998,-0.5656796246767044,-0.35800880193710327,0.1433333589703439
4 m,238.249998,-0.5688612461090088,-0.3591060936450958,0.14919536979554632
4 m,238.499998,-0.5456428229808807,-0.3602033853530884,0.23496529651275622
4 m,238.749998,-0.5099667012691498,-0.36130067706108093,0.29304646254590977
4 m,238.999998,-0.46250690519809723,-0.3623979687690735,0.2931967495451099
4 m,239.249998,-0.4258052557706833,-0.36349527537822723,0.21868396629373604
4 m,239.499998,-0.4041896313428879,-0.3645925670862198,0.15575372045807218
4 m,239.749998,-0.3958166390657425,-0.36568985879421234,0.1393383605248157
4 m,239.999998,-0.4126611649990082,-0.3667871505022049,0.12752254992828072
4 m,240.249998,-0.4376472383737564,-0.36788444221019745,0.06963426288100982
4 m,240.499998,-0.44498659670352936,-0.36898173391819,0.06705306088284987
4 m,240.749998,-0.4459364265203476,-0.37007904052734375,0.06490032619020396
4 m,240.999998,-0.4322955310344696,-0.3711763322353363,0.07365017492304209
4 m,241.249998,-0.42096491158008575,-0.37227362394332886,0.0996563485507586
4 m,241.499998,-0.3908558636903763,-0.3733709156513214,0.18544763126366284
4 m,241.749998,-0.35138553380966187,-0.37446820735931396,0.19242498491491372
4 m,241.999998,-0.3046007752418518,-0.3755655139684677,0.19214407193249147
4 m,242.249998,-0.25358380377292633,-0.37666280567646027,0.18851094169446236
4 m,242.499998,-0.2133016288280487,-0.3777600973844528,0.15747493590431583
4 m,242.749998,-0.20139151811599731,-0.3788573890924454,0.12964275647637308
4 m,242.999998,-0.23336650431156158,-0.3799546808004379,0.26168327181898826
4 m,243.249998,-0.28065061569213867,-0.3810519725084305,0.3083373588563547
4 m,243.499998,-0.30102016031742096,-0.38214927911758423,0.2932088590370269
4 m,243.749998,-0.32693740725517273,-0.3832465708255768,0.24637483013456016
4 m,243.999998,-0.35804222524166107,-0.38434386253356934,0.20405767058070712
4 m,244.249998,-0.38202671706676483,-0.3854411542415619,0.2108385281617629
4 m,244.499998,-0.3905220925807953,-0.38653844594955444,0.22230241599199044
4 m,244.749998,-0.4042617231607437,-0.387635737657547,0.25004856998945946
4 m,244.999998,-0.43103331327438354,-0.38873304426670074,0.21671384430393853
4 m,245.249998,-0.4429311901330948,-0.3898303359746933,0.1636816984111887
4 m,245.499998,-0.41940878331661224,-0.39092762768268585,0.2134468699245733
4 m,245.749998,-0.39008601009845734,-0.3920249193906784,0.19489788587015672
4 m,245.999998,-0.3826551139354706,-0.39312221109867096,0.17544737800148363
4 m,246.249998,-0.40235447883605957,-0.3942195028066635,0.23206913092933296
4 m,246.499998,-0.43911512196063995,-0.39531680941581726,0.2987441310890423
4 m,246.749998,-0.49894142150878906,-0.3964141011238098,0.2947311931759381
4 m,246.999998,-0.559918686747551,-0.39751139283180237,0.20602074405878212
4 m,247.249998,-0.5994272530078888,-0.3986086845397949,0.09815378183336228
4 m,247.499998,-0.6068385392427444,-0.3997059762477875,0.05760769464223871
4 m,247.749998,-0.5894145667552948,-0.40080326795578003,0.11074680630946207
4 m,247.999998,-0.550396129488945,-0.4019005745649338,0.19586852833735305
4 m,248.249998,-0.4853411018848419,-0.40299786627292633,0.3027094818708158
4 m,248.499998,-0.40340855717658997,-0.4040951579809189,0.3658606593905399
4 m,248.749998,-0.31663408875465393,-0.40519244968891144,0.3639894201778477
4 m,248.999998,-0.24585270881652832,-0.406289741396904,0.285986495124735
4 m,249.249998,-0.21189428865909576,-0.40738703310489655,0.1905970132665944
4 m,249.499998,-0.21275050938129425,-0.4084843397140503,0.19224082461455336
4 m,249.749998,-0.24963146448135376,-0.40958163142204285,0.26772932087065826
4 m,249.999998,-0.3167048841714859,-0.4106789231300354,0.30903770009753484
4 m,250.249998,-0.38575056195259094,-0.41177621483802795,0.2770714551099326
4 m,250.499998,-0.4374285638332367,-0.4128735065460205,0.17892277601358025
4 m,250.749998,-0.47002723813056946,-0.41397081315517426,0.09193062166843097
4 m,250.999998,-0.484872967004776,-0.4150681048631668,0.05954142726080152
4 m,251.249998,-0.48836927115917206,-0.41616539657115936,0.052765843014173794
4 m,251.499998,-0.4672563225030899,-0.4172626882791519,0.12230555133789743
4 m,251.749998,-0.43360403180122375,-0.41835997998714447,0.15235822576097127
4 m,251.999998,-0.40384797751903534,-0.419457271695137,0.1630143968300942
4 m,252.249998,-0.35856272280216217,-0.42055457830429077,0.22977157194052594
4 m,252.499998,-0.2844460904598236,-0.4216518700122833,0.3051551063656642
4 m,252.749998,-0.2059861719608307,-0.4227491617202759,0.3188096741429972
4 m,252.999998,-0.13262991607189178,-0.42384645342826843,0.31391819657564046
4 m,253.249998,-0.06841805577278137,-0.424943745136261,0.3007167369553307
4 m,253.499998,-0.022984221577644348,-0.42604103684425354,0.207669494490831
4 m,253.749998,-0.005475744605064392,-0.4271383434534073,0.13149101786827075
4 m,253.999998,-0.03486625850200653,-0.42823563516139984,0.2167385643349898
4 m,254.249998,-0.10623903572559357,-0.4293329268693924,0.3344615029642862
4 m,254.499998,-0.17828680574893951,-0.43043021857738495,0.36495258204664444
4 m,254.749998,-0.24460609257221222,-0.4315275102853775,0.306606930457105
4 m,254.999998,-0.2940022647380829,-0.43262480199337006,0.18201893589612944
4 m,255.249998,-0.3102615475654602,-0.4337221086025238,0.13427287297412888
4 m,255.499998,-0.3140612840652466,-0.43481940031051636,0.12439755114345818
4 m,255.749998,-0.3047632724046707,-0.4359166920185089,0.1149710422223562
4 m,255.999998,-0.29885488748550415,-0.43701398372650146,0.08951307008103933
4 m,256.249998,-0.3177519589662552,-0.438111275434494,0.12929726500173377
4 m,256.499998,-0.3368041217327118,-0.4392085671424866,0.1261176316020513
4 m,256.749998,-0.34013041853904724,-0.4403058737516403,0.11743752221633644
4 m,256.999998,-0.33645476400852203,-0.4414031654596329,0.12609006556849486
4 m,257.249998,-0.32882900536060333,-0.4425004571676254,0.1283330546566037
4 m,257.499998,-0.32266058027744293,-0.443597748875618,0.12041623486022875
4 m,257.749998,-0.31789347529411316,-0.44469504058361053,0.10685948815444889
4 m,257.999998,-0.3231232315301895,-0.4457923322916031,0.1154946883694973
4 m,258.249998,-0.3392747938632965,-0.44688963890075684,0.10468803265151366
4 m,258.499998,-0.35676683485507965,-0.4479869306087494,0.042485081525809515
4 m,258.749998,-0.3590423911809921,-0.44908422231674194,0.028423133681841576
4 m,258.999998,-0.349620521068573,-0.4501815140247345,0.04782338209849904
4 m,259.249998,-0.3292771428823471,-0.45127880573272705,0.0923916358012912
4 m,259.499998,-0.29258257150650024,-0.4523761123418808,0.16590504510502133
4 m,259.749998,-0.23962105810642242,-0.45347340404987335,0.2458570650297234
4 m,259.999998,-0.17693449556827545,-0.4545706957578659,0.2880323382342006
4 m,260.249998,-0.10986162722110748,-0.45566798746585846,0.28593995295763885
4 m,260.499998,-0.05076470971107483,-0.456765279173851,0.22763691443030482
4 m,260.749998,-0.010144218802452087,-0.45786257088184357,0.13312598663191744
4 m,260.999998,0.012630298733711243,-0.4589598774909973,0.05856009731158716
4 m,261.249998,0.0199955552816391,-0.46005716919898987,0.03698424936421737
4 m,261.499998,0.030284196138381958,-0.4611544609069824,0.07265717172845938
4 m,261.749998,0.052610233426094055,-0.462251752614975,0.1344288011035587
4 m,261.999998,0.08020003139972687,-0.46334904432296753,0.16672173791970407
4 m,262.249998,0.1195492297410965,-0.4644463360309601,0.18656089271808715
4 m,262.499998,0.1666380912065506,-0.46554364264011383,0.17720489964284997
4 m,262.749998,0.21542948484420776,-0.4666409343481064,0.17767355052151368
4 m,262.999998,0.25264614820480347,-0.46773822605609894,0.13524739769071725
4 m,263.249998,0.24664278328418732,-0.4688355177640915,0.17000000159483664
4 m,263.499998,0.18517491221427917,-0.46993280947208405,0.39056731868004757
4 m,263.749998,0.07784560322761536,-0.4710301011800766,0.6127142199844019
4 m,263.999998,-0.050742700695991516,-0.47212740778923035,0.6751834869734679
4 m,264.249998,-0.1687975525856018,-0.4732246994972229,0.5693741971155045
4 m,264.499998,-0.2553442269563675,-0.47432199120521545,0.36268326029309533
4 m,264.749998,-0.2702866792678833,-0.475419282913208,0.2963455922710972
4 m,264.999998,-0.21255548298358917,-0.47651657462120056,0.42881323735586113
4 m,265.249998,-0.1213228702545166,-0.4776138663291931,0.43266582049933894
4 m,265.499998,-0.03650513291358948,-0.47871117293834686,0.3206589226182485
4 m,265.749998,0.004288196563720703,-0.4798084646463394,0.20334232012330355
4 m,265.999998,0.0029127001762390137,-0.48090575635433197,0.20830074270836305
4 m,266.249998,-0.023089736700057983,-0.4820030480623245,0.2545025817044797
4 m,266.499998,-0.0646500438451767,-0.4831003397703171,0.21793091138833184
4 m,266.749998,-0.10138244926929474,-0.48419763147830963,0.13914792937104759
4 m,266.999998,-0.1306687593460083,-0.4852949380874634,0.10035349881434423
4 m,267.249998,-0.1420889049768448,-0.48639222979545593,0.07922955796201746
4 m,267.499998,-0.11491183936595917,-0.4874895215034485,0.16109054223262934
4 m,267.749998,-0.05068448185920715,-0.48858681321144104,0.31376682907646497
4 m,267.999998,0.021639764308929443,-0.4896841049194336,0.40110775775993035
4 m,268.249998,0.08522503077983856,-0.49078141152858734,0.4009209149643369
4 m,268.499998,0.13194283843040466,-0.4918787032365799,0.3168247022552239
4 m,268.749998,0.1575096845626831,-0.49297599494457245,0.2292626867131098
4 m,268.999998,0.15256895124912262,-0.494073286652565,0.23170077311455364
4 m,269.249998,0.1276429295539856,-0.49517057836055756,0.21150521085728677
4 m,269.499998,0.10969412326812744,-0.4962678700685501,0.14560171064196759
4 m,269.749998,0.10134953260421753,-0.49736517667770386,0.12963060214201602
4 m,269.999998,0.09939427673816681,-0.4984624683856964,0.1322340780518069
4 m,270.249998,0.1055319756269455,-0.49955976009368896,0.11976195185187263
4 m,270.499998,0.10246676206588745,-0.5006570518016815,0.12112573116311212
4 m,270.749998,0.08898229897022247,-0.5017543435096741,0.11522923326222868
4 m,270.999998,0.06991502642631531,-0.5028516352176666,0.09085631688529909
4 m,271.249998,0.04895293712615967,-0.5039489418268204,0.07391914095250514
4 m,271.499998,0.051549941301345825,-0.5050462335348129,0.07331583292158356
4 m,271.749998,0.06265406310558319,-0.5061435252428055,0.08941396220364134
4 m,271.999998,0.07137322425842285,-0.507240816950798,0.11196897358041025
4 m,272.249998,0.09275408089160919,-0.5083381086587906,0.14488826447298386
4 m,272.499998,0.115092933177948,-0.5094354003667831,0.1385690290960679
4 m,272.749998,0.12809020280838013,-0.5105327069759369,0.1067118213218934
4 m,272.999998,0.12707170844078064,-0.5116299986839294,0.10950054860224259
4 m,273.249998,0.11021095514297485,-0.512727290391922,0.12455581296071529
4 m,273.499998,0.10376952588558197,-0.5138245820999146,0.11268641938896165
4 m,273.749998,0.11228066682815552,-0.5149218738079071,0.13700692320453733
4 m,273.999998,0.1295260787010193,-0.5160191655158997,0.17270993481955751
4 m,274.249998,0.1711726039648056,-0.5171164721250534,0.23079596068336253
4 m,274.499998,0.24723032116889954,-0.518213763833046,0.31196997263043447
4 m,274.749998,0.31107060611248016,-0.5193110555410385,0.27535897155676053
4 m,274.999998,0.34403160214424133,-0.5204083472490311,0.20954986917546953
4 m,275.249998,0.33078891038894653,-0.5215056389570236,0.25286526188939007
4 m,275.499998,0.28438717126846313,-0.5226029306650162,0.37425433128775737
4 m,275.749998,0.21624945104122162,-0.5237002372741699,0.4492001300371714
4 m,275.999998,0.139713853597641,-0.5247975289821625,0.39867688428331727
4 m,276.249998,0.07239620387554169,-0.525894820690155,0.20464499760420993
4 m,276.499998,0.03394287824630737,-0.5269921123981476,0.11794176618897653
4 m,276.749998,0.011847853660583496,-0.5280894041061401,0.10200722788986821
4 m,276.999998,0.02602386474609375,-0.5291867107152939,0.12915708139416163
4 m,277.249998,0.06586508452892303,-0.5302840024232864,0.20383670544797441
4 m,277.499998,0.11323696374893188,-0.531381294131279,0.28250715692648143
4 m,277.749998,0.17105446755886078,-0.5324785858392715,0.3507908377950388
4 m,277.999998,0.21404914557933807,-0.5335758775472641,0.31693407986883254
4 m,278.249998,0.24661268293857574,-0.5346731692552567,0.21852852798040887
4 m,278.499998,0.2635082006454468,-0.5357704758644104,0.17129139295560988
4 m,278.749998,0.2523537427186966,-0.536867767572403,0.1662576262840922
4 m,278.999998,0.24546581506729126,-0.5379650592803955,0.15265005354950276
4 m,279.249998,0.2512536197900772,-0.5390623509883881,0.16606940714642754
4 m,279.499998,0.24730685353279114,-0.5401596426963806,0.16549131737775816
4 m,279.749998,0.23748579621315002,-0.5412569344043732,0.206348917681764
4 m,279.999998,0.20192405581474304,-0.5423542410135269,0.2885742922892691
4 m,280.249998,0.16370540857315063,-0.5434515327215195,0.27233560021832814
4 m,280.499998,0.1456170529127121,-0.544548824429512,0.23766945535950823
4 m,280.749998,0.12841813266277313,-0.5456461161375046,0.19695252568408364
4 m,280.999998,0.11734171211719513,-0.5467434078454971,0.1823016591409429
4 m,281.249998,0.11979547142982483,-0.5478406995534897,0.17668549485071117
4 m,281.499998,0.12716136872768402,-0.5489380061626434,0.16121525394681105
4 m,281.749998,0.1282581239938736,-0.550035297870636,0.1586557320295844
4 m,281.999998,0.13387325406074524,-0.5511325895786285,0.1843678877823408
4 m,282.249998,0.17402972280979156,-0.5522298812866211,0.3081738752252929
4 m,282.499998,0.25071392953395844,-0.5533271729946136,0.3944491441713281
4 m,282.749998,0.35915784537792206,-0.5544244647026062,0.4512139652734404
4 m,282.999998,0.46956877410411835,-0.55552177131176,0.43042542070360207
4 m,283.249998,0.535992905497551,-0.5566190630197525,0.3098518286208371
4 m,283.499998,0.5471043437719345,-0.5577163547277451,0.2709654865089235
4 m,283.749998,0.5070930272340775,-0.5588136464357376,0.3801818642853433
4 m,283.999998,0.4417055696249008,-0.5599109381437302,0.43316639582209465
4 m,284.249998,0.37728144228458405,-0.5610082447528839,0.3914383168264242
4 m,284.499998,0.311959907412529,-0.5621055364608765,0.24786125801482015
4 m,284.749998,0.2800185829401016,-0.563202828168869,0.10825586346920218
4 m,284.999998,0.2877334952354431,-0.5643001198768616,0.11525415446931785
4 m,285.249998,0.2903258055448532,-0.5653974115848541,0.10797436408170917
4 m,285.499998,0.2990694046020508,-0.5664947032928467,0.10457798858139765
4 m,285.749998,0.3057350069284439,-0.5675920099020004,0.11407828005228415
4 m,285.999998,0.29751887917518616,-0.568689301609993,0.11234703900172656
4 m,286.249998,0.29329197108745575,-0.5697865933179855,0.11482553395642886
4 m,286.499998,0.2903324216604233,-0.5708838850259781,0.11407494790081281
4 m,286.749998,0.29267996549606323,-0.5719811767339706,0.11379341812520348
4 m,286.999998,0.2816271036863327,-0.5730784684419632,0.14553095645528139
4 m,287.249998,0.2396295666694641,-0.5741757750511169,0.1738955299389692
4 m,287.499998,0.17985975742340088,-0.5752730667591095,0.26200297401765155
4 m,287.749998,0.10724510252475739,-0.576370358467102,0.38749168908612375
4 m,287.999998,0.012385368347167969,-0.5774676501750946,0.43259056268147134
4 m,288.249998,-0.07901763916015625,-0.5785649418830872,0.36958765249898845
4 m,288.499998,-0.14538425207138062,-0.5796622335910797,0.23633069815828084
4 m,288.749998,-0.1640901118516922,-0.5807595402002335,0.17347235082255122
4 m,288.999998,-0.15308336913585663,-0.581856831908226,0.20818319010287553
4 m,289.249998,-0.10573865473270416,-0.5829541236162186,0.26798001557298223
4 m,289.499998,-0.035885751247406006,-0.5840514153242111,0.2872453479643808
4 m,289.749998,0.03208480775356293,-0.5851487070322037,0.24990166886153217
4 m,289.999998,0.07611887156963348,-0.5862459987401962,0.16882970166984748
4 m,290.249998,0.09787392616271973,-0.58734330534935,0.10031721296132602
4 m,290.499998,0.1002563089132309,-0.5884405970573425,0.0914337028480653
4 m,290.749998,0.09522576630115509,-0.5895378887653351,0.09914689941338163
4 m,290.999998,0.08045578002929688,-0.5906351804733276,0.09400757238261756
4 m,291.249998,0.061070650815963745,-0.5917324721813202,0.05556116183243406
4 m,291.499998,0.04705864191055298,-0.5928297638893127,0.0351948456093277
4 m,291.749998,0.0448506623506546,-0.5939270704984665,0.040370521699123585
4 m,291.999998,0.047065719962120056,-0.595024362206459,0.04554613732590296
4 m,292.249998,0.03460374474525452,-0.5961216539144516,0.07493882388961011
4 m,292.499998,0.009116262197494507,-0.5972189456224442,0.13116999125078185
4 m,292.749998,-0.017586395144462585,-0.5983162373304367,0.15729143015981603
4 m,292.999998,-0.028796523809432983,-0.5994135439395905,0.1477343756602189
4 m,293.249998,-0.02283249795436859,-0.600510835647583,0.16298155716088564
4 m,293.499998,-0.009970530867576599,-0.6016081273555756,0.19280252089316313
4 m,293.749998,0.00900481641292572,-0.6027054190635681,0.2083348941715696
4 m,293.999998,0.040503308176994324,-0.6038027107715607,0.16204982843906446
4 m,294.249998,0.07998968660831451,-0.6049000024795532,0.1164056743061999
4 m,294.499998,0.12480176985263824,-0.605997309088707,0.1766404461990582
4 m,294.749998,0.16218502819538116,-0.6070946007966995,0.22812313899508008
4 m,294.999998,0.1851588487625122,-0.6081918925046921,0.21968291992958186
